[13Aug2026 02:00:02.253] [main/INFO] [cpw.mods.modlauncher.Launcher/MODLAUNCHER]: ModLauncher running: args [--launchTarget, forgeclientuserdev, --version, MOD_DEV, --assetIndex, asset-index, --assetsDir, C:\Users\mattw\.gradle\caches\minecraft\assets, --gameDir, ., --fml.forgeVersion, 47.1.106, --fml.fmlVersion, 47.2.2, --fml.mcVersion, 1.20.1, --fml.mcpVersion, 20230612.114412]
[13Aug2026 02:00:02.261] [main/INFO] [cpw.mods.modlauncher.Launcher/MODLAUNCHER]: ModLauncher 10.0.10+10.0.10+main.22f00f84 starting: java version 17.0.20 by Eclipse Adoptium; OS Windows 11 arch amd64 version 10.0
[13Aug2026 02:00:02.321] [main/DEBUG] [cpw.mods.modlauncher.LaunchServiceHandler/MODLAUNCHER]: Found launch services [minecraft,forgeclient,forgegametestserverdev,forgedatauserdev,testharness,forgeserverdev,forgeserveruserdev,forgeclientdev,forgeclientuserdev,forgeserver,forgedatadev,forgegametestserveruserdev]
[13Aug2026 02:00:02.331] [main/DEBUG] [cpw.mods.modlauncher.NameMappingServiceHandler/MODLAUNCHER]: Found naming services : [srgtomcp]
[13Aug2026 02:00:02.346] [main/DEBUG] [cpw.mods.modlauncher.LaunchPluginHandler/MODLAUNCHER]: Found launch plugins: [mixin,eventbus,slf4jfixer,object_holder_definalize,runtime_enum_extender,capability_token_subclass,accesstransformer,runtimedistcleaner]
[13Aug2026 02:00:02.358] [main/DEBUG] [cpw.mods.modlauncher.TransformationServicesHandler/MODLAUNCHER]: Discovering transformation services
[13Aug2026 02:00:02.364] [main/DEBUG] [net.minecraftforge.fml.loading.FMLPaths/CORE]: Path GAMEDIR is C:\Users\mattw\Documents\Git\SampleMod\runs\neoForge1201Client
[13Aug2026 02:00:02.364] [main/DEBUG] [net.minecraftforge.fml.loading.FMLPaths/CORE]: Path MODSDIR is C:\Users\mattw\Documents\Git\SampleMod\runs\neoForge1201Client\mods
[13Aug2026 02:00:02.365] [main/DEBUG] [net.minecraftforge.fml.loading.FMLPaths/CORE]: Path CONFIGDIR is C:\Users\mattw\Documents\Git\SampleMod\runs\neoForge1201Client\config
[13Aug2026 02:00:02.365] [main/DEBUG] [net.minecraftforge.fml.loading.FMLPaths/CORE]: Path FMLCONFIG is C:\Users\mattw\Documents\Git\SampleMod\runs\neoForge1201Client\config\fml.toml
[13Aug2026 02:00:02.392] [main/WARN] [net.minecraftforge.fml.loading.FMLConfig/CORE]: Configuration file C:\Users\mattw\Documents\Git\SampleMod\runs\neoForge1201Client\config\fml.toml is not correct. Correcting
[13Aug2026 02:00:02.394] [main/INFO] [net.minecraftforge.fml.loading.FMLConfig/CORE]: Incorrect key [earlyWindowSkipGLVersions] was corrected from null to []
[13Aug2026 02:00:02.394] [main/INFO] [net.minecraftforge.fml.loading.FMLConfig/CORE]: Incorrect key [earlyWindowSquir] was corrected from null to false
[13Aug2026 02:00:02.400] [main/TRACE] [net.minecraftforge.fml.loading.FMLConfig/CORE]: Loaded FML config from C:\Users\mattw\Documents\Git\SampleMod\runs\neoForge1201Client\config\fml.toml
[13Aug2026 02:00:02.400] [main/TRACE] [net.minecraftforge.fml.loading.FMLConfig/CORE]: FMLConfig earlyWindowControl is true
[13Aug2026 02:00:02.400] [main/TRACE] [net.minecraftforge.fml.loading.FMLConfig/CORE]: FMLConfig maxThreads is 16
[13Aug2026 02:00:02.400] [main/TRACE] [net.minecraftforge.fml.loading.FMLConfig/CORE]: FMLConfig versionCheck is true
[13Aug2026 02:00:02.400] [main/TRACE] [net.minecraftforge.fml.loading.FMLConfig/CORE]: FMLConfig defaultConfigPath is defaultconfigs
[13Aug2026 02:00:02.400] [main/TRACE] [net.minecraftforge.fml.loading.FMLConfig/CORE]: FMLConfig disableOptimizedDFU is true
[13Aug2026 02:00:02.400] [main/TRACE] [net.minecraftforge.fml.loading.FMLConfig/CORE]: FMLConfig earlyWindowProvider is fmlearlywindow
[13Aug2026 02:00:02.400] [main/TRACE] [net.minecraftforge.fml.loading.FMLConfig/CORE]: FMLConfig earlyWindowWidth is 854
[13Aug2026 02:00:02.400] [main/TRACE] [net.minecraftforge.fml.loading.FMLConfig/CORE]: FMLConfig earlyWindowHeight is 480
[13Aug2026 02:00:02.401] [main/TRACE] [net.minecraftforge.fml.loading.FMLConfig/CORE]: FMLConfig earlyWindowFBScale is 1
[13Aug2026 02:00:02.401] [main/TRACE] [net.minecraftforge.fml.loading.FMLConfig/CORE]: FMLConfig earlyWindowMaximized is false
[13Aug2026 02:00:02.401] [main/TRACE] [net.minecraftforge.fml.loading.FMLConfig/CORE]: FMLConfig earlyWindowSkipGLVersions is []
[13Aug2026 02:00:02.401] [main/TRACE] [net.minecraftforge.fml.loading.FMLConfig/CORE]: FMLConfig earlyWindowSquir is false
[13Aug2026 02:00:02.407] [main/DEBUG] [cpw.mods.modlauncher.TransformationServicesHandler/MODLAUNCHER]: Found additional transformation services from discovery services: 
[13Aug2026 02:00:02.418] [main/INFO] [net.minecraftforge.fml.loading.ImmediateWindowHandler/]: Loading ImmediateWindowProvider fmlearlywindow
[13Aug2026 02:00:02.505] [main/INFO] [EARLYDISPLAY/]: Trying GL version 4.6
[13Aug2026 02:00:03.303] [main/INFO] [EARLYDISPLAY/]: Requested GL version 4.6 got version 4.6
[13Aug2026 02:00:03.420] [main/DEBUG] [cpw.mods.modlauncher.TransformationServicesHandler/MODLAUNCHER]: Found transformer services : [mixin,fml]
[13Aug2026 02:00:03.420] [main/DEBUG] [cpw.mods.modlauncher.TransformationServicesHandler/MODLAUNCHER]: Transformation services loading
[13Aug2026 02:00:03.421] [main/DEBUG] [cpw.mods.modlauncher.TransformationServiceDecorator/MODLAUNCHER]: Loading service mixin
[13Aug2026 02:00:03.421] [main/DEBUG] [cpw.mods.modlauncher.TransformationServiceDecorator/MODLAUNCHER]: Loaded service mixin
[13Aug2026 02:00:03.421] [main/DEBUG] [cpw.mods.modlauncher.TransformationServiceDecorator/MODLAUNCHER]: Loading service fml
[13Aug2026 02:00:03.424] [main/DEBUG] [net.minecraftforge.fml.loading.LauncherVersion/CORE]: Found FMLLauncher version 47.2
[13Aug2026 02:00:03.425] [main/DEBUG] [net.minecraftforge.fml.loading.FMLLoader/CORE]: FML 47.2 loading
[13Aug2026 02:00:03.425] [main/DEBUG] [net.minecraftforge.fml.loading.FMLLoader/CORE]: FML found ModLauncher version : 10.0.10+10.0.10+main.22f00f84
[13Aug2026 02:00:03.425] [main/DEBUG] [net.minecraftforge.fml.loading.FMLLoader/CORE]: FML found AccessTransformer version : 8.0.4+66+master.c09db6d7
[13Aug2026 02:00:03.426] [main/DEBUG] [net.minecraftforge.fml.loading.FMLLoader/CORE]: FML found EventBus version : 6.0.5+6.0.5+master.eb8e549b
[13Aug2026 02:00:03.427] [main/DEBUG] [net.minecraftforge.fml.loading.FMLLoader/CORE]: Found Runtime Dist Cleaner
[13Aug2026 02:00:03.432] [main/DEBUG] [net.minecraftforge.fml.loading.FMLLoader/CORE]: FML found CoreMod version : 5.0.1+15+master.dc5a2922
[13Aug2026 02:00:03.433] [main/DEBUG] [net.minecraftforge.fml.loading.FMLLoader/CORE]: Found ForgeSPI package implementation version 7.0.1+7.0.1+master.d2b38bf6
[13Aug2026 02:00:03.433] [main/DEBUG] [net.minecraftforge.fml.loading.FMLLoader/CORE]: Found ForgeSPI package specification 5
[13Aug2026 02:00:03.433] [main/DEBUG] [cpw.mods.modlauncher.TransformationServiceDecorator/MODLAUNCHER]: Loaded service fml
[13Aug2026 02:00:03.435] [main/DEBUG] [cpw.mods.modlauncher.TransformationServicesHandler/MODLAUNCHER]: Configuring option handling for services
[13Aug2026 02:00:03.441] [main/DEBUG] [cpw.mods.modlauncher.TransformationServicesHandler/MODLAUNCHER]: Transformation services initializing
[13Aug2026 02:00:03.441] [main/DEBUG] [cpw.mods.modlauncher.TransformationServiceDecorator/MODLAUNCHER]: Initializing transformation service mixin
[13Aug2026 02:00:03.457] [main/DEBUG] [mixin/]: MixinService [ModLauncher] was successfully booted in cpw.mods.cl.ModuleClassLoader@4b0b0854
[13Aug2026 02:00:03.498] [main/INFO] [mixin/]: SpongePowered MIXIN Subsystem Version=0.8.5 Source=union:/C:/Users/mattw/.gradle/caches/modules-2/files-2.1/org.spongepowered/mixin/0.8.5/9d1c0c3a304ae6697ecd477218fa61b850bf57fc/mixin-0.8.5.jar%23188!/ Service=ModLauncher Env=CLIENT
[13Aug2026 02:00:03.501] [main/DEBUG] [mixin/]: Initialising Mixin Platform Manager
[13Aug2026 02:00:03.501] [main/DEBUG] [mixin/]: Adding mixin platform agents for container ModLauncher Root Container(ModLauncher:4f56a0a2)
[13Aug2026 02:00:03.501] [main/DEBUG] [mixin/]: Instancing new MixinPlatformAgentMinecraftForge for ModLauncher Root Container(ModLauncher:4f56a0a2)
[13Aug2026 02:00:03.502] [main/DEBUG] [mixin/]: MixinPlatformAgentMinecraftForge rejected container ModLauncher Root Container(ModLauncher:4f56a0a2)
[13Aug2026 02:00:03.502] [main/DEBUG] [mixin/]: Instancing new MixinPlatformAgentDefault for ModLauncher Root Container(ModLauncher:4f56a0a2)
[13Aug2026 02:00:03.502] [main/DEBUG] [mixin/]: MixinPlatformAgentDefault accepted container ModLauncher Root Container(ModLauncher:4f56a0a2)
[13Aug2026 02:00:03.504] [main/DEBUG] [cpw.mods.modlauncher.TransformationServiceDecorator/MODLAUNCHER]: Initialized transformation service mixin
[13Aug2026 02:00:03.505] [main/DEBUG] [cpw.mods.modlauncher.TransformationServiceDecorator/MODLAUNCHER]: Initializing transformation service fml
[13Aug2026 02:00:03.505] [main/DEBUG] [net.minecraftforge.fml.loading.FMLServiceProvider/CORE]: Setting up basic FML game directories
[13Aug2026 02:00:03.507] [main/DEBUG] [net.minecraftforge.fml.loading.FMLPaths/CORE]: Path GAMEDIR is C:\Users\mattw\Documents\Git\SampleMod\runs\neoForge1201Client
[13Aug2026 02:00:03.507] [main/DEBUG] [net.minecraftforge.fml.loading.FMLPaths/CORE]: Path MODSDIR is C:\Users\mattw\Documents\Git\SampleMod\runs\neoForge1201Client\mods
[13Aug2026 02:00:03.507] [main/DEBUG] [net.minecraftforge.fml.loading.FMLPaths/CORE]: Path CONFIGDIR is C:\Users\mattw\Documents\Git\SampleMod\runs\neoForge1201Client\config
[13Aug2026 02:00:03.507] [main/DEBUG] [net.minecraftforge.fml.loading.FMLPaths/CORE]: Path FMLCONFIG is C:\Users\mattw\Documents\Git\SampleMod\runs\neoForge1201Client\config\fml.toml
[13Aug2026 02:00:03.507] [main/DEBUG] [net.minecraftforge.fml.loading.FMLServiceProvider/CORE]: Loading configuration
[13Aug2026 02:00:03.511] [main/TRACE] [net.minecraftforge.fml.loading.FMLConfig/CORE]: Loaded FML config from C:\Users\mattw\Documents\Git\SampleMod\runs\neoForge1201Client\config\fml.toml
[13Aug2026 02:00:03.511] [main/TRACE] [net.minecraftforge.fml.loading.FMLConfig/CORE]: FMLConfig earlyWindowControl is true
[13Aug2026 02:00:03.512] [main/TRACE] [net.minecraftforge.fml.loading.FMLConfig/CORE]: FMLConfig maxThreads is 16
[13Aug2026 02:00:03.512] [main/TRACE] [net.minecraftforge.fml.loading.FMLConfig/CORE]: FMLConfig versionCheck is true
[13Aug2026 02:00:03.512] [main/TRACE] [net.minecraftforge.fml.loading.FMLConfig/CORE]: FMLConfig defaultConfigPath is defaultconfigs
[13Aug2026 02:00:03.512] [main/TRACE] [net.minecraftforge.fml.loading.FMLConfig/CORE]: FMLConfig disableOptimizedDFU is true
[13Aug2026 02:00:03.512] [main/TRACE] [net.minecraftforge.fml.loading.FMLConfig/CORE]: FMLConfig earlyWindowProvider is fmlearlywindow
[13Aug2026 02:00:03.513] [main/TRACE] [net.minecraftforge.fml.loading.FMLConfig/CORE]: FMLConfig earlyWindowWidth is 854
[13Aug2026 02:00:03.513] [main/TRACE] [net.minecraftforge.fml.loading.FMLConfig/CORE]: FMLConfig earlyWindowHeight is 480
[13Aug2026 02:00:03.513] [main/TRACE] [net.minecraftforge.fml.loading.FMLConfig/CORE]: FMLConfig earlyWindowFBScale is 1
[13Aug2026 02:00:03.513] [main/TRACE] [net.minecraftforge.fml.loading.FMLConfig/CORE]: FMLConfig earlyWindowMaximized is false
[13Aug2026 02:00:03.513] [main/TRACE] [net.minecraftforge.fml.loading.FMLConfig/CORE]: FMLConfig earlyWindowSkipGLVersions is []
[13Aug2026 02:00:03.513] [main/TRACE] [net.minecraftforge.fml.loading.FMLConfig/CORE]: FMLConfig earlyWindowSquir is false
[13Aug2026 02:00:03.514] [main/DEBUG] [net.minecraftforge.fml.loading.FMLServiceProvider/CORE]: Preparing ModFile
[13Aug2026 02:00:03.547] [main/DEBUG] [net.minecraftforge.fml.loading.FMLServiceProvider/CORE]: Preparing launch handler
[13Aug2026 02:00:03.548] [main/DEBUG] [net.minecraftforge.fml.loading.FMLLoader/CORE]: Using forgeclientuserdev as launch service
[13Aug2026 02:00:03.562] [main/DEBUG] [AXFORM/AXFORM]: Set name handler Service NameHandler from mcp to srg
[13Aug2026 02:00:03.576] [main/DEBUG] [net.minecraftforge.fml.loading.FMLLoader/CORE]: Received command line version data  : VersionInfo[forgeVersion=47.1.106, fmlVersion=47.2.2, mcVersion=1.20.1, mcpVersion=20230612.114412]
[13Aug2026 02:00:03.578] [main/DEBUG] [net.minecraftforge.fml.loading.RuntimeDistCleaner/DISTXFORM]: Configuring for Dist CLIENT
[13Aug2026 02:00:03.580] [main/DEBUG] [cpw.mods.modlauncher.TransformationServiceDecorator/MODLAUNCHER]: Initialized transformation service fml
[13Aug2026 02:00:03.580] [main/DEBUG] [cpw.mods.modlauncher.NameMappingServiceHandler/MODLAUNCHER]: Current naming domain is 'mcp'
[13Aug2026 02:00:03.581] [main/DEBUG] [cpw.mods.modlauncher.NameMappingServiceHandler/MODLAUNCHER]: Identified name mapping providers {srg=srgtomcp:1234}
[13Aug2026 02:00:03.581] [main/DEBUG] [cpw.mods.modlauncher.TransformationServicesHandler/MODLAUNCHER]: Transformation services begin scanning
[13Aug2026 02:00:03.584] [main/DEBUG] [cpw.mods.modlauncher.TransformationServiceDecorator/MODLAUNCHER]: Beginning scan trigger - transformation service mixin
[13Aug2026 02:00:03.585] [main/DEBUG] [cpw.mods.modlauncher.TransformationServiceDecorator/MODLAUNCHER]: End scan trigger - transformation service mixin
[13Aug2026 02:00:03.585] [main/DEBUG] [cpw.mods.modlauncher.TransformationServiceDecorator/MODLAUNCHER]: Beginning scan trigger - transformation service fml
[13Aug2026 02:00:03.585] [main/DEBUG] [net.minecraftforge.fml.loading.FMLServiceProvider/CORE]: Initiating mod scan
[13Aug2026 02:00:03.585] [main/DEBUG] [net.minecraftforge.fml.loading.FMLLoader/SCAN]: Scanning for Mod Locators
[13Aug2026 02:00:03.601] [pool-2-thread-1/INFO] [EARLYDISPLAY/]: GL info: NVIDIA GeForce RTX 4060 Laptop GPU/PCIe/SSE2 GL version 4.6.0 NVIDIA 566.14, NVIDIA Corporation
[13Aug2026 02:00:03.606] [main/DEBUG] [net.minecraftforge.fml.loading.moddiscovery.ModListHandler/CORE]: Found mod coordinates from lists: []
[13Aug2026 02:00:03.611] [main/DEBUG] [net.minecraftforge.fml.loading.moddiscovery.ModDiscoverer/CORE]: Found Mod Locators : (mods folder:47.2),(maven libs:47.2),(exploded directory:47.2),(minecraft:47.2),(userdev classpath:47.2),(builtin game layer libraries:47.2)
[13Aug2026 02:00:03.612] [main/DEBUG] [net.minecraftforge.fml.loading.moddiscovery.ModDiscoverer/CORE]: Found Dependency Locators : (JarInJar:47.2)
[13Aug2026 02:00:03.613] [main/DEBUG] [net.minecraftforge.fml.loading.moddiscovery.ModDiscoverer/SCAN]: Scanning for mods and other resources to load. We know 6 ways to find mods
[13Aug2026 02:00:03.613] [main/DEBUG] [net.minecraftforge.fml.loading.moddiscovery.ModDiscoverer/SCAN]: Trying locator {mods folder locator at C:\Users\mattw\Documents\Git\SampleMod\runs\neoForge1201Client\mods}
[13Aug2026 02:00:03.613] [main/DEBUG] [net.minecraftforge.fml.loading.moddiscovery.ModsFolderLocator/SCAN]: Scanning mods dir C:\Users\mattw\Documents\Git\SampleMod\runs\neoForge1201Client\mods for mods
[13Aug2026 02:00:03.619] [main/DEBUG] [net.minecraftforge.fml.loading.moddiscovery.ModDiscoverer/SCAN]: Locator {mods folder locator at C:\Users\mattw\Documents\Git\SampleMod\runs\neoForge1201Client\mods} found 0 candidates or errors
[13Aug2026 02:00:03.620] [main/DEBUG] [net.minecraftforge.fml.loading.moddiscovery.ModDiscoverer/SCAN]: Locator {mods folder locator at C:\Users\mattw\Documents\Git\SampleMod\runs\neoForge1201Client\mods} found 0 valid mod files
[13Aug2026 02:00:03.623] [main/DEBUG] [net.minecraftforge.fml.loading.moddiscovery.ModDiscoverer/SCAN]: Trying locator {Maven Directory locator for mods []}
[13Aug2026 02:00:03.623] [main/DEBUG] [net.minecraftforge.fml.loading.moddiscovery.ModDiscoverer/SCAN]: Locator {Maven Directory locator for mods []} found 0 candidates or errors
[13Aug2026 02:00:03.623] [main/DEBUG] [net.minecraftforge.fml.loading.moddiscovery.ModDiscoverer/SCAN]: Locator {Maven Directory locator for mods []} found 0 valid mod files
[13Aug2026 02:00:03.623] [main/DEBUG] [net.minecraftforge.fml.loading.moddiscovery.ModDiscoverer/SCAN]: Trying locator {ExplodedDir locator}
[13Aug2026 02:00:03.626] [main/DEBUG] [net.minecraftforge.fml.loading.moddiscovery.ModDiscoverer/SCAN]: Locator {ExplodedDir locator} found 0 candidates or errors
[13Aug2026 02:00:03.626] [main/DEBUG] [net.minecraftforge.fml.loading.moddiscovery.ModDiscoverer/SCAN]: Locator {ExplodedDir locator} found 0 valid mod files
[13Aug2026 02:00:03.626] [main/DEBUG] [net.minecraftforge.fml.loading.moddiscovery.ModDiscoverer/SCAN]: Trying locator net.minecraftforge.fml.loading.moddiscovery.MinecraftLocator@328572f0
[13Aug2026 02:00:03.633] [main/DEBUG] [net.minecraftforge.fml.loading.targets.CommonLaunchHandler/CORE]: Got mod coordinates SampleMod%%C:\Users\mattw\Documents\Git\SampleMod\build\resources\main;SampleMod%%C:\Users\mattw\Documents\Git\SampleMod\build\classes\java\main from env
[13Aug2026 02:00:03.634] [main/DEBUG] [net.minecraftforge.fml.loading.targets.CommonLaunchHandler/CORE]: Found supplied mod coordinates [{SampleMod=[C:\Users\mattw\Documents\Git\SampleMod\build\resources\main, C:\Users\mattw\Documents\Git\SampleMod\build\classes\java\main]}]
[13Aug2026 02:00:04.082] [main/DEBUG] [net.minecraftforge.fml.loading.moddiscovery.ModFileInfo/LOADING]: Found valid mod file forge-1.20.1-47.1.106.jar with {minecraft} mods - versions {1.20.1}
[13Aug2026 02:00:04.089] [main/DEBUG] [net.minecraftforge.fml.loading.moddiscovery.ModFileParser/LOADING]: Considering mod file candidate C:\Users\mattw\.gradle\caches\modules-2\files-2.1\net.neoforged.fancymodloader\core\47.2.2\27c66a2985d8f0226d2b397fdd4bc5f6a5923ac2\core-47.2.2.jar
[13Aug2026 02:00:04.090] [main/WARN] [net.minecraftforge.fml.loading.moddiscovery.ModFileParser/LOADING]: Mod file C:\Users\mattw\.gradle\caches\modules-2\files-2.1\net.neoforged.fancymodloader\core\47.2.2\27c66a2985d8f0226d2b397fdd4bc5f6a5923ac2\core-47.2.2.jar is missing mods.toml file
[13Aug2026 02:00:04.112] [main/DEBUG] [net.minecraftforge.fml.loading.moddiscovery.ModFileParser/LOADING]: Considering mod file candidate C:\Users\mattw\.gradle\caches\modules-2\files-2.1\net.neoforged.fancymodloader\language-java\47.2.2\8fdb1b51a9e5cb1ca82634263039012601b32317\language-java-47.2.2.jar
[13Aug2026 02:00:04.112] [main/WARN] [net.minecraftforge.fml.loading.moddiscovery.ModFileParser/LOADING]: Mod file C:\Users\mattw\.gradle\caches\modules-2\files-2.1\net.neoforged.fancymodloader\language-java\47.2.2\8fdb1b51a9e5cb1ca82634263039012601b32317\language-java-47.2.2.jar is missing mods.toml file
[13Aug2026 02:00:04.117] [main/DEBUG] [net.minecraftforge.fml.loading.moddiscovery.ModFileParser/LOADING]: Considering mod file candidate C:\Users\mattw\.gradle\caches\modules-2\files-2.1\net.neoforged.fancymodloader\language-lowcode\47.2.2\e8f72140a147fea3ca0d75e6548cc505c0b9cc9e\language-lowcode-47.2.2.jar
[13Aug2026 02:00:04.118] [main/WARN] [net.minecraftforge.fml.loading.moddiscovery.ModFileParser/LOADING]: Mod file C:\Users\mattw\.gradle\caches\modules-2\files-2.1\net.neoforged.fancymodloader\language-lowcode\47.2.2\e8f72140a147fea3ca0d75e6548cc505c0b9cc9e\language-lowcode-47.2.2.jar is missing mods.toml file
[13Aug2026 02:00:04.123] [main/DEBUG] [net.minecraftforge.fml.loading.moddiscovery.ModFileParser/LOADING]: Considering mod file candidate C:\Users\mattw\.gradle\caches\modules-2\files-2.1\net.neoforged.fancymodloader\language-minecraft\47.2.2\6b986e48b9fc90aaf550a0445e635983398a41c1\language-minecraft-47.2.2.jar
[13Aug2026 02:00:04.123] [main/WARN] [net.minecraftforge.fml.loading.moddiscovery.ModFileParser/LOADING]: Mod file C:\Users\mattw\.gradle\caches\modules-2\files-2.1\net.neoforged.fancymodloader\language-minecraft\47.2.2\6b986e48b9fc90aaf550a0445e635983398a41c1\language-minecraft-47.2.2.jar is missing mods.toml file
[13Aug2026 02:00:04.137] [main/DEBUG] [net.minecraftforge.fml.loading.moddiscovery.AbstractModProvider/SCAN]: Found META-INF/mods.toml mod of type null: [C:\Users\mattw\Documents\Git\SampleMod\build\resources\main, C:\Users\mattw\Documents\Git\SampleMod\build\classes\java\main]
[13Aug2026 02:00:04.139] [main/DEBUG] [net.minecraftforge.fml.loading.moddiscovery.ModFileParser/LOADING]: Considering mod file candidate C:\Users\mattw\Documents\Git\SampleMod\build\resources\main
[13Aug2026 02:00:04.171] [main/DEBUG] [net.minecraftforge.fml.loading.moddiscovery.ModFileInfo/LOADING]: Found valid mod file main with {samplemod} mods - versions {0.0.1}
[13Aug2026 02:00:04.172] [main/DEBUG] [net.minecraftforge.fml.loading.moddiscovery.AbstractModProvider/SCAN]: Found META-INF/mods.toml mod of type null: []
[13Aug2026 02:00:04.173] [main/DEBUG] [net.minecraftforge.fml.loading.moddiscovery.ModFileParser/LOADING]: Considering mod file candidate /
[13Aug2026 02:00:04.180] [main/DEBUG] [net.minecraftforge.fml.loading.moddiscovery.ModFileInfo/LOADING]: Found valid mod file  with {forge} mods - versions {47.1.106}
[13Aug2026 02:00:04.180] [main/DEBUG] [net.minecraftforge.fml.loading.moddiscovery.ModDiscoverer/SCAN]: Locator net.minecraftforge.fml.loading.moddiscovery.MinecraftLocator@328572f0 found 7 candidates or errors
[13Aug2026 02:00:04.180] [main/DEBUG] [net.minecraftforge.fml.loading.moddiscovery.ModDiscoverer/SCAN]: Locator net.minecraftforge.fml.loading.moddiscovery.MinecraftLocator@328572f0 found 7 valid mod files
[13Aug2026 02:00:04.180] [main/INFO] [net.minecraftforge.fml.loading.moddiscovery.ModDiscoverer/SCAN]: Found mod file "core-47.2.2.jar" of type LIBRARY with provider net.minecraftforge.fml.loading.moddiscovery.MinecraftLocator@328572f0
[13Aug2026 02:00:04.181] [main/INFO] [net.minecraftforge.fml.loading.moddiscovery.ModDiscoverer/SCAN]: Found mod file "language-java-47.2.2.jar" of type LANGPROVIDER with provider net.minecraftforge.fml.loading.moddiscovery.MinecraftLocator@328572f0
[13Aug2026 02:00:04.181] [main/INFO] [net.minecraftforge.fml.loading.moddiscovery.ModDiscoverer/SCAN]: Found mod file "language-lowcode-47.2.2.jar" of type LANGPROVIDER with provider net.minecraftforge.fml.loading.moddiscovery.MinecraftLocator@328572f0
[13Aug2026 02:00:04.181] [main/INFO] [net.minecraftforge.fml.loading.moddiscovery.ModDiscoverer/SCAN]: Found mod file "language-minecraft-47.2.2.jar" of type LANGPROVIDER with provider net.minecraftforge.fml.loading.moddiscovery.MinecraftLocator@328572f0
[13Aug2026 02:00:04.181] [main/INFO] [net.minecraftforge.fml.loading.moddiscovery.ModDiscoverer/SCAN]: Found mod file "forge-1.20.1-47.1.106.jar" of type MOD with provider net.minecraftforge.fml.loading.moddiscovery.MinecraftLocator@328572f0
[13Aug2026 02:00:04.181] [main/INFO] [net.minecraftforge.fml.loading.moddiscovery.ModDiscoverer/SCAN]: Found mod file "main" of type MOD with provider net.minecraftforge.fml.loading.moddiscovery.MinecraftLocator@328572f0
[13Aug2026 02:00:04.181] [main/INFO] [net.minecraftforge.fml.loading.moddiscovery.ModDiscoverer/SCAN]: Found mod file "" of type MOD with provider net.minecraftforge.fml.loading.moddiscovery.MinecraftLocator@328572f0
[13Aug2026 02:00:04.182] [main/DEBUG] [net.minecraftforge.fml.loading.moddiscovery.ModDiscoverer/SCAN]: Trying locator net.minecraftforge.fml.loading.moddiscovery.ClasspathLocator@99a65d3
[13Aug2026 02:00:04.210] [main/DEBUG] [net.minecraftforge.fml.loading.moddiscovery.AbstractModProvider/SCAN]: Found META-INF/mods.toml mod of type null: [C:\Users\mattw\Documents\Git\UMAPI\platforms\neoforge-1.20.1\build\libs\neoforge-1.20.1-0.0.1.jar]
[13Aug2026 02:00:04.210] [main/DEBUG] [net.minecraftforge.fml.loading.moddiscovery.ModFileParser/LOADING]: Considering mod file candidate C:\Users\mattw\Documents\Git\UMAPI\platforms\neoforge-1.20.1\build\libs\neoforge-1.20.1-0.0.1.jar
[13Aug2026 02:00:04.212] [main/DEBUG] [net.minecraftforge.fml.loading.moddiscovery.ModFileInfo/LOADING]: Found valid mod file neoforge-1.20.1-0.0.1.jar with {umapi} mods - versions {0.0.1}
[13Aug2026 02:00:04.217] [main/DEBUG] [net.minecraftforge.fml.loading.moddiscovery.AbstractModProvider/SCAN]: Found META-INF/mods.toml mod of type null: [C:\Users\mattw\Documents\Git\UMAPI\platforms\neoforge-1.20.1\build\libs\neoforge-1.20.1-0.0.1.jar]
[13Aug2026 02:00:04.217] [main/DEBUG] [net.minecraftforge.fml.loading.moddiscovery.ModFileParser/LOADING]: Considering mod file candidate C:\Users\mattw\Documents\Git\UMAPI\platforms\neoforge-1.20.1\build\libs\neoforge-1.20.1-0.0.1.jar
[13Aug2026 02:00:04.218] [main/DEBUG] [net.minecraftforge.fml.loading.moddiscovery.ModFileInfo/LOADING]: Found valid mod file neoforge-1.20.1-0.0.1.jar with {umapi} mods - versions {0.0.1}
[13Aug2026 02:00:04.224] [main/DEBUG] [net.minecraftforge.fml.loading.moddiscovery.ModDiscoverer/SCAN]: Locator net.minecraftforge.fml.loading.moddiscovery.ClasspathLocator@99a65d3 found 3 candidates or errors
[13Aug2026 02:00:04.225] [main/DEBUG] [net.minecraftforge.fml.loading.moddiscovery.ModDiscoverer/SCAN]: Locator net.minecraftforge.fml.loading.moddiscovery.ClasspathLocator@99a65d3 found 1 invalid mod files
[13Aug2026 02:00:04.228] [main/DEBUG] [net.minecraftforge.fml.loading.moddiscovery.ModDiscoverer/SCAN]: Locator net.minecraftforge.fml.loading.moddiscovery.ClasspathLocator@99a65d3 found 2 valid mod files
[13Aug2026 02:00:04.229] [main/INFO] [net.minecraftforge.fml.loading.moddiscovery.ModDiscoverer/SCAN]: Found mod file "neoforge-1.20.1-0.0.1.jar" of type MOD with provider net.minecraftforge.fml.loading.moddiscovery.ClasspathLocator@99a65d3
[13Aug2026 02:00:04.229] [main/INFO] [net.minecraftforge.fml.loading.moddiscovery.ModDiscoverer/SCAN]: Found mod file "neoforge-1.20.1-0.0.1.jar" of type MOD with provider net.minecraftforge.fml.loading.moddiscovery.ClasspathLocator@99a65d3
[13Aug2026 02:00:04.229] [main/DEBUG] [net.minecraftforge.fml.loading.moddiscovery.ModDiscoverer/SCAN]: Trying locator net.minecraftforge.fml.loading.moddiscovery.BuiltinGameLibraryLocator@32639b12
[13Aug2026 02:00:04.234] [main/DEBUG] [net.minecraftforge.fml.loading.moddiscovery.AbstractModProvider/SCAN]: Found META-INF/MANIFEST.MF mod of type GAMELIBRARY: [C:\Users\mattw\.gradle\caches\modules-2\files-2.1\net.neoforged.fancymodloader\events\47.2.2\7cd6d6112be32a3f0d806ccf164ff9c1d21c7a27\events-47.2.2.jar]
[13Aug2026 02:00:04.245] [main/DEBUG] [net.minecraftforge.fml.loading.moddiscovery.ModDiscoverer/SCAN]: Locator net.minecraftforge.fml.loading.moddiscovery.BuiltinGameLibraryLocator@32639b12 found 1 candidates or errors
[13Aug2026 02:00:04.245] [main/DEBUG] [net.minecraftforge.fml.loading.moddiscovery.ModDiscoverer/SCAN]: Locator net.minecraftforge.fml.loading.moddiscovery.BuiltinGameLibraryLocator@32639b12 found 1 valid mod files
[13Aug2026 02:00:04.246] [main/INFO] [net.minecraftforge.fml.loading.moddiscovery.ModDiscoverer/SCAN]: Found mod file "events-47.2.2.jar" of type GAMELIBRARY with provider net.minecraftforge.fml.loading.moddiscovery.BuiltinGameLibraryLocator@32639b12
[13Aug2026 02:00:04.295] [main/DEBUG] [net.minecraftforge.fml.loading.UniqueModListBuilder/]: Found 2 mods for first modid umapi, selecting most recent based on version data
[13Aug2026 02:00:04.302] [main/DEBUG] [net.minecraftforge.fml.loading.UniqueModListBuilder/]: Selected file neoforge-1.20.1-0.0.1.jar for modid umapi with version 0.0.1
[13Aug2026 02:00:04.322] [main/DEBUG] [net.minecraftforge.fml.loading.moddiscovery.ModDiscoverer/SCAN]: Successfully Loaded 9 mods. Attempting to load dependencies...
[13Aug2026 02:00:04.323] [main/DEBUG] [net.minecraftforge.fml.loading.moddiscovery.ModDiscoverer/SCAN]: Trying locator net.minecraftforge.fml.loading.moddiscovery.JarInJarDependencyLocator@3249a1ce
[13Aug2026 02:00:04.350] [main/DEBUG] [net.minecraftforge.fml.loading.moddiscovery.AbstractJarFileDependencyLocator/]: Failed to load resource META-INF\jarjar\metadata.json from forge-1.20.1-47.1.106.jar, it does not contain dependency information.
[13Aug2026 02:00:04.351] [main/DEBUG] [net.minecraftforge.fml.loading.moddiscovery.AbstractJarFileDependencyLocator/]: Failed to load resource META-INF\jarjar\metadata.json from neoforge-1.20.1-0.0.1.jar, it does not contain dependency information.
[13Aug2026 02:00:04.351] [main/DEBUG] [net.minecraftforge.fml.loading.moddiscovery.AbstractJarFileDependencyLocator/]: Failed to load resource META-INF\jarjar\metadata.json from , it does not contain dependency information.
[13Aug2026 02:00:04.351] [main/DEBUG] [net.minecraftforge.fml.loading.moddiscovery.AbstractJarFileDependencyLocator/]: Failed to load resource META-INF\jarjar\metadata.json from events-47.2.2.jar, it does not contain dependency information.
[13Aug2026 02:00:04.351] [main/DEBUG] [net.minecraftforge.fml.loading.moddiscovery.AbstractJarFileDependencyLocator/]: Failed to load resource META-INF\jarjar\metadata.json from main, it does not contain dependency information.
[13Aug2026 02:00:04.351] [main/DEBUG] [net.minecraftforge.fml.loading.moddiscovery.AbstractJarFileDependencyLocator/]: Failed to load resource META-INF\jarjar\metadata.json from language-lowcode-47.2.2.jar, it does not contain dependency information.
[13Aug2026 02:00:04.351] [main/DEBUG] [net.minecraftforge.fml.loading.moddiscovery.AbstractJarFileDependencyLocator/]: Failed to load resource META-INF\jarjar\metadata.json from core-47.2.2.jar, it does not contain dependency information.
[13Aug2026 02:00:04.351] [main/DEBUG] [net.minecraftforge.fml.loading.moddiscovery.AbstractJarFileDependencyLocator/]: Failed to load resource META-INF\jarjar\metadata.json from language-minecraft-47.2.2.jar, it does not contain dependency information.
[13Aug2026 02:00:04.351] [main/DEBUG] [net.minecraftforge.fml.loading.moddiscovery.AbstractJarFileDependencyLocator/]: Failed to load resource META-INF\jarjar\metadata.json from language-java-47.2.2.jar, it does not contain dependency information.
[13Aug2026 02:00:04.405] [main/INFO] [net.minecraftforge.fml.loading.moddiscovery.JarInJarDependencyLocator/]: No dependencies to load found. Skipping!
[13Aug2026 02:00:04.410] [main/DEBUG] [net.minecraftforge.fml.loading.moddiscovery.ModFileInfo/LOADING]: Found valid mod file forge-1.20.1-47.1.106.jar with {minecraft} mods - versions {1.20.1}
[13Aug2026 02:00:04.415] [main/DEBUG] [net.minecraftforge.fml.loading.moddiscovery.ModFile/LOADING]: Loading mod file C:\Users\mattw\Documents\Git\SampleMod\.gradle\repositories\ng_dummy_ng\net\neoforged\forge\1.20.1-47.1.106\forge-1.20.1-47.1.106.jar with languages [LanguageSpec[languageName=minecraft, acceptedVersions=1]]
[13Aug2026 02:00:04.416] [main/DEBUG] [net.minecraftforge.fml.loading.moddiscovery.ModFileParser/LOADING]: Considering mod file candidate C:\Users\mattw\Documents\Git\UMAPI\platforms\neoforge-1.20.1\build\libs\neoforge-1.20.1-0.0.1.jar
[13Aug2026 02:00:04.417] [main/DEBUG] [net.minecraftforge.fml.loading.moddiscovery.ModFileInfo/LOADING]: Found valid mod file neoforge-1.20.1-0.0.1.jar with {umapi} mods - versions {0.0.1}
[13Aug2026 02:00:04.417] [main/DEBUG] [net.minecraftforge.fml.loading.moddiscovery.ModFile/LOADING]: Loading mod file C:\Users\mattw\Documents\Git\UMAPI\platforms\neoforge-1.20.1\build\libs\neoforge-1.20.1-0.0.1.jar with languages [LanguageSpec[languageName=javafml, acceptedVersions=[47,)]]
[13Aug2026 02:00:04.417] [main/DEBUG] [net.minecraftforge.fml.loading.moddiscovery.ModFileParser/LOADING]: Considering mod file candidate /
[13Aug2026 02:00:04.418] [main/DEBUG] [net.minecraftforge.fml.loading.moddiscovery.ModFileInfo/LOADING]: Found valid mod file  with {forge} mods - versions {47.1.106}
[13Aug2026 02:00:04.418] [main/DEBUG] [net.minecraftforge.fml.loading.moddiscovery.ModFile/LOADING]: Loading mod file / with languages [LanguageSpec[languageName=javafml, acceptedVersions=[24,]]]
[13Aug2026 02:00:04.512] [main/DEBUG] [net.minecraftforge.fml.loading.moddiscovery.ModFileParser/LOADING]: Found coremod field_to_method with Javascript path coremods/field_to_method.js
[13Aug2026 02:00:04.512] [main/DEBUG] [net.minecraftforge.fml.loading.moddiscovery.ModFileParser/LOADING]: Found coremod field_to_instanceof with Javascript path coremods/field_to_instanceof.js
[13Aug2026 02:00:04.512] [main/DEBUG] [net.minecraftforge.fml.loading.moddiscovery.ModFileParser/LOADING]: Found coremod add_bouncer_method with Javascript path coremods/add_bouncer_method.js
[13Aug2026 02:00:04.512] [main/DEBUG] [net.minecraftforge.fml.loading.moddiscovery.ModFileParser/LOADING]: Found coremod method_redirector with Javascript path coremods/method_redirector.js
[13Aug2026 02:00:04.513] [main/DEBUG] [net.minecraftforge.fml.loading.moddiscovery.ModFile/LOADING]: Found coremod coremods/field_to_method.js
[13Aug2026 02:00:04.513] [main/DEBUG] [net.minecraftforge.fml.loading.moddiscovery.ModFile/LOADING]: Found coremod coremods/field_to_instanceof.js
[13Aug2026 02:00:04.513] [main/DEBUG] [net.minecraftforge.fml.loading.moddiscovery.ModFile/LOADING]: Found coremod coremods/add_bouncer_method.js
[13Aug2026 02:00:04.513] [main/DEBUG] [net.minecraftforge.fml.loading.moddiscovery.ModFile/LOADING]: Found coremod coremods/method_redirector.js
[13Aug2026 02:00:04.513] [main/DEBUG] [net.minecraftforge.fml.loading.moddiscovery.ModFileParser/LOADING]: Considering mod file candidate C:\Users\mattw\Documents\Git\SampleMod\build\resources\main
[13Aug2026 02:00:04.515] [main/DEBUG] [net.minecraftforge.fml.loading.moddiscovery.ModFileInfo/LOADING]: Found valid mod file main with {samplemod} mods - versions {0.0.1}
[13Aug2026 02:00:04.515] [main/DEBUG] [net.minecraftforge.fml.loading.moddiscovery.ModFile/LOADING]: Loading mod file C:\Users\mattw\Documents\Git\SampleMod\build\resources\main with languages [LanguageSpec[languageName=javafml, acceptedVersions=[47,)]]
[13Aug2026 02:00:04.515] [main/DEBUG] [net.minecraftforge.fml.loading.moddiscovery.ModFile/LOADING]: Loading mod file C:\Users\mattw\.gradle\caches\modules-2\files-2.1\net.neoforged.fancymodloader\events\47.2.2\7cd6d6112be32a3f0d806ccf164ff9c1d21c7a27\events-47.2.2.jar with languages []
[13Aug2026 02:00:04.515] [main/DEBUG] [net.minecraftforge.fml.loading.moddiscovery.ModValidator/SCAN]: Found 5 mod files with 4 mods
[13Aug2026 02:00:04.517] [main/DEBUG] [cpw.mods.modlauncher.TransformationServiceDecorator/MODLAUNCHER]: End scan trigger - transformation service fml
[13Aug2026 02:00:04.542] [main/DEBUG] [net.minecraftforge.fml.loading.LanguageLoadingProvider/CORE]: Found 3 language providers
[13Aug2026 02:00:04.543] [main/DEBUG] [net.minecraftforge.fml.loading.LanguageLoadingProvider/CORE]: Found language provider lowcodefml, version 47.2
[13Aug2026 02:00:04.545] [main/DEBUG] [net.minecraftforge.fml.loading.LanguageLoadingProvider/CORE]: Found language provider minecraft, version 47.2
[13Aug2026 02:00:04.545] [main/DEBUG] [net.minecraftforge.fml.loading.LanguageLoadingProvider/CORE]: Found language provider javafml, version 47.2
[13Aug2026 02:00:04.563] [main/DEBUG] [net.minecraftforge.fml.loading.ModSorter/]: Configured system mods: [minecraft, forge]
[13Aug2026 02:00:04.563] [main/DEBUG] [net.minecraftforge.fml.loading.ModSorter/]: Found system mod: minecraft
[13Aug2026 02:00:04.563] [main/DEBUG] [net.minecraftforge.fml.loading.ModSorter/]: Found system mod: forge
[13Aug2026 02:00:04.569] [main/DEBUG] [net.minecraftforge.fml.loading.ModSorter/LOADING]: Found 5 mod requirements (5 mandatory, 0 optional)
[13Aug2026 02:00:04.570] [main/DEBUG] [net.minecraftforge.fml.loading.ModSorter/LOADING]: Found 0 mod requirements missing (0 mandatory, 0 optional)
[13Aug2026 02:00:05.633] [main/DEBUG] [net.minecraftforge.fml.loading.FMLLoader/SCAN]: Adding Access Transformer in C:\Users\mattw\Documents\Git\SampleMod\.gradle\repositories\ng_dummy_ng\net\neoforged\forge\1.20.1-47.1.106\forge-1.20.1-47.1.106.jar
[13Aug2026 02:00:05.633] [main/DEBUG] [AXFORM/AXFORM]: Loading access transformer forge-1.20.1-47.1.106.jar from path META-INF/accesstransformer.cfg
[13Aug2026 02:00:05.820] [main/DEBUG] [net.minecraftforge.fml.loading.MCPNamingService/CORE]: Loaded 0 method mappings from methods.csv
[13Aug2026 02:00:05.843] [main/DEBUG] [net.minecraftforge.fml.loading.MCPNamingService/CORE]: Loaded 0 field mappings from fields.csv
[13Aug2026 02:00:05.880] [main/DEBUG] [AXFORM/AXFORM]: Loaded access transformer forge-1.20.1-47.1.106.jar from path META-INF/accesstransformer.cfg
[13Aug2026 02:00:05.880] [main/DEBUG] [net.minecraftforge.fml.loading.FMLLoader/SCAN]: Adding Access Transformer in /
[13Aug2026 02:00:05.880] [main/DEBUG] [AXFORM/AXFORM]: Loading access transformer  from path META-INF/accesstransformer.cfg
[13Aug2026 02:00:05.905] [main/DEBUG] [AXFORM/AXFORM]: Loaded access transformer  from path META-INF/accesstransformer.cfg
[13Aug2026 02:00:05.991] [main/DEBUG] [cpw.mods.modlauncher.TransformationServicesHandler/MODLAUNCHER]: Transformation services loading transformers
[13Aug2026 02:00:05.995] [main/DEBUG] [cpw.mods.modlauncher.TransformationServiceDecorator/MODLAUNCHER]: Initializing transformers for transformation service mixin
[13Aug2026 02:00:06.009] [main/DEBUG] [cpw.mods.modlauncher.TransformationServiceDecorator/MODLAUNCHER]: Initialized transformers for transformation service mixin
[13Aug2026 02:00:06.010] [main/DEBUG] [cpw.mods.modlauncher.TransformationServiceDecorator/MODLAUNCHER]: Initializing transformers for transformation service fml
[13Aug2026 02:00:06.010] [main/DEBUG] [net.minecraftforge.fml.loading.FMLServiceProvider/CORE]: Loading coremod transformers
[13Aug2026 02:00:06.012] [main/DEBUG] [net.minecraftforge.coremod.CoreModEngine/COREMOD]: Loading CoreMod from coremods/field_to_method.js
[13Aug2026 02:00:06.014] [background-scan-handler-2/DEBUG] [net.minecraftforge.fml.loading.moddiscovery.MinecraftLocator/SCAN]: Scan started: Mod File: /
[13Aug2026 02:00:06.015] [background-scan-handler-1/DEBUG] [net.minecraftforge.fml.loading.moddiscovery.AbstractJarFileModProvider/SCAN]: Scan started: Mod File: C:\Users\mattw\Documents\Git\UMAPI\platforms\neoforge-1.20.1\build\libs\neoforge-1.20.1-0.0.1.jar
[13Aug2026 02:00:06.015] [background-scan-handler-3/DEBUG] [net.minecraftforge.fml.loading.moddiscovery.MinecraftLocator/SCAN]: Scan started: Mod File: C:\Users\mattw\Documents\Git\SampleMod\build\resources\main
[13Aug2026 02:00:06.016] [background-scan-handler-0/DEBUG] [net.minecraftforge.fml.loading.moddiscovery.MinecraftLocator/SCAN]: Scan started: Mod File: C:\Users\mattw\Documents\Git\SampleMod\.gradle\repositories\ng_dummy_ng\net\neoforged\forge\1.20.1-47.1.106\forge-1.20.1-47.1.106.jar
[13Aug2026 02:00:06.035] [background-scan-handler-1/DEBUG] [net.minecraftforge.fml.loading.moddiscovery.Scanner/SCAN]: Scanning Mod File: C:\Users\mattw\Documents\Git\UMAPI\platforms\neoforge-1.20.1\build\libs\neoforge-1.20.1-0.0.1.jar path com/spilledsoup/umapi/logging/Logger.class
[13Aug2026 02:00:06.075] [background-scan-handler-3/DEBUG] [net.minecraftforge.fml.loading.moddiscovery.Scanner/SCAN]: Scanning Mod File: C:\Users\mattw\Documents\Git\SampleMod\build\resources\main path com/spilledsoup/samplemod/SampleMod.class
[13Aug2026 02:00:06.107] [background-scan-handler-2/DEBUG] [net.minecraftforge.fml.loading.moddiscovery.Scanner/SCAN]: Scanning Mod File: / path net/minecraftforge/versions/mcp/MCPVersion.class
[13Aug2026 02:00:06.144] [background-scan-handler-1/DEBUG] [net.minecraftforge.fml.loading.moddiscovery.Scanner/SCAN]: Scanning Mod File: C:\Users\mattw\Documents\Git\UMAPI\platforms\neoforge-1.20.1\build\libs\neoforge-1.20.1-0.0.1.jar path com/spilledsoup/umapi/event/Events.class
[13Aug2026 02:00:06.146] [background-scan-handler-2/DEBUG] [net.minecraftforge.fml.loading.moddiscovery.Scanner/SCAN]: Scanning Mod File: / path net/minecraftforge/versions/forge/ForgeVersion.class
[13Aug2026 02:00:06.146] [background-scan-handler-1/DEBUG] [net.minecraftforge.fml.loading.moddiscovery.Scanner/SCAN]: Scanning Mod File: C:\Users\mattw\Documents\Git\UMAPI\platforms\neoforge-1.20.1\build\libs\neoforge-1.20.1-0.0.1.jar path com/spilledsoup/umapi/entity/Player.class
[13Aug2026 02:00:06.146] [background-scan-handler-1/DEBUG] [net.minecraftforge.fml.loading.moddiscovery.Scanner/SCAN]: Scanning Mod File: C:\Users\mattw\Documents\Git\UMAPI\platforms\neoforge-1.20.1\build\libs\neoforge-1.20.1-0.0.1.jar path com/spilledsoup/umapi/UMAPIMod.class
[13Aug2026 02:00:06.146] [background-scan-handler-1/DEBUG] [net.minecraftforge.fml.loading.moddiscovery.Scanner/SCAN]: Scanning Mod File: C:\Users\mattw\Documents\Git\UMAPI\platforms\neoforge-1.20.1\build\libs\neoforge-1.20.1-0.0.1.jar path com/spilledsoup/umapi/UMAPI.class
[13Aug2026 02:00:06.149] [background-scan-handler-1/DEBUG] [net.minecraftforge.fml.loading.moddiscovery.Scanner/SCAN]: Scanning Mod File: C:\Users\mattw\Documents\Git\UMAPI\platforms\neoforge-1.20.1\build\libs\neoforge-1.20.1-0.0.1.jar path com/spilledsoup/umapi/platform/Platform.class
[13Aug2026 02:00:06.151] [background-scan-handler-3/DEBUG] [net.minecraftforge.fml.loading.moddiscovery.Scanner/SCAN]: Scanning Mod File: C:\Users\mattw\Documents\Git\SampleMod\build\resources\main path com/spilledsoup/umapi/generated/neoforge1201/UMAPINeoForgeEntrypoint.class
[13Aug2026 02:00:06.152] [background-scan-handler-1/DEBUG] [net.minecraftforge.fml.loading.moddiscovery.Scanner/SCAN]: Scanning Mod File: C:\Users\mattw\Documents\Git\UMAPI\platforms\neoforge-1.20.1\build\libs\neoforge-1.20.1-0.0.1.jar path com/spilledsoup/umapi/platform/neoforge1201/NeoForgePlayer.class
[13Aug2026 02:00:06.153] [background-scan-handler-1/DEBUG] [net.minecraftforge.fml.loading.moddiscovery.Scanner/SCAN]: Scanning Mod File: C:\Users\mattw\Documents\Git\UMAPI\platforms\neoforge-1.20.1\build\libs\neoforge-1.20.1-0.0.1.jar path com/spilledsoup/umapi/platform/neoforge1201/NeoForgeLogger.class
[13Aug2026 02:00:06.154] [background-scan-handler-1/DEBUG] [net.minecraftforge.fml.loading.moddiscovery.Scanner/SCAN]: Scanning Mod File: C:\Users\mattw\Documents\Git\UMAPI\platforms\neoforge-1.20.1\build\libs\neoforge-1.20.1-0.0.1.jar path com/spilledsoup/umapi/platform/neoforge1201/NeoForgeEvents.class
[13Aug2026 02:00:06.154] [background-scan-handler-1/DEBUG] [net.minecraftforge.fml.loading.moddiscovery.Scanner/SCAN]: Scanning Mod File: C:\Users\mattw\Documents\Git\UMAPI\platforms\neoforge-1.20.1\build\libs\neoforge-1.20.1-0.0.1.jar path com/spilledsoup/umapi/platform/neoforge1201/NeoForge1201Platform.class
[13Aug2026 02:00:06.154] [background-scan-handler-1/DEBUG] [net.minecraftforge.fml.loading.moddiscovery.Scanner/SCAN]: Scanning Mod File: C:\Users\mattw\Documents\Git\UMAPI\platforms\neoforge-1.20.1\build\libs\neoforge-1.20.1-0.0.1.jar path com/spilledsoup/umapi/platform/neoforge1201/NeoForge1201Entrypoint.class
[13Aug2026 02:00:06.170] [background-scan-handler-1/DEBUG] [net.minecraftforge.fml.loading.moddiscovery.AbstractJarFileModProvider/SCAN]: Scan finished: Mod File: C:\Users\mattw\Documents\Git\UMAPI\platforms\neoforge-1.20.1\build\libs\neoforge-1.20.1-0.0.1.jar
[13Aug2026 02:00:06.168] [background-scan-handler-2/DEBUG] [net.minecraftforge.fml.loading.moddiscovery.Scanner/SCAN]: Scanning Mod File: / path net/minecraftforge/server/timings/TimeTracker.class
[13Aug2026 02:00:06.172] [background-scan-handler-2/DEBUG] [net.minecraftforge.fml.loading.moddiscovery.Scanner/SCAN]: Scanning Mod File: / path net/minecraftforge/server/timings/ForgeTimings.class
[13Aug2026 02:00:06.172] [background-scan-handler-2/DEBUG] [net.minecraftforge.fml.loading.moddiscovery.Scanner/SCAN]: Scanning Mod File: / path net/minecraftforge/server/ServerLifecycleHooks.class
[13Aug2026 02:00:06.173] [background-scan-handler-3/DEBUG] [net.minecraftforge.fml.loading.moddiscovery.MinecraftLocator/SCAN]: Scan finished: Mod File: C:\Users\mattw\Documents\Git\SampleMod\build\resources\main
[13Aug2026 02:00:06.174] [background-scan-handler-3/DEBUG] [net.minecraftforge.fml.loading.moddiscovery.Scanner/SCAN]: Scanning C:\Users\mattw\Documents\Git\SampleMod\build\resources\main with language loader javafml
[13Aug2026 02:00:06.174] [background-scan-handler-1/DEBUG] [net.minecraftforge.fml.loading.moddiscovery.Scanner/SCAN]: Scanning C:\Users\mattw\Documents\Git\UMAPI\platforms\neoforge-1.20.1\build\libs\neoforge-1.20.1-0.0.1.jar with language loader javafml
[13Aug2026 02:00:06.175] [background-scan-handler-2/DEBUG] [net.minecraftforge.fml.loading.moddiscovery.Scanner/SCAN]: Scanning Mod File: / path net/minecraftforge/server/permission/PermissionAPI.class
[13Aug2026 02:00:06.175] [background-scan-handler-2/DEBUG] [net.minecraftforge.fml.loading.moddiscovery.Scanner/SCAN]: Scanning Mod File: / path net/minecraftforge/server/permission/package-info.class
[13Aug2026 02:00:06.176] [background-scan-handler-2/DEBUG] [net.minecraftforge.fml.loading.moddiscovery.Scanner/SCAN]: Scanning Mod File: / path net/minecraftforge/server/permission/nodes/PermissionTypes.class
[13Aug2026 02:00:06.177] [background-scan-handler-2/DEBUG] [net.minecraftforge.fml.loading.moddiscovery.Scanner/SCAN]: Scanning Mod File: / path net/minecraftforge/server/permission/nodes/PermissionType.class
[13Aug2026 02:00:06.182] [background-scan-handler-2/DEBUG] [net.minecraftforge.fml.loading.moddiscovery.Scanner/SCAN]: Scanning Mod File: / path net/minecraftforge/server/permission/nodes/PermissionNode.class
[13Aug2026 02:00:06.185] [background-scan-handler-2/DEBUG] [net.minecraftforge.fml.loading.moddiscovery.Scanner/SCAN]: Scanning Mod File: / path net/minecraftforge/server/permission/nodes/PermissionNode$PermissionResolver.class
[13Aug2026 02:00:06.185] [background-scan-handler-2/DEBUG] [net.minecraftforge.fml.loading.moddiscovery.Scanner/SCAN]: Scanning Mod File: / path net/minecraftforge/server/permission/nodes/PermissionDynamicContextKey.class
[13Aug2026 02:00:06.187] [background-scan-handler-2/DEBUG] [net.minecraftforge.fml.loading.moddiscovery.Scanner/SCAN]: Scanning Mod File: / path net/minecraftforge/server/permission/nodes/PermissionDynamicContext.class
[13Aug2026 02:00:06.188] [background-scan-handler-2/DEBUG] [net.minecraftforge.fml.loading.moddiscovery.Scanner/SCAN]: Scanning Mod File: / path net/minecraftforge/server/permission/handler/IPermissionHandlerFactory.class
[13Aug2026 02:00:06.189] [background-scan-handler-2/DEBUG] [net.minecraftforge.fml.loading.moddiscovery.Scanner/SCAN]: Scanning Mod File: / path net/minecraftforge/server/permission/handler/IPermissionHandler.class
[13Aug2026 02:00:06.189] [background-scan-handler-2/DEBUG] [net.minecraftforge.fml.loading.moddiscovery.Scanner/SCAN]: Scanning Mod File: / path net/minecraftforge/server/permission/handler/DefaultPermissionHandler.class
[13Aug2026 02:00:06.191] [background-scan-handler-2/DEBUG] [net.minecraftforge.fml.loading.moddiscovery.Scanner/SCAN]: Scanning Mod File: / path net/minecraftforge/server/permission/exceptions/UnregisteredPermissionException.class
[13Aug2026 02:00:06.193] [background-scan-handler-2/DEBUG] [net.minecraftforge.fml.loading.moddiscovery.Scanner/SCAN]: Scanning Mod File: / path net/minecraftforge/server/permission/events/PermissionGatherEvent.class
[13Aug2026 02:00:06.193] [background-scan-handler-2/DEBUG] [net.minecraftforge.fml.loading.moddiscovery.Scanner/SCAN]: Scanning Mod File: / path net/minecraftforge/server/permission/events/PermissionGatherEvent$Nodes.class
[13Aug2026 02:00:06.194] [background-scan-handler-2/DEBUG] [net.minecraftforge.fml.loading.moddiscovery.Scanner/SCAN]: Scanning Mod File: / path net/minecraftforge/server/permission/events/PermissionGatherEvent$Handler.class
[13Aug2026 02:00:06.195] [background-scan-handler-2/DEBUG] [net.minecraftforge.fml.loading.moddiscovery.Scanner/SCAN]: Scanning Mod File: / path net/minecraftforge/server/loading/ServerModLoader.class
[13Aug2026 02:00:06.195] [background-scan-handler-2/DEBUG] [net.minecraftforge.fml.loading.moddiscovery.Scanner/SCAN]: Scanning Mod File: / path net/minecraftforge/server/LanguageHook.class
[13Aug2026 02:00:06.197] [background-scan-handler-2/DEBUG] [net.minecraftforge.fml.loading.moddiscovery.Scanner/SCAN]: Scanning Mod File: / path net/minecraftforge/server/console/TerminalHandler.class
[13Aug2026 02:00:06.197] [background-scan-handler-2/DEBUG] [net.minecraftforge.fml.loading.moddiscovery.Scanner/SCAN]: Scanning Mod File: / path net/minecraftforge/server/console/ConsoleCommandCompleter.class
[13Aug2026 02:00:06.199] [background-scan-handler-2/DEBUG] [net.minecraftforge.fml.loading.moddiscovery.Scanner/SCAN]: Scanning Mod File: / path net/minecraftforge/server/command/TrackCommand.class
[13Aug2026 02:00:06.200] [background-scan-handler-2/DEBUG] [net.minecraftforge.fml.loading.moddiscovery.Scanner/SCAN]: Scanning Mod File: / path net/minecraftforge/server/command/TrackCommand$TrackResultsEntity.class
[13Aug2026 02:00:06.201] [background-scan-handler-2/DEBUG] [net.minecraftforge.fml.loading.moddiscovery.Scanner/SCAN]: Scanning Mod File: / path net/minecraftforge/server/command/TrackCommand$TrackResultsBlockEntity.class
[13Aug2026 02:00:06.202] [background-scan-handler-2/DEBUG] [net.minecraftforge.fml.loading.moddiscovery.Scanner/SCAN]: Scanning Mod File: / path net/minecraftforge/server/command/TrackCommand$TrackResults.class
[13Aug2026 02:00:06.202] [background-scan-handler-2/DEBUG] [net.minecraftforge.fml.loading.moddiscovery.Scanner/SCAN]: Scanning Mod File: / path net/minecraftforge/server/command/TrackCommand$StartTrackingCommand.class
[13Aug2026 02:00:06.203] [background-scan-handler-2/DEBUG] [net.minecraftforge.fml.loading.moddiscovery.Scanner/SCAN]: Scanning Mod File: / path net/minecraftforge/server/command/TrackCommand$ResetTrackingCommand.class
[13Aug2026 02:00:06.204] [background-scan-handler-2/DEBUG] [net.minecraftforge.fml.loading.moddiscovery.Scanner/SCAN]: Scanning Mod File: / path net/minecraftforge/server/command/TPSCommand.class
[13Aug2026 02:00:06.204] [background-scan-handler-2/DEBUG] [net.minecraftforge.fml.loading.moddiscovery.Scanner/SCAN]: Scanning Mod File: / path net/minecraftforge/server/command/TextComponentHelper.class
[13Aug2026 02:00:06.205] [background-scan-handler-2/DEBUG] [net.minecraftforge.fml.loading.moddiscovery.Scanner/SCAN]: Scanning Mod File: / path net/minecraftforge/server/command/TagsCommand.class
[13Aug2026 02:00:06.206] [background-scan-handler-2/DEBUG] [net.minecraftforge.fml.loading.moddiscovery.Scanner/SCAN]: Scanning Mod File: / path net/minecraftforge/server/command/package-info.class
[13Aug2026 02:00:06.206] [background-scan-handler-2/DEBUG] [net.minecraftforge.fml.loading.moddiscovery.Scanner/SCAN]: Scanning Mod File: / path net/minecraftforge/server/command/ModListCommand.class
[13Aug2026 02:00:06.207] [background-scan-handler-2/DEBUG] [net.minecraftforge.fml.loading.moddiscovery.Scanner/SCAN]: Scanning Mod File: / path net/minecraftforge/server/command/ModIdArgument.class
[13Aug2026 02:00:06.207] [background-scan-handler-2/DEBUG] [net.minecraftforge.fml.loading.moddiscovery.Scanner/SCAN]: Scanning Mod File: / path net/minecraftforge/server/command/GenerateCommand.class
[13Aug2026 02:00:06.208] [background-scan-handler-2/DEBUG] [net.minecraftforge.fml.loading.moddiscovery.Scanner/SCAN]: Scanning Mod File: / path net/minecraftforge/server/command/ForgeCommand.class
[13Aug2026 02:00:06.208] [background-scan-handler-2/DEBUG] [net.minecraftforge.fml.loading.moddiscovery.Scanner/SCAN]: Scanning Mod File: / path net/minecraftforge/server/command/EnumArgument.class
[13Aug2026 02:00:06.209] [background-scan-handler-2/DEBUG] [net.minecraftforge.fml.loading.moddiscovery.Scanner/SCAN]: Scanning Mod File: / path net/minecraftforge/server/command/EnumArgument$Info.class
[13Aug2026 02:00:06.209] [background-scan-handler-3/DEBUG] [net.minecraftforge.fml.javafmlmod.FMLJavaModLanguageProvider/SCAN]: Found @Mod class com.spilledsoup.umapi.generated.neoforge1201.UMAPINeoForgeEntrypoint with id samplemod
[13Aug2026 02:00:06.209] [background-scan-handler-1/DEBUG] [net.minecraftforge.fml.javafmlmod.FMLJavaModLanguageProvider/SCAN]: Found @Mod class com.spilledsoup.umapi.platform.neoforge1201.NeoForge1201Entrypoint with id umapi
[13Aug2026 02:00:06.211] [background-scan-handler-2/DEBUG] [net.minecraftforge.fml.loading.moddiscovery.Scanner/SCAN]: Scanning Mod File: / path net/minecraftforge/server/command/EnumArgument$Info$Template.class
[13Aug2026 02:00:06.211] [background-scan-handler-2/DEBUG] [net.minecraftforge.fml.loading.moddiscovery.Scanner/SCAN]: Scanning Mod File: / path net/minecraftforge/server/command/EntityCommand.class
[13Aug2026 02:00:06.211] [background-scan-handler-2/DEBUG] [net.minecraftforge.fml.loading.moddiscovery.Scanner/SCAN]: Scanning Mod File: / path net/minecraftforge/server/command/EntityCommand$EntityListCommand.class
[13Aug2026 02:00:06.213] [background-scan-handler-2/DEBUG] [net.minecraftforge.fml.loading.moddiscovery.Scanner/SCAN]: Scanning Mod File: / path net/minecraftforge/server/command/DimensionsCommand.class
[13Aug2026 02:00:06.214] [background-scan-handler-2/DEBUG] [net.minecraftforge.fml.loading.moddiscovery.Scanner/SCAN]: Scanning Mod File: / path net/minecraftforge/server/command/ConfigCommand.class
[13Aug2026 02:00:06.214] [background-scan-handler-2/DEBUG] [net.minecraftforge.fml.loading.moddiscovery.Scanner/SCAN]: Scanning Mod File: / path net/minecraftforge/server/command/ConfigCommand$ShowFile.class
[13Aug2026 02:00:06.215] [background-scan-handler-2/DEBUG] [net.minecraftforge.fml.loading.moddiscovery.Scanner/SCAN]: Scanning Mod File: / path net/minecraftforge/server/command/CommandHelper.class
[13Aug2026 02:00:06.215] [background-scan-handler-2/DEBUG] [net.minecraftforge.fml.loading.moddiscovery.Scanner/SCAN]: Scanning Mod File: / path net/minecraftforge/server/command/ChunkGenWorker.class
[13Aug2026 02:00:06.217] [background-scan-handler-2/DEBUG] [net.minecraftforge.fml.loading.moddiscovery.Scanner/SCAN]: Scanning Mod File: / path net/minecraftforge/resource/ResourcePackLoader.class
[13Aug2026 02:00:06.217] [background-scan-handler-2/DEBUG] [net.minecraftforge.fml.loading.moddiscovery.Scanner/SCAN]: Scanning Mod File: / path net/minecraftforge/resource/ResourcePackLoader$1.class
[13Aug2026 02:00:06.223] [background-scan-handler-2/DEBUG] [net.minecraftforge.fml.loading.moddiscovery.Scanner/SCAN]: Scanning Mod File: / path net/minecraftforge/resource/PathPackResources.class
[13Aug2026 02:00:06.225] [background-scan-handler-2/DEBUG] [net.minecraftforge.fml.loading.moddiscovery.Scanner/SCAN]: Scanning Mod File: / path net/minecraftforge/resource/package-info.class
[13Aug2026 02:00:06.226] [background-scan-handler-2/DEBUG] [net.minecraftforge.fml.loading.moddiscovery.Scanner/SCAN]: Scanning Mod File: / path net/minecraftforge/resource/DelegatingPackResources.class
[13Aug2026 02:00:06.231] [background-scan-handler-2/DEBUG] [net.minecraftforge.fml.loading.moddiscovery.Scanner/SCAN]: Scanning Mod File: / path net/minecraftforge/registries/tags/ITagManager.class
[13Aug2026 02:00:06.232] [background-scan-handler-2/DEBUG] [net.minecraftforge.fml.loading.moddiscovery.Scanner/SCAN]: Scanning Mod File: / path net/minecraftforge/registries/tags/ITag.class
[13Aug2026 02:00:06.233] [background-scan-handler-2/DEBUG] [net.minecraftforge.fml.loading.moddiscovery.Scanner/SCAN]: Scanning Mod File: / path net/minecraftforge/registries/tags/IReverseTag.class
[13Aug2026 02:00:06.234] [background-scan-handler-2/DEBUG] [net.minecraftforge.fml.loading.moddiscovery.Scanner/SCAN]: Scanning Mod File: / path net/minecraftforge/registries/RegistryObject.class
[13Aug2026 02:00:06.235] [background-scan-handler-2/DEBUG] [net.minecraftforge.fml.loading.moddiscovery.Scanner/SCAN]: Scanning Mod File: / path net/minecraftforge/registries/RegistryObject$1.class
[13Aug2026 02:00:06.235] [background-scan-handler-2/DEBUG] [net.minecraftforge.fml.loading.moddiscovery.Scanner/SCAN]: Scanning Mod File: / path net/minecraftforge/registries/RegistryManager.class
[13Aug2026 02:00:06.236] [background-scan-handler-2/DEBUG] [net.minecraftforge.fml.loading.moddiscovery.Scanner/SCAN]: Scanning Mod File: / path net/minecraftforge/registries/RegistryBuilder.class
[13Aug2026 02:00:06.237] [background-scan-handler-2/DEBUG] [net.minecraftforge.fml.loading.moddiscovery.Scanner/SCAN]: Scanning Mod File: / path net/minecraftforge/registries/RegisterEvent.class
[13Aug2026 02:00:06.238] [background-scan-handler-2/DEBUG] [net.minecraftforge.fml.loading.moddiscovery.Scanner/SCAN]: Scanning Mod File: / path net/minecraftforge/registries/RegisterEvent$RegisterHelper.class
[13Aug2026 02:00:06.238] [background-scan-handler-2/DEBUG] [net.minecraftforge.fml.loading.moddiscovery.Scanner/SCAN]: Scanning Mod File: / path net/minecraftforge/registries/ObjectHolderRegistry.class
[13Aug2026 02:00:06.239] [background-scan-handler-2/DEBUG] [net.minecraftforge.fml.loading.moddiscovery.Scanner/SCAN]: Scanning Mod File: / path net/minecraftforge/registries/ObjectHolderRegistry$VanillaObjectHolderData.class
[13Aug2026 02:00:06.240] [background-scan-handler-2/DEBUG] [net.minecraftforge.fml.loading.moddiscovery.Scanner/SCAN]: Scanning Mod File: / path net/minecraftforge/registries/ObjectHolderRef.class
[13Aug2026 02:00:06.242] [background-scan-handler-2/DEBUG] [net.minecraftforge.fml.loading.moddiscovery.Scanner/SCAN]: Scanning Mod File: / path net/minecraftforge/registries/ObjectHolder.class
[13Aug2026 02:00:06.248] [background-scan-handler-2/DEBUG] [net.minecraftforge.fml.loading.moddiscovery.Scanner/SCAN]: Scanning Mod File: / path net/minecraftforge/registries/NewRegistryEvent.class
[13Aug2026 02:00:06.248] [background-scan-handler-2/DEBUG] [net.minecraftforge.fml.loading.moddiscovery.Scanner/SCAN]: Scanning Mod File: / path net/minecraftforge/registries/NewRegistryEvent$RegistryHolder.class
[13Aug2026 02:00:06.249] [background-scan-handler-2/DEBUG] [net.minecraftforge.fml.loading.moddiscovery.Scanner/SCAN]: Scanning Mod File: / path net/minecraftforge/registries/NewRegistryEvent$RegistryData.class
[13Aug2026 02:00:06.249] [background-scan-handler-2/DEBUG] [net.minecraftforge.fml.loading.moddiscovery.Scanner/SCAN]: Scanning Mod File: / path net/minecraftforge/registries/NamespacedWrapper.class
[13Aug2026 02:00:06.251] [background-scan-handler-2/DEBUG] [net.minecraftforge.fml.loading.moddiscovery.Scanner/SCAN]: Scanning Mod File: / path net/minecraftforge/registries/NamespacedWrapper$Factory.class
[13Aug2026 02:00:06.251] [background-scan-handler-2/DEBUG] [net.minecraftforge.fml.loading.moddiscovery.Scanner/SCAN]: Scanning Mod File: / path net/minecraftforge/registries/NamespacedWrapper$1.class
[13Aug2026 02:00:06.251] [background-scan-handler-2/DEBUG] [net.minecraftforge.fml.loading.moddiscovery.Scanner/SCAN]: Scanning Mod File: / path net/minecraftforge/registries/NamespacedDefaultedWrapper.class
[13Aug2026 02:00:06.252] [background-scan-handler-2/DEBUG] [net.minecraftforge.fml.loading.moddiscovery.Scanner/SCAN]: Scanning Mod File: / path net/minecraftforge/registries/NamespacedDefaultedWrapper$Factory.class
[13Aug2026 02:00:06.252] [background-scan-handler-2/DEBUG] [net.minecraftforge.fml.loading.moddiscovery.Scanner/SCAN]: Scanning Mod File: / path net/minecraftforge/registries/MissingMappingsEvent.class
[13Aug2026 02:00:06.252] [background-scan-handler-2/DEBUG] [net.minecraftforge.fml.loading.moddiscovery.Scanner/SCAN]: Scanning Mod File: / path net/minecraftforge/registries/MissingMappingsEvent$Mapping.class
[13Aug2026 02:00:06.253] [background-scan-handler-2/DEBUG] [net.minecraftforge.fml.loading.moddiscovery.Scanner/SCAN]: Scanning Mod File: / path net/minecraftforge/registries/MissingMappingsEvent$Action.class
[13Aug2026 02:00:06.253] [background-scan-handler-2/DEBUG] [net.minecraftforge.fml.loading.moddiscovery.Scanner/SCAN]: Scanning Mod File: / path net/minecraftforge/registries/ILockableRegistry.class
[13Aug2026 02:00:06.253] [background-scan-handler-2/DEBUG] [net.minecraftforge.fml.loading.moddiscovery.Scanner/SCAN]: Scanning Mod File: / path net/minecraftforge/registries/IForgeRegistryModifiable.class
[13Aug2026 02:00:06.253] [background-scan-handler-2/DEBUG] [net.minecraftforge.fml.loading.moddiscovery.Scanner/SCAN]: Scanning Mod File: / path net/minecraftforge/registries/IForgeRegistryInternal.class
[13Aug2026 02:00:06.254] [background-scan-handler-2/DEBUG] [net.minecraftforge.fml.loading.moddiscovery.Scanner/SCAN]: Scanning Mod File: / path net/minecraftforge/registries/IForgeRegistry.class
[13Aug2026 02:00:06.254] [background-scan-handler-2/DEBUG] [net.minecraftforge.fml.loading.moddiscovery.Scanner/SCAN]: Scanning Mod File: / path net/minecraftforge/registries/IForgeRegistry$ValidateCallback.class
[13Aug2026 02:00:06.255] [background-scan-handler-2/DEBUG] [net.minecraftforge.fml.loading.moddiscovery.Scanner/SCAN]: Scanning Mod File: / path net/minecraftforge/registries/IForgeRegistry$MissingFactory.class
[13Aug2026 02:00:06.256] [background-scan-handler-2/DEBUG] [net.minecraftforge.fml.loading.moddiscovery.Scanner/SCAN]: Scanning Mod File: / path net/minecraftforge/registries/IForgeRegistry$CreateCallback.class
[13Aug2026 02:00:06.256] [background-scan-handler-2/DEBUG] [net.minecraftforge.fml.loading.moddiscovery.Scanner/SCAN]: Scanning Mod File: / path net/minecraftforge/registries/IForgeRegistry$ClearCallback.class
[13Aug2026 02:00:06.256] [background-scan-handler-2/DEBUG] [net.minecraftforge.fml.loading.moddiscovery.Scanner/SCAN]: Scanning Mod File: / path net/minecraftforge/registries/IForgeRegistry$BakeCallback.class
[13Aug2026 02:00:06.257] [background-scan-handler-2/DEBUG] [net.minecraftforge.fml.loading.moddiscovery.Scanner/SCAN]: Scanning Mod File: / path net/minecraftforge/registries/IForgeRegistry$AddCallback.class
[13Aug2026 02:00:06.257] [background-scan-handler-2/DEBUG] [net.minecraftforge.fml.loading.moddiscovery.Scanner/SCAN]: Scanning Mod File: / path net/minecraftforge/registries/IdMappingEvent.class
[13Aug2026 02:00:06.258] [background-scan-handler-2/DEBUG] [net.minecraftforge.fml.loading.moddiscovery.Scanner/SCAN]: Scanning Mod File: / path net/minecraftforge/registries/IdMappingEvent$ModRemapping.class
[13Aug2026 02:00:06.258] [background-scan-handler-2/DEBUG] [net.minecraftforge.fml.loading.moddiscovery.Scanner/SCAN]: Scanning Mod File: / path net/minecraftforge/registries/IdMappingEvent$IdRemapping.class
[13Aug2026 02:00:06.259] [background-scan-handler-2/DEBUG] [net.minecraftforge.fml.loading.moddiscovery.Scanner/SCAN]: Scanning Mod File: / path net/minecraftforge/registries/holdersets/OrHolderSet.class
[13Aug2026 02:00:06.259] [background-scan-handler-2/DEBUG] [net.minecraftforge.fml.loading.moddiscovery.Scanner/SCAN]: Scanning Mod File: / path net/minecraftforge/registries/holdersets/NotHolderSet.class
[13Aug2026 02:00:06.260] [background-scan-handler-2/DEBUG] [net.minecraftforge.fml.loading.moddiscovery.Scanner/SCAN]: Scanning Mod File: / path net/minecraftforge/registries/holdersets/ICustomHolderSet.class
[13Aug2026 02:00:06.260] [background-scan-handler-2/DEBUG] [net.minecraftforge.fml.loading.moddiscovery.Scanner/SCAN]: Scanning Mod File: / path net/minecraftforge/registries/holdersets/HolderSetType.class
[13Aug2026 02:00:06.260] [background-scan-handler-2/DEBUG] [net.minecraftforge.fml.loading.moddiscovery.Scanner/SCAN]: Scanning Mod File: / path net/minecraftforge/registries/holdersets/CompositeHolderSet.class
[13Aug2026 02:00:06.261] [background-scan-handler-2/DEBUG] [net.minecraftforge.fml.loading.moddiscovery.Scanner/SCAN]: Scanning Mod File: / path net/minecraftforge/registries/holdersets/AnyHolderSet.class
[13Aug2026 02:00:06.262] [background-scan-handler-2/DEBUG] [net.minecraftforge.fml.loading.moddiscovery.Scanner/SCAN]: Scanning Mod File: / path net/minecraftforge/registries/holdersets/AndHolderSet.class
[13Aug2026 02:00:06.263] [background-scan-handler-2/DEBUG] [net.minecraftforge.fml.loading.moddiscovery.Scanner/SCAN]: Scanning Mod File: / path net/minecraftforge/registries/GameData.class
[13Aug2026 02:00:06.265] [background-scan-handler-2/DEBUG] [net.minecraftforge.fml.loading.moddiscovery.Scanner/SCAN]: Scanning Mod File: / path net/minecraftforge/registries/GameData$PointOfInterestTypeCallbacks.class
[13Aug2026 02:00:06.265] [background-scan-handler-2/DEBUG] [net.minecraftforge.fml.loading.moddiscovery.Scanner/SCAN]: Scanning Mod File: / path net/minecraftforge/registries/GameData$ItemCallbacks.class
[13Aug2026 02:00:06.265] [background-scan-handler-2/DEBUG] [net.minecraftforge.fml.loading.moddiscovery.Scanner/SCAN]: Scanning Mod File: / path net/minecraftforge/registries/GameData$ClearableObjectIntIdentityMap.class
[13Aug2026 02:00:06.265] [background-scan-handler-2/DEBUG] [net.minecraftforge.fml.loading.moddiscovery.Scanner/SCAN]: Scanning Mod File: / path net/minecraftforge/registries/GameData$BlockCallbacks.class
[13Aug2026 02:00:06.267] [background-scan-handler-2/DEBUG] [net.minecraftforge.fml.loading.moddiscovery.Scanner/SCAN]: Scanning Mod File: / path net/minecraftforge/registries/GameData$BlockCallbacks$1.class
[13Aug2026 02:00:06.268] [background-scan-handler-2/DEBUG] [net.minecraftforge.fml.loading.moddiscovery.Scanner/SCAN]: Scanning Mod File: / path net/minecraftforge/registries/GameData$AttributeCallbacks.class
[13Aug2026 02:00:06.269] [background-scan-handler-2/DEBUG] [net.minecraftforge.fml.loading.moddiscovery.Scanner/SCAN]: Scanning Mod File: / path net/minecraftforge/registries/GameData$1.class
[13Aug2026 02:00:06.269] [background-scan-handler-2/DEBUG] [net.minecraftforge.fml.loading.moddiscovery.Scanner/SCAN]: Scanning Mod File: / path net/minecraftforge/registries/ForgeRegistryTagManager.class
[13Aug2026 02:00:06.270] [background-scan-handler-2/DEBUG] [net.minecraftforge.fml.loading.moddiscovery.Scanner/SCAN]: Scanning Mod File: / path net/minecraftforge/registries/ForgeRegistryTag.class
[13Aug2026 02:00:06.271] [background-scan-handler-2/DEBUG] [net.minecraftforge.fml.loading.moddiscovery.Scanner/SCAN]: Scanning Mod File: / path net/minecraftforge/registries/ForgeRegistry.class
[13Aug2026 02:00:06.272] [background-scan-handler-2/DEBUG] [net.minecraftforge.fml.loading.moddiscovery.Scanner/SCAN]: Scanning Mod File: / path net/minecraftforge/registries/ForgeRegistry$Snapshot.class
[13Aug2026 02:00:06.274] [background-scan-handler-2/DEBUG] [net.minecraftforge.fml.loading.moddiscovery.Scanner/SCAN]: Scanning Mod File: / path net/minecraftforge/registries/ForgeRegistry$RegistryCodec.class
[13Aug2026 02:00:06.275] [background-scan-handler-2/DEBUG] [net.minecraftforge.fml.loading.moddiscovery.Scanner/SCAN]: Scanning Mod File: / path net/minecraftforge/registries/ForgeRegistry$OverrideOwner.class
[13Aug2026 02:00:06.275] [background-scan-handler-2/DEBUG] [net.minecraftforge.fml.loading.moddiscovery.Scanner/SCAN]: Scanning Mod File: / path net/minecraftforge/registries/ForgeRegistry$DumpRow.class
[13Aug2026 02:00:06.277] [background-scan-handler-2/DEBUG] [net.minecraftforge.fml.loading.moddiscovery.Scanner/SCAN]: Scanning Mod File: / path net/minecraftforge/registries/ForgeRegistry$1.class
[13Aug2026 02:00:06.277] [background-scan-handler-2/DEBUG] [net.minecraftforge.fml.loading.moddiscovery.Scanner/SCAN]: Scanning Mod File: / path net/minecraftforge/registries/ForgeRegistries.class
[13Aug2026 02:00:06.278] [background-scan-handler-2/DEBUG] [net.minecraftforge.fml.loading.moddiscovery.Scanner/SCAN]: Scanning Mod File: / path net/minecraftforge/registries/ForgeRegistries$Keys.class
[13Aug2026 02:00:06.279] [background-scan-handler-2/DEBUG] [net.minecraftforge.fml.loading.moddiscovery.Scanner/SCAN]: Scanning Mod File: / path net/minecraftforge/registries/ForgeDeferredRegistriesSetup.class
[13Aug2026 02:00:06.279] [background-scan-handler-2/DEBUG] [net.minecraftforge.fml.loading.moddiscovery.Scanner/SCAN]: Scanning Mod File: / path net/minecraftforge/registries/DeferredRegister.class
[13Aug2026 02:00:06.280] [background-scan-handler-2/DEBUG] [net.minecraftforge.fml.loading.moddiscovery.Scanner/SCAN]: Scanning Mod File: / path net/minecraftforge/registries/DeferredRegister$RegistryHolder.class
[13Aug2026 02:00:06.281] [background-scan-handler-2/DEBUG] [net.minecraftforge.fml.loading.moddiscovery.Scanner/SCAN]: Scanning Mod File: / path net/minecraftforge/registries/DeferredRegister$EventDispatcher.class
[13Aug2026 02:00:06.281] [background-scan-handler-2/DEBUG] [net.minecraftforge.fml.loading.moddiscovery.Scanner/SCAN]: Scanning Mod File: / path net/minecraftforge/registries/DataPackRegistryEvent.class
[13Aug2026 02:00:06.281] [background-scan-handler-2/DEBUG] [net.minecraftforge.fml.loading.moddiscovery.Scanner/SCAN]: Scanning Mod File: / path net/minecraftforge/registries/DataPackRegistryEvent$NewRegistry.class
[13Aug2026 02:00:06.282] [background-scan-handler-2/DEBUG] [net.minecraftforge.fml.loading.moddiscovery.Scanner/SCAN]: Scanning Mod File: / path net/minecraftforge/registries/DataPackRegistryEvent$DataPackRegistryData.class
[13Aug2026 02:00:06.282] [background-scan-handler-2/DEBUG] [net.minecraftforge.fml.loading.moddiscovery.Scanner/SCAN]: Scanning Mod File: / path net/minecraftforge/registries/DataPackRegistriesHooks.class
[13Aug2026 02:00:06.284] [background-scan-handler-2/DEBUG] [net.minecraftforge.fml.loading.moddiscovery.Scanner/SCAN]: Scanning Mod File: / path net/minecraftforge/network/simple/SimpleChannel.class
[13Aug2026 02:00:06.285] [background-scan-handler-2/DEBUG] [net.minecraftforge.fml.loading.moddiscovery.Scanner/SCAN]: Scanning Mod File: / path net/minecraftforge/network/simple/SimpleChannel$MessageBuilder.class
[13Aug2026 02:00:06.285] [background-scan-handler-2/DEBUG] [net.minecraftforge.fml.loading.moddiscovery.Scanner/SCAN]: Scanning Mod File: / path net/minecraftforge/network/simple/SimpleChannel$MessageBuilder$ToBooleanBiFunction.class
[13Aug2026 02:00:06.285] [background-scan-handler-2/DEBUG] [net.minecraftforge.fml.loading.moddiscovery.Scanner/SCAN]: Scanning Mod File: / path net/minecraftforge/network/simple/IndexedMessageCodec.class
[13Aug2026 02:00:06.287] [background-scan-handler-2/DEBUG] [net.minecraftforge.fml.loading.moddiscovery.Scanner/SCAN]: Scanning Mod File: / path net/minecraftforge/network/simple/IndexedMessageCodec$MessageHandler.class
[13Aug2026 02:00:06.287] [background-scan-handler-2/DEBUG] [net.minecraftforge.fml.loading.moddiscovery.Scanner/SCAN]: Scanning Mod File: / path net/minecraftforge/network/ServerStatusPing.class
[13Aug2026 02:00:06.289] [background-scan-handler-2/DEBUG] [net.minecraftforge.fml.loading.moddiscovery.Scanner/SCAN]: Scanning Mod File: / path net/minecraftforge/network/ServerStatusPing$ModInfo.class
[13Aug2026 02:00:06.290] [background-scan-handler-2/DEBUG] [net.minecraftforge.fml.loading.moddiscovery.Scanner/SCAN]: Scanning Mod File: / path net/minecraftforge/network/ServerStatusPing$ChannelData.class
[13Aug2026 02:00:06.291] [background-scan-handler-2/DEBUG] [net.minecraftforge.fml.loading.moddiscovery.Scanner/SCAN]: Scanning Mod File: / path net/minecraftforge/network/PlayMessages.class
[13Aug2026 02:00:06.291] [background-scan-handler-2/DEBUG] [net.minecraftforge.fml.loading.moddiscovery.Scanner/SCAN]: Scanning Mod File: / path net/minecraftforge/network/PlayMessages$SpawnEntity.class
[13Aug2026 02:00:06.292] [background-scan-handler-2/DEBUG] [net.minecraftforge.fml.loading.moddiscovery.Scanner/SCAN]: Scanning Mod File: / path net/minecraftforge/network/PlayMessages$OpenContainer.class
[13Aug2026 02:00:06.292] [background-scan-handler-2/DEBUG] [net.minecraftforge.fml.loading.moddiscovery.Scanner/SCAN]: Scanning Mod File: / path net/minecraftforge/network/PacketDistributor.class
[13Aug2026 02:00:06.293] [background-scan-handler-2/DEBUG] [net.minecraftforge.fml.loading.moddiscovery.Scanner/SCAN]: Scanning Mod File: / path net/minecraftforge/network/PacketDistributor$TargetPoint.class
[13Aug2026 02:00:06.294] [background-scan-handler-2/DEBUG] [net.minecraftforge.fml.loading.moddiscovery.Scanner/SCAN]: Scanning Mod File: / path net/minecraftforge/network/PacketDistributor$PacketTarget.class
[13Aug2026 02:00:06.294] [background-scan-handler-2/DEBUG] [net.minecraftforge.fml.loading.moddiscovery.Scanner/SCAN]: Scanning Mod File: / path net/minecraftforge/network/NetworkRegistry.class
[13Aug2026 02:00:06.295] [background-scan-handler-2/DEBUG] [net.minecraftforge.fml.loading.moddiscovery.Scanner/SCAN]: Scanning Mod File: / path net/minecraftforge/network/NetworkRegistry$LoginPayload.class
[13Aug2026 02:00:06.296] [background-scan-handler-2/DEBUG] [net.minecraftforge.fml.loading.moddiscovery.Scanner/SCAN]: Scanning Mod File: / path net/minecraftforge/network/NetworkRegistry$ChannelBuilder.class
[13Aug2026 02:00:06.296] [background-scan-handler-2/DEBUG] [net.minecraftforge.fml.loading.moddiscovery.Scanner/SCAN]: Scanning Mod File: / path net/minecraftforge/network/NetworkInstance.class
[13Aug2026 02:00:06.297] [background-scan-handler-2/DEBUG] [net.minecraftforge.fml.loading.moddiscovery.Scanner/SCAN]: Scanning Mod File: / path net/minecraftforge/network/NetworkInitialization.class
[13Aug2026 02:00:06.298] [background-scan-handler-2/DEBUG] [net.minecraftforge.fml.loading.moddiscovery.Scanner/SCAN]: Scanning Mod File: / path net/minecraftforge/network/NetworkHooks.class
[13Aug2026 02:00:06.299] [background-scan-handler-2/DEBUG] [net.minecraftforge.fml.loading.moddiscovery.Scanner/SCAN]: Scanning Mod File: / path net/minecraftforge/network/NetworkEvent.class
[13Aug2026 02:00:06.300] [background-scan-handler-2/DEBUG] [net.minecraftforge.fml.loading.moddiscovery.Scanner/SCAN]: Scanning Mod File: / path net/minecraftforge/network/NetworkEvent$ServerCustomPayloadLoginEvent.class
[13Aug2026 02:00:06.300] [background-scan-handler-2/DEBUG] [net.minecraftforge.fml.loading.moddiscovery.Scanner/SCAN]: Scanning Mod File: / path net/minecraftforge/network/NetworkEvent$ServerCustomPayloadEvent.class
[13Aug2026 02:00:06.300] [background-scan-handler-2/DEBUG] [net.minecraftforge.fml.loading.moddiscovery.Scanner/SCAN]: Scanning Mod File: / path net/minecraftforge/network/NetworkEvent$RegistrationChangeType.class
[13Aug2026 02:00:06.300] [background-scan-handler-2/DEBUG] [net.minecraftforge.fml.loading.moddiscovery.Scanner/SCAN]: Scanning Mod File: / path net/minecraftforge/network/NetworkEvent$PacketDispatcher.class
[13Aug2026 02:00:06.301] [background-scan-handler-2/DEBUG] [net.minecraftforge.fml.loading.moddiscovery.Scanner/SCAN]: Scanning Mod File: / path net/minecraftforge/network/NetworkEvent$PacketDispatcher$NetworkManagerDispatcher.class
[13Aug2026 02:00:06.301] [background-scan-handler-2/DEBUG] [net.minecraftforge.fml.loading.moddiscovery.Scanner/SCAN]: Scanning Mod File: / path net/minecraftforge/network/NetworkEvent$LoginPayloadEvent.class
[13Aug2026 02:00:06.301] [background-scan-handler-2/DEBUG] [net.minecraftforge.fml.loading.moddiscovery.Scanner/SCAN]: Scanning Mod File: / path net/minecraftforge/network/NetworkEvent$GatherLoginPayloadsEvent.class
[13Aug2026 02:00:06.302] [background-scan-handler-2/DEBUG] [net.minecraftforge.fml.loading.moddiscovery.Scanner/SCAN]: Scanning Mod File: / path net/minecraftforge/network/NetworkEvent$Context.class
[13Aug2026 02:00:06.302] [background-scan-handler-2/DEBUG] [net.minecraftforge.fml.loading.moddiscovery.Scanner/SCAN]: Scanning Mod File: / path net/minecraftforge/network/NetworkEvent$ClientCustomPayloadLoginEvent.class
[13Aug2026 02:00:06.302] [background-scan-handler-2/DEBUG] [net.minecraftforge.fml.loading.moddiscovery.Scanner/SCAN]: Scanning Mod File: / path net/minecraftforge/network/NetworkEvent$ClientCustomPayloadEvent.class
[13Aug2026 02:00:06.303] [background-scan-handler-2/DEBUG] [net.minecraftforge.fml.loading.moddiscovery.Scanner/SCAN]: Scanning Mod File: / path net/minecraftforge/network/NetworkEvent$ChannelRegistrationChangeEvent.class
[13Aug2026 02:00:06.303] [background-scan-handler-2/DEBUG] [net.minecraftforge.fml.loading.moddiscovery.Scanner/SCAN]: Scanning Mod File: / path net/minecraftforge/network/NetworkDirection.class
[13Aug2026 02:00:06.304] [background-scan-handler-2/DEBUG] [net.minecraftforge.fml.loading.moddiscovery.Scanner/SCAN]: Scanning Mod File: / path net/minecraftforge/network/NetworkDirection$Factory.class
[13Aug2026 02:00:06.305] [background-scan-handler-2/DEBUG] [net.minecraftforge.fml.loading.moddiscovery.Scanner/SCAN]: Scanning Mod File: / path net/minecraftforge/network/NetworkConstants.class
[13Aug2026 02:00:06.306] [background-scan-handler-2/DEBUG] [net.minecraftforge.fml.loading.moddiscovery.Scanner/SCAN]: Scanning Mod File: / path net/minecraftforge/network/MCRegisterPacketHandler.class
[13Aug2026 02:00:06.307] [background-scan-handler-2/DEBUG] [net.minecraftforge.fml.loading.moddiscovery.Scanner/SCAN]: Scanning Mod File: / path net/minecraftforge/network/MCRegisterPacketHandler$ChannelList.class
[13Aug2026 02:00:06.307] [background-scan-handler-2/DEBUG] [net.minecraftforge.fml.loading.moddiscovery.Scanner/SCAN]: Scanning Mod File: / path net/minecraftforge/network/LoginWrapper.class
[13Aug2026 02:00:06.308] [background-scan-handler-2/DEBUG] [net.minecraftforge.fml.loading.moddiscovery.Scanner/SCAN]: Scanning Mod File: / path net/minecraftforge/network/ICustomPacket.class
[13Aug2026 02:00:06.309] [background-scan-handler-2/DEBUG] [net.minecraftforge.fml.loading.moddiscovery.Scanner/SCAN]: Scanning Mod File: / path net/minecraftforge/network/IContainerFactory.class
[13Aug2026 02:00:06.309] [background-scan-handler-2/DEBUG] [net.minecraftforge.fml.loading.moddiscovery.Scanner/SCAN]: Scanning Mod File: / path net/minecraftforge/network/HandshakeMessages.class
[13Aug2026 02:00:06.309] [background-scan-handler-2/DEBUG] [net.minecraftforge.fml.loading.moddiscovery.Scanner/SCAN]: Scanning Mod File: / path net/minecraftforge/network/HandshakeMessages$S2CRegistry.class
[13Aug2026 02:00:06.309] [background-scan-handler-2/DEBUG] [net.minecraftforge.fml.loading.moddiscovery.Scanner/SCAN]: Scanning Mod File: / path net/minecraftforge/network/HandshakeMessages$S2CModList.class
[13Aug2026 02:00:06.310] [background-scan-handler-2/DEBUG] [net.minecraftforge.fml.loading.moddiscovery.Scanner/SCAN]: Scanning Mod File: / path net/minecraftforge/network/HandshakeMessages$S2CModData.class
[13Aug2026 02:00:06.311] [background-scan-handler-2/DEBUG] [net.minecraftforge.fml.loading.moddiscovery.Scanner/SCAN]: Scanning Mod File: / path net/minecraftforge/network/HandshakeMessages$S2CConfigData.class
[13Aug2026 02:00:06.311] [background-scan-handler-2/DEBUG] [net.minecraftforge.fml.loading.moddiscovery.Scanner/SCAN]: Scanning Mod File: / path net/minecraftforge/network/HandshakeMessages$S2CChannelMismatchData.class
[13Aug2026 02:00:06.312] [background-scan-handler-2/DEBUG] [net.minecraftforge.fml.loading.moddiscovery.Scanner/SCAN]: Scanning Mod File: / path net/minecraftforge/network/HandshakeMessages$LoginIndexedMessage.class
[13Aug2026 02:00:06.312] [background-scan-handler-2/DEBUG] [net.minecraftforge.fml.loading.moddiscovery.Scanner/SCAN]: Scanning Mod File: / path net/minecraftforge/network/HandshakeMessages$C2SModListReply.class
[13Aug2026 02:00:06.312] [background-scan-handler-2/DEBUG] [net.minecraftforge.fml.loading.moddiscovery.Scanner/SCAN]: Scanning Mod File: / path net/minecraftforge/network/HandshakeMessages$C2SAcknowledge.class
[13Aug2026 02:00:06.314] [background-scan-handler-2/DEBUG] [net.minecraftforge.fml.loading.moddiscovery.Scanner/SCAN]: Scanning Mod File: / path net/minecraftforge/network/HandshakeHandler.class
[13Aug2026 02:00:06.315] [background-scan-handler-2/DEBUG] [net.minecraftforge.fml.loading.moddiscovery.Scanner/SCAN]: Scanning Mod File: / path net/minecraftforge/network/HandshakeHandler$HandshakeConsumer.class
[13Aug2026 02:00:06.315] [background-scan-handler-2/DEBUG] [net.minecraftforge.fml.loading.moddiscovery.Scanner/SCAN]: Scanning Mod File: / path net/minecraftforge/network/filters/VanillaPacketSplitter.class
[13Aug2026 02:00:06.316] [background-scan-handler-2/DEBUG] [net.minecraftforge.fml.loading.moddiscovery.Scanner/SCAN]: Scanning Mod File: / path net/minecraftforge/network/filters/VanillaPacketSplitter$RemoteCompatibility.class
[13Aug2026 02:00:06.316] [background-scan-handler-2/DEBUG] [net.minecraftforge.fml.loading.moddiscovery.Scanner/SCAN]: Scanning Mod File: / path net/minecraftforge/network/filters/VanillaPacketFilter.class
[13Aug2026 02:00:06.317] [background-scan-handler-2/DEBUG] [net.minecraftforge.fml.loading.moddiscovery.Scanner/SCAN]: Scanning Mod File: / path net/minecraftforge/network/filters/VanillaConnectionNetworkFilter.class
[13Aug2026 02:00:06.317] [background-scan-handler-2/DEBUG] [net.minecraftforge.fml.loading.moddiscovery.Scanner/SCAN]: Scanning Mod File: / path net/minecraftforge/network/filters/NetworkFilters.class
[13Aug2026 02:00:06.317] [background-scan-handler-2/DEBUG] [net.minecraftforge.fml.loading.moddiscovery.Scanner/SCAN]: Scanning Mod File: / path net/minecraftforge/network/filters/ForgeConnectionNetworkFilter.class
[13Aug2026 02:00:06.319] [background-scan-handler-2/DEBUG] [net.minecraftforge.fml.loading.moddiscovery.Scanner/SCAN]: Scanning Mod File: / path net/minecraftforge/network/filters/CommandTreeCleaner.class
[13Aug2026 02:00:06.320] [background-scan-handler-2/DEBUG] [net.minecraftforge.fml.loading.moddiscovery.Scanner/SCAN]: Scanning Mod File: / path net/minecraftforge/network/event/EventNetworkChannel.class
[13Aug2026 02:00:06.320] [background-scan-handler-2/DEBUG] [net.minecraftforge.fml.loading.moddiscovery.Scanner/SCAN]: Scanning Mod File: / path net/minecraftforge/network/DualStackUtils.class
[13Aug2026 02:00:06.322] [background-scan-handler-2/DEBUG] [net.minecraftforge.fml.loading.moddiscovery.Scanner/SCAN]: Scanning Mod File: / path net/minecraftforge/network/ConnectionType.class
[13Aug2026 02:00:06.323] [background-scan-handler-2/DEBUG] [net.minecraftforge.fml.loading.moddiscovery.Scanner/SCAN]: Scanning Mod File: / path net/minecraftforge/network/ConnectionData.class
[13Aug2026 02:00:06.327] [background-scan-handler-2/DEBUG] [net.minecraftforge.fml.loading.moddiscovery.Scanner/SCAN]: Scanning Mod File: / path net/minecraftforge/network/ConnectionData$ModMismatchData.class
[13Aug2026 02:00:06.328] [background-scan-handler-2/DEBUG] [net.minecraftforge.fml.loading.moddiscovery.Scanner/SCAN]: Scanning Mod File: / path net/minecraftforge/network/ConfigSync.class
[13Aug2026 02:00:06.329] [background-scan-handler-2/DEBUG] [net.minecraftforge.fml.loading.moddiscovery.Scanner/SCAN]: Scanning Mod File: / path net/minecraftforge/logging/PacketDump.class
[13Aug2026 02:00:06.329] [background-scan-handler-2/DEBUG] [net.minecraftforge.fml.loading.moddiscovery.Scanner/SCAN]: Scanning Mod File: / path net/minecraftforge/logging/CrashReportExtender.class
[13Aug2026 02:00:06.330] [background-scan-handler-2/DEBUG] [net.minecraftforge.fml.loading.moddiscovery.Scanner/SCAN]: Scanning Mod File: / path net/minecraftforge/items/wrapper/SidedInvWrapper.class
[13Aug2026 02:00:06.332] [background-scan-handler-2/DEBUG] [net.minecraftforge.fml.loading.moddiscovery.Scanner/SCAN]: Scanning Mod File: / path net/minecraftforge/items/wrapper/SidedInvWrapper$InsertLimit.class
[13Aug2026 02:00:06.333] [background-scan-handler-2/DEBUG] [net.minecraftforge.fml.loading.moddiscovery.Scanner/SCAN]: Scanning Mod File: / path net/minecraftforge/items/wrapper/ShulkerItemStackInvWrapper.class
[13Aug2026 02:00:06.338] [background-scan-handler-2/DEBUG] [net.minecraftforge.fml.loading.moddiscovery.Scanner/SCAN]: Scanning Mod File: / path net/minecraftforge/items/wrapper/RecipeWrapper.class
[13Aug2026 02:00:06.339] [background-scan-handler-2/DEBUG] [net.minecraftforge.fml.loading.moddiscovery.Scanner/SCAN]: Scanning Mod File: / path net/minecraftforge/items/wrapper/RangedWrapper.class
[13Aug2026 02:00:06.340] [background-scan-handler-2/DEBUG] [net.minecraftforge.fml.loading.moddiscovery.Scanner/SCAN]: Scanning Mod File: / path net/minecraftforge/items/wrapper/PlayerOffhandInvWrapper.class
[13Aug2026 02:00:06.341] [background-scan-handler-2/DEBUG] [net.minecraftforge.fml.loading.moddiscovery.Scanner/SCAN]: Scanning Mod File: / path net/minecraftforge/items/wrapper/PlayerMainInvWrapper.class
[13Aug2026 02:00:06.342] [background-scan-handler-2/DEBUG] [net.minecraftforge.fml.loading.moddiscovery.Scanner/SCAN]: Scanning Mod File: / path net/minecraftforge/items/wrapper/PlayerInvWrapper.class
[13Aug2026 02:00:06.342] [background-scan-handler-2/DEBUG] [net.minecraftforge.fml.loading.moddiscovery.Scanner/SCAN]: Scanning Mod File: / path net/minecraftforge/items/wrapper/PlayerArmorInvWrapper.class
[13Aug2026 02:00:06.343] [background-scan-handler-2/DEBUG] [net.minecraftforge.fml.loading.moddiscovery.Scanner/SCAN]: Scanning Mod File: / path net/minecraftforge/items/wrapper/InvWrapper.class
[13Aug2026 02:00:06.343] [background-scan-handler-2/DEBUG] [net.minecraftforge.fml.loading.moddiscovery.Scanner/SCAN]: Scanning Mod File: / path net/minecraftforge/items/wrapper/EntityHandsInvWrapper.class
[13Aug2026 02:00:06.343] [background-scan-handler-2/DEBUG] [net.minecraftforge.fml.loading.moddiscovery.Scanner/SCAN]: Scanning Mod File: / path net/minecraftforge/items/wrapper/EntityEquipmentInvWrapper.class
[13Aug2026 02:00:06.344] [background-scan-handler-2/DEBUG] [net.minecraftforge.fml.loading.moddiscovery.Scanner/SCAN]: Scanning Mod File: / path net/minecraftforge/items/wrapper/EntityArmorInvWrapper.class
[13Aug2026 02:00:06.344] [background-scan-handler-2/DEBUG] [net.minecraftforge.fml.loading.moddiscovery.Scanner/SCAN]: Scanning Mod File: / path net/minecraftforge/items/wrapper/EmptyHandler.class
[13Aug2026 02:00:06.345] [background-scan-handler-2/DEBUG] [net.minecraftforge.fml.loading.moddiscovery.Scanner/SCAN]: Scanning Mod File: / path net/minecraftforge/items/wrapper/CombinedInvWrapper.class
[13Aug2026 02:00:06.345] [background-scan-handler-2/DEBUG] [net.minecraftforge.fml.loading.moddiscovery.Scanner/SCAN]: Scanning Mod File: / path net/minecraftforge/items/VanillaInventoryCodeHooks.class
[13Aug2026 02:00:06.346] [background-scan-handler-2/DEBUG] [net.minecraftforge.fml.loading.moddiscovery.Scanner/SCAN]: Scanning Mod File: / path net/minecraftforge/items/VanillaHopperItemHandler.class
[13Aug2026 02:00:06.346] [background-scan-handler-2/DEBUG] [net.minecraftforge.fml.loading.moddiscovery.Scanner/SCAN]: Scanning Mod File: / path net/minecraftforge/items/SlotItemHandler.class
[13Aug2026 02:00:06.347] [background-scan-handler-2/DEBUG] [net.minecraftforge.fml.loading.moddiscovery.Scanner/SCAN]: Scanning Mod File: / path net/minecraftforge/items/ItemStackHandler.class
[13Aug2026 02:00:06.347] [background-scan-handler-2/DEBUG] [net.minecraftforge.fml.loading.moddiscovery.Scanner/SCAN]: Scanning Mod File: / path net/minecraftforge/items/ItemHandlerHelper.class
[13Aug2026 02:00:06.348] [background-scan-handler-2/DEBUG] [net.minecraftforge.fml.loading.moddiscovery.Scanner/SCAN]: Scanning Mod File: / path net/minecraftforge/items/IItemHandlerModifiable.class
[13Aug2026 02:00:06.348] [background-scan-handler-2/DEBUG] [net.minecraftforge.fml.loading.moddiscovery.Scanner/SCAN]: Scanning Mod File: / path net/minecraftforge/items/IItemHandler.class
[13Aug2026 02:00:06.349] [background-scan-handler-2/DEBUG] [net.minecraftforge.fml.loading.moddiscovery.Scanner/SCAN]: Scanning Mod File: / path net/minecraftforge/internal/TextComponentMessageFormatHandler.class
[13Aug2026 02:00:06.349] [background-scan-handler-2/DEBUG] [net.minecraftforge.fml.loading.moddiscovery.Scanner/SCAN]: Scanning Mod File: / path net/minecraftforge/internal/ForgeBindings.class
[13Aug2026 02:00:06.349] [background-scan-handler-2/DEBUG] [net.minecraftforge.fml.loading.moddiscovery.Scanner/SCAN]: Scanning Mod File: / path net/minecraftforge/internal/ForgeBindings$1.class
[13Aug2026 02:00:06.350] [background-scan-handler-2/DEBUG] [net.minecraftforge.fml.loading.moddiscovery.Scanner/SCAN]: Scanning Mod File: / path net/minecraftforge/internal/BrandingControl.class
[13Aug2026 02:00:06.355] [background-scan-handler-2/DEBUG] [net.minecraftforge.fml.loading.moddiscovery.Scanner/SCAN]: Scanning Mod File: / path net/minecraftforge/gametest/PrefixGameTestTemplate.class
[13Aug2026 02:00:06.358] [background-scan-handler-2/DEBUG] [net.minecraftforge.fml.loading.moddiscovery.Scanner/SCAN]: Scanning Mod File: / path net/minecraftforge/gametest/GameTestMain.class
[13Aug2026 02:00:06.359] [background-scan-handler-2/DEBUG] [net.minecraftforge.fml.loading.moddiscovery.Scanner/SCAN]: Scanning Mod File: / path net/minecraftforge/gametest/GameTestHolder.class
[13Aug2026 02:00:06.359] [background-scan-handler-2/DEBUG] [net.minecraftforge.fml.loading.moddiscovery.Scanner/SCAN]: Scanning Mod File: / path net/minecraftforge/gametest/ForgeGameTestHooks.class
[13Aug2026 02:00:06.363] [background-scan-handler-2/DEBUG] [net.minecraftforge.fml.loading.moddiscovery.Scanner/SCAN]: Scanning Mod File: / path net/minecraftforge/gametest/BlockPosValueConverter.class
[13Aug2026 02:00:06.364] [background-scan-handler-2/DEBUG] [net.minecraftforge.fml.loading.moddiscovery.Scanner/SCAN]: Scanning Mod File: / path net/minecraftforge/forge/snapshots/ForgeSnapshotsModClient.class
[13Aug2026 02:00:06.364] [background-scan-handler-2/DEBUG] [net.minecraftforge.fml.loading.moddiscovery.Scanner/SCAN]: Scanning Mod File: / path net/minecraftforge/forge/snapshots/ForgeSnapshotsMod.class
[13Aug2026 02:00:06.364] [background-scan-handler-2/DEBUG] [net.minecraftforge.fml.loading.moddiscovery.Scanner/SCAN]: Scanning Mod File: / path net/minecraftforge/fluids/IFluidTank.class
[13Aug2026 02:00:06.365] [background-scan-handler-2/DEBUG] [net.minecraftforge.fml.loading.moddiscovery.Scanner/SCAN]: Scanning Mod File: / path net/minecraftforge/fluids/IFluidBlock.class
[13Aug2026 02:00:06.365] [background-scan-handler-2/DEBUG] [net.minecraftforge.fml.loading.moddiscovery.Scanner/SCAN]: Scanning Mod File: / path net/minecraftforge/fluids/ForgeFlowingFluid.class
[13Aug2026 02:00:06.366] [background-scan-handler-2/DEBUG] [net.minecraftforge.fml.loading.moddiscovery.Scanner/SCAN]: Scanning Mod File: / path net/minecraftforge/fluids/ForgeFlowingFluid$Source.class
[13Aug2026 02:00:06.366] [background-scan-handler-2/DEBUG] [net.minecraftforge.fml.loading.moddiscovery.Scanner/SCAN]: Scanning Mod File: / path net/minecraftforge/fluids/ForgeFlowingFluid$Properties.class
[13Aug2026 02:00:06.369] [background-scan-handler-2/DEBUG] [net.minecraftforge.fml.loading.moddiscovery.Scanner/SCAN]: Scanning Mod File: / path net/minecraftforge/fluids/ForgeFlowingFluid$Flowing.class
[13Aug2026 02:00:06.370] [background-scan-handler-2/DEBUG] [net.minecraftforge.fml.loading.moddiscovery.Scanner/SCAN]: Scanning Mod File: / path net/minecraftforge/fluids/FluidUtil.class
[13Aug2026 02:00:06.370] [background-scan-handler-2/DEBUG] [net.minecraftforge.fml.loading.moddiscovery.Scanner/SCAN]: Scanning Mod File: / path net/minecraftforge/fluids/FluidType.class
[13Aug2026 02:00:06.372] [background-scan-handler-2/DEBUG] [net.minecraftforge.fml.loading.moddiscovery.Scanner/SCAN]: Scanning Mod File: / path net/minecraftforge/fluids/FluidType$Properties.class
[13Aug2026 02:00:06.374] [background-scan-handler-2/DEBUG] [net.minecraftforge.fml.loading.moddiscovery.Scanner/SCAN]: Scanning Mod File: / path net/minecraftforge/fluids/FluidStack.class
[13Aug2026 02:00:06.376] [background-scan-handler-2/DEBUG] [net.minecraftforge.fml.loading.moddiscovery.Scanner/SCAN]: Scanning Mod File: / path net/minecraftforge/fluids/FluidInteractionRegistry.class
[13Aug2026 02:00:06.377] [background-scan-handler-2/DEBUG] [net.minecraftforge.fml.loading.moddiscovery.Scanner/SCAN]: Scanning Mod File: / path net/minecraftforge/fluids/FluidInteractionRegistry$InteractionInformation.class
[13Aug2026 02:00:06.377] [background-scan-handler-2/DEBUG] [net.minecraftforge.fml.loading.moddiscovery.Scanner/SCAN]: Scanning Mod File: / path net/minecraftforge/fluids/FluidInteractionRegistry$HasFluidInteraction.class
[13Aug2026 02:00:06.378] [background-scan-handler-2/DEBUG] [net.minecraftforge.fml.loading.moddiscovery.Scanner/SCAN]: Scanning Mod File: / path net/minecraftforge/fluids/FluidInteractionRegistry$FluidInteraction.class
[13Aug2026 02:00:06.378] [background-scan-handler-2/DEBUG] [net.minecraftforge.fml.loading.moddiscovery.Scanner/SCAN]: Scanning Mod File: / path net/minecraftforge/fluids/FluidActionResult.class
[13Aug2026 02:00:06.378] [background-scan-handler-2/DEBUG] [net.minecraftforge.fml.loading.moddiscovery.Scanner/SCAN]: Scanning Mod File: / path net/minecraftforge/fluids/DispenseFluidContainer.class
[13Aug2026 02:00:06.380] [background-scan-handler-2/DEBUG] [net.minecraftforge.fml.loading.moddiscovery.Scanner/SCAN]: Scanning Mod File: / path net/minecraftforge/fluids/capability/wrappers/FluidBucketWrapper.class
[13Aug2026 02:00:06.380] [background-scan-handler-2/DEBUG] [net.minecraftforge.fml.loading.moddiscovery.Scanner/SCAN]: Scanning Mod File: / path net/minecraftforge/fluids/capability/wrappers/FluidBlockWrapper.class
[13Aug2026 02:00:06.383] [background-scan-handler-2/DEBUG] [net.minecraftforge.fml.loading.moddiscovery.Scanner/SCAN]: Scanning Mod File: / path net/minecraftforge/fluids/capability/wrappers/BucketPickupHandlerWrapper.class
[13Aug2026 02:00:06.385] [background-scan-handler-2/DEBUG] [net.minecraftforge.fml.loading.moddiscovery.Scanner/SCAN]: Scanning Mod File: / path net/minecraftforge/fluids/capability/wrappers/BlockWrapper.class
[13Aug2026 02:00:06.387] [background-scan-handler-2/DEBUG] [net.minecraftforge.fml.loading.moddiscovery.Scanner/SCAN]: Scanning Mod File: / path net/minecraftforge/fluids/capability/wrappers/BlockWrapper$LiquidContainerBlockWrapper.class
[13Aug2026 02:00:06.388] [background-scan-handler-2/DEBUG] [net.minecraftforge.fml.loading.moddiscovery.Scanner/SCAN]: Scanning Mod File: / path net/minecraftforge/fluids/capability/templates/VoidFluidHandler.class
[13Aug2026 02:00:06.388] [background-scan-handler-2/DEBUG] [net.minecraftforge.fml.loading.moddiscovery.Scanner/SCAN]: Scanning Mod File: / path net/minecraftforge/fluids/capability/templates/FluidTank.class
[13Aug2026 02:00:06.390] [background-scan-handler-2/DEBUG] [net.minecraftforge.fml.loading.moddiscovery.Scanner/SCAN]: Scanning Mod File: / path net/minecraftforge/fluids/capability/templates/FluidHandlerItemStackSimple.class
[13Aug2026 02:00:06.390] [background-scan-handler-2/DEBUG] [net.minecraftforge.fml.loading.moddiscovery.Scanner/SCAN]: Scanning Mod File: / path net/minecraftforge/fluids/capability/templates/FluidHandlerItemStackSimple$SwapEmpty.class
[13Aug2026 02:00:06.390] [background-scan-handler-2/DEBUG] [net.minecraftforge.fml.loading.moddiscovery.Scanner/SCAN]: Scanning Mod File: / path net/minecraftforge/fluids/capability/templates/FluidHandlerItemStackSimple$Consumable.class
[13Aug2026 02:00:06.391] [background-scan-handler-2/DEBUG] [net.minecraftforge.fml.loading.moddiscovery.Scanner/SCAN]: Scanning Mod File: / path net/minecraftforge/fluids/capability/templates/FluidHandlerItemStack.class
[13Aug2026 02:00:06.392] [background-scan-handler-2/DEBUG] [net.minecraftforge.fml.loading.moddiscovery.Scanner/SCAN]: Scanning Mod File: / path net/minecraftforge/fluids/capability/templates/FluidHandlerItemStack$SwapEmpty.class
[13Aug2026 02:00:06.392] [background-scan-handler-2/DEBUG] [net.minecraftforge.fml.loading.moddiscovery.Scanner/SCAN]: Scanning Mod File: / path net/minecraftforge/fluids/capability/templates/FluidHandlerItemStack$Consumable.class
[13Aug2026 02:00:06.395] [background-scan-handler-2/DEBUG] [net.minecraftforge.fml.loading.moddiscovery.Scanner/SCAN]: Scanning Mod File: / path net/minecraftforge/fluids/capability/templates/EmptyFluidHandler.class
[13Aug2026 02:00:06.401] [background-scan-handler-2/DEBUG] [net.minecraftforge.fml.loading.moddiscovery.Scanner/SCAN]: Scanning Mod File: / path net/minecraftforge/fluids/capability/ItemFluidContainer.class
[13Aug2026 02:00:06.401] [background-scan-handler-2/DEBUG] [net.minecraftforge.fml.loading.moddiscovery.Scanner/SCAN]: Scanning Mod File: / path net/minecraftforge/fluids/capability/IFluidHandlerItem.class
[13Aug2026 02:00:06.402] [background-scan-handler-2/DEBUG] [net.minecraftforge.fml.loading.moddiscovery.Scanner/SCAN]: Scanning Mod File: / path net/minecraftforge/fluids/capability/IFluidHandler.class
[13Aug2026 02:00:06.402] [background-scan-handler-2/DEBUG] [net.minecraftforge.fml.loading.moddiscovery.Scanner/SCAN]: Scanning Mod File: / path net/minecraftforge/fluids/capability/IFluidHandler$FluidAction.class
[13Aug2026 02:00:06.406] [background-scan-handler-2/DEBUG] [net.minecraftforge.fml.loading.moddiscovery.Scanner/SCAN]: Scanning Mod File: / path net/minecraftforge/fluids/capability/FluidHandlerBlockEntity.class
[13Aug2026 02:00:06.408] [background-scan-handler-2/DEBUG] [net.minecraftforge.fml.loading.moddiscovery.Scanner/SCAN]: Scanning Mod File: / path net/minecraftforge/event/village/WandererTradesEvent.class
[13Aug2026 02:00:06.408] [background-scan-handler-2/DEBUG] [net.minecraftforge.fml.loading.moddiscovery.Scanner/SCAN]: Scanning Mod File: / path net/minecraftforge/event/village/VillageSiegeEvent.class
[13Aug2026 02:00:06.409] [background-scan-handler-2/DEBUG] [net.minecraftforge.fml.loading.moddiscovery.Scanner/SCAN]: Scanning Mod File: / path net/minecraftforge/event/village/VillagerTradesEvent.class
[13Aug2026 02:00:06.409] [background-scan-handler-2/DEBUG] [net.minecraftforge.fml.loading.moddiscovery.Scanner/SCAN]: Scanning Mod File: / path net/minecraftforge/event/VanillaGameEvent.class
[13Aug2026 02:00:06.410] [background-scan-handler-2/DEBUG] [net.minecraftforge.fml.loading.moddiscovery.Scanner/SCAN]: Scanning Mod File: / path net/minecraftforge/event/TickEvent.class
[13Aug2026 02:00:06.410] [background-scan-handler-2/DEBUG] [net.minecraftforge.fml.loading.moddiscovery.Scanner/SCAN]: Scanning Mod File: / path net/minecraftforge/event/TickEvent$Type.class
[13Aug2026 02:00:06.410] [background-scan-handler-2/DEBUG] [net.minecraftforge.fml.loading.moddiscovery.Scanner/SCAN]: Scanning Mod File: / path net/minecraftforge/event/TickEvent$ServerTickEvent.class
[13Aug2026 02:00:06.410] [background-scan-handler-2/DEBUG] [net.minecraftforge.fml.loading.moddiscovery.Scanner/SCAN]: Scanning Mod File: / path net/minecraftforge/event/TickEvent$RenderTickEvent.class
[13Aug2026 02:00:06.410] [background-scan-handler-2/DEBUG] [net.minecraftforge.fml.loading.moddiscovery.Scanner/SCAN]: Scanning Mod File: / path net/minecraftforge/event/TickEvent$PlayerTickEvent.class
[13Aug2026 02:00:06.411] [background-scan-handler-2/DEBUG] [net.minecraftforge.fml.loading.moddiscovery.Scanner/SCAN]: Scanning Mod File: / path net/minecraftforge/event/TickEvent$Phase.class
[13Aug2026 02:00:06.411] [background-scan-handler-2/DEBUG] [net.minecraftforge.fml.loading.moddiscovery.Scanner/SCAN]: Scanning Mod File: / path net/minecraftforge/event/TickEvent$LevelTickEvent.class
[13Aug2026 02:00:06.411] [background-scan-handler-2/DEBUG] [net.minecraftforge.fml.loading.moddiscovery.Scanner/SCAN]: Scanning Mod File: / path net/minecraftforge/event/TickEvent$ClientTickEvent.class
[13Aug2026 02:00:06.412] [background-scan-handler-2/DEBUG] [net.minecraftforge.fml.loading.moddiscovery.Scanner/SCAN]: Scanning Mod File: / path net/minecraftforge/event/TagsUpdatedEvent.class
[13Aug2026 02:00:06.413] [background-scan-handler-2/DEBUG] [net.minecraftforge.fml.loading.moddiscovery.Scanner/SCAN]: Scanning Mod File: / path net/minecraftforge/event/TagsUpdatedEvent$UpdateCause.class
[13Aug2026 02:00:06.413] [background-scan-handler-2/DEBUG] [net.minecraftforge.fml.loading.moddiscovery.Scanner/SCAN]: Scanning Mod File: / path net/minecraftforge/event/ServerChatEvent.class
[13Aug2026 02:00:06.414] [background-scan-handler-2/DEBUG] [net.minecraftforge.fml.loading.moddiscovery.Scanner/SCAN]: Scanning Mod File: / path net/minecraftforge/event/server/ServerStoppingEvent.class
[13Aug2026 02:00:06.415] [background-scan-handler-2/DEBUG] [net.minecraftforge.fml.loading.moddiscovery.Scanner/SCAN]: Scanning Mod File: / path net/minecraftforge/event/server/ServerStoppedEvent.class
[13Aug2026 02:00:06.415] [background-scan-handler-2/DEBUG] [net.minecraftforge.fml.loading.moddiscovery.Scanner/SCAN]: Scanning Mod File: / path net/minecraftforge/event/server/ServerStartingEvent.class
[13Aug2026 02:00:06.415] [background-scan-handler-2/DEBUG] [net.minecraftforge.fml.loading.moddiscovery.Scanner/SCAN]: Scanning Mod File: / path net/minecraftforge/event/server/ServerStartedEvent.class
[13Aug2026 02:00:06.415] [background-scan-handler-2/DEBUG] [net.minecraftforge.fml.loading.moddiscovery.Scanner/SCAN]: Scanning Mod File: / path net/minecraftforge/event/server/ServerLifecycleEvent.class
[13Aug2026 02:00:06.415] [background-scan-handler-2/DEBUG] [net.minecraftforge.fml.loading.moddiscovery.Scanner/SCAN]: Scanning Mod File: / path net/minecraftforge/event/server/ServerAboutToStartEvent.class
[13Aug2026 02:00:06.416] [background-scan-handler-2/DEBUG] [net.minecraftforge.fml.loading.moddiscovery.Scanner/SCAN]: Scanning Mod File: / path net/minecraftforge/event/RegisterStructureConversionsEvent.class
[13Aug2026 02:00:06.416] [background-scan-handler-2/DEBUG] [net.minecraftforge.fml.loading.moddiscovery.Scanner/SCAN]: Scanning Mod File: / path net/minecraftforge/event/RegisterGameTestsEvent.class
[13Aug2026 02:00:06.417] [background-scan-handler-2/DEBUG] [net.minecraftforge.fml.loading.moddiscovery.Scanner/SCAN]: Scanning Mod File: / path net/minecraftforge/event/RegisterCommandsEvent.class
[13Aug2026 02:00:06.417] [background-scan-handler-2/DEBUG] [net.minecraftforge.fml.loading.moddiscovery.Scanner/SCAN]: Scanning Mod File: / path net/minecraftforge/event/PlayLevelSoundEvent.class
[13Aug2026 02:00:06.417] [background-scan-handler-2/DEBUG] [net.minecraftforge.fml.loading.moddiscovery.Scanner/SCAN]: Scanning Mod File: / path net/minecraftforge/event/PlayLevelSoundEvent$AtPosition.class
[13Aug2026 02:00:06.418] [background-scan-handler-2/DEBUG] [net.minecraftforge.fml.loading.moddiscovery.Scanner/SCAN]: Scanning Mod File: / path net/minecraftforge/event/PlayLevelSoundEvent$AtEntity.class
[13Aug2026 02:00:06.418] [background-scan-handler-2/DEBUG] [net.minecraftforge.fml.loading.moddiscovery.Scanner/SCAN]: Scanning Mod File: / path net/minecraftforge/event/OnDatapackSyncEvent.class
[13Aug2026 02:00:06.418] [background-scan-handler-2/DEBUG] [net.minecraftforge.fml.loading.moddiscovery.Scanner/SCAN]: Scanning Mod File: / path net/minecraftforge/event/ModMismatchEvent.class
[13Aug2026 02:00:06.419] [background-scan-handler-2/DEBUG] [net.minecraftforge.fml.loading.moddiscovery.Scanner/SCAN]: Scanning Mod File: / path net/minecraftforge/event/ModMismatchEvent$MismatchResolutionResult.class
[13Aug2026 02:00:06.419] [background-scan-handler-2/DEBUG] [net.minecraftforge.fml.loading.moddiscovery.Scanner/SCAN]: Scanning Mod File: / path net/minecraftforge/event/ModMismatchEvent$MismatchedVersionInfo.class
[13Aug2026 02:00:06.419] [background-scan-handler-2/DEBUG] [net.minecraftforge.fml.loading.moddiscovery.Scanner/SCAN]: Scanning Mod File: / path net/minecraftforge/event/LootTableLoadEvent.class
[13Aug2026 02:00:06.421] [background-scan-handler-2/DEBUG] [net.minecraftforge.fml.loading.moddiscovery.Scanner/SCAN]: Scanning Mod File: / path net/minecraftforge/event/level/SleepFinishedTimeEvent.class
[13Aug2026 02:00:06.422] [background-scan-handler-2/DEBUG] [net.minecraftforge.fml.loading.moddiscovery.Scanner/SCAN]: Scanning Mod File: / path net/minecraftforge/event/level/SaplingGrowTreeEvent.class
[13Aug2026 02:00:06.423] [background-scan-handler-2/DEBUG] [net.minecraftforge.fml.loading.moddiscovery.Scanner/SCAN]: Scanning Mod File: / path net/minecraftforge/event/level/PistonEvent.class
[13Aug2026 02:00:06.424] [background-scan-handler-2/DEBUG] [net.minecraftforge.fml.loading.moddiscovery.Scanner/SCAN]: Scanning Mod File: / path net/minecraftforge/event/level/PistonEvent$Pre.class
[13Aug2026 02:00:06.424] [background-scan-handler-2/DEBUG] [net.minecraftforge.fml.loading.moddiscovery.Scanner/SCAN]: Scanning Mod File: / path net/minecraftforge/event/level/PistonEvent$Post.class
[13Aug2026 02:00:06.424] [background-scan-handler-2/DEBUG] [net.minecraftforge.fml.loading.moddiscovery.Scanner/SCAN]: Scanning Mod File: / path net/minecraftforge/event/level/PistonEvent$PistonMoveType.class
[13Aug2026 02:00:06.425] [background-scan-handler-2/DEBUG] [net.minecraftforge.fml.loading.moddiscovery.Scanner/SCAN]: Scanning Mod File: / path net/minecraftforge/event/level/NoteBlockEvent.class
[13Aug2026 02:00:06.425] [background-scan-handler-2/DEBUG] [net.minecraftforge.fml.loading.moddiscovery.Scanner/SCAN]: Scanning Mod File: / path net/minecraftforge/event/level/NoteBlockEvent$Play.class
[13Aug2026 02:00:06.425] [background-scan-handler-2/DEBUG] [net.minecraftforge.fml.loading.moddiscovery.Scanner/SCAN]: Scanning Mod File: / path net/minecraftforge/event/level/NoteBlockEvent$Octave.class
[13Aug2026 02:00:06.425] [background-scan-handler-2/DEBUG] [net.minecraftforge.fml.loading.moddiscovery.Scanner/SCAN]: Scanning Mod File: / path net/minecraftforge/event/level/NoteBlockEvent$Note.class
[13Aug2026 02:00:06.426] [background-scan-handler-2/DEBUG] [net.minecraftforge.fml.loading.moddiscovery.Scanner/SCAN]: Scanning Mod File: / path net/minecraftforge/event/level/NoteBlockEvent$Change.class
[13Aug2026 02:00:06.426] [background-scan-handler-2/DEBUG] [net.minecraftforge.fml.loading.moddiscovery.Scanner/SCAN]: Scanning Mod File: / path net/minecraftforge/event/level/LevelEvent.class
[13Aug2026 02:00:06.427] [background-scan-handler-2/DEBUG] [net.minecraftforge.fml.loading.moddiscovery.Scanner/SCAN]: Scanning Mod File: / path net/minecraftforge/event/level/LevelEvent$Unload.class
[13Aug2026 02:00:06.427] [background-scan-handler-2/DEBUG] [net.minecraftforge.fml.loading.moddiscovery.Scanner/SCAN]: Scanning Mod File: / path net/minecraftforge/event/level/LevelEvent$Save.class
[13Aug2026 02:00:06.427] [background-scan-handler-2/DEBUG] [net.minecraftforge.fml.loading.moddiscovery.Scanner/SCAN]: Scanning Mod File: / path net/minecraftforge/event/level/LevelEvent$PotentialSpawns.class
[13Aug2026 02:00:06.428] [background-scan-handler-2/DEBUG] [net.minecraftforge.fml.loading.moddiscovery.Scanner/SCAN]: Scanning Mod File: / path net/minecraftforge/event/level/LevelEvent$Load.class
[13Aug2026 02:00:06.428] [background-scan-handler-2/DEBUG] [net.minecraftforge.fml.loading.moddiscovery.Scanner/SCAN]: Scanning Mod File: / path net/minecraftforge/event/level/LevelEvent$CreateSpawnPosition.class
[13Aug2026 02:00:06.428] [background-scan-handler-2/DEBUG] [net.minecraftforge.fml.loading.moddiscovery.Scanner/SCAN]: Scanning Mod File: / path net/minecraftforge/event/level/ExplosionEvent.class
[13Aug2026 02:00:06.429] [background-scan-handler-2/DEBUG] [net.minecraftforge.fml.loading.moddiscovery.Scanner/SCAN]: Scanning Mod File: / path net/minecraftforge/event/level/ExplosionEvent$Start.class
[13Aug2026 02:00:06.430] [background-scan-handler-2/DEBUG] [net.minecraftforge.fml.loading.moddiscovery.Scanner/SCAN]: Scanning Mod File: / path net/minecraftforge/event/level/ExplosionEvent$Detonate.class
[13Aug2026 02:00:06.430] [background-scan-handler-2/DEBUG] [net.minecraftforge.fml.loading.moddiscovery.Scanner/SCAN]: Scanning Mod File: / path net/minecraftforge/event/level/ChunkWatchEvent.class
[13Aug2026 02:00:06.431] [background-scan-handler-2/DEBUG] [net.minecraftforge.fml.loading.moddiscovery.Scanner/SCAN]: Scanning Mod File: / path net/minecraftforge/event/level/ChunkWatchEvent$Watch.class
[13Aug2026 02:00:06.432] [background-scan-handler-2/DEBUG] [net.minecraftforge.fml.loading.moddiscovery.Scanner/SCAN]: Scanning Mod File: / path net/minecraftforge/event/level/ChunkWatchEvent$UnWatch.class
[13Aug2026 02:00:06.432] [background-scan-handler-2/DEBUG] [net.minecraftforge.fml.loading.moddiscovery.Scanner/SCAN]: Scanning Mod File: / path net/minecraftforge/event/level/ChunkTicketLevelUpdatedEvent.class
[13Aug2026 02:00:06.432] [background-scan-handler-2/DEBUG] [net.minecraftforge.fml.loading.moddiscovery.Scanner/SCAN]: Scanning Mod File: / path net/minecraftforge/event/level/ChunkEvent.class
[13Aug2026 02:00:06.433] [background-scan-handler-2/DEBUG] [net.minecraftforge.fml.loading.moddiscovery.Scanner/SCAN]: Scanning Mod File: / path net/minecraftforge/event/level/ChunkEvent$Unload.class
[13Aug2026 02:00:06.433] [background-scan-handler-2/DEBUG] [net.minecraftforge.fml.loading.moddiscovery.Scanner/SCAN]: Scanning Mod File: / path net/minecraftforge/event/level/ChunkEvent$Load.class
[13Aug2026 02:00:06.433] [background-scan-handler-2/DEBUG] [net.minecraftforge.fml.loading.moddiscovery.Scanner/SCAN]: Scanning Mod File: / path net/minecraftforge/event/level/ChunkDataEvent.class
[13Aug2026 02:00:06.434] [background-scan-handler-2/DEBUG] [net.minecraftforge.fml.loading.moddiscovery.Scanner/SCAN]: Scanning Mod File: / path net/minecraftforge/event/level/ChunkDataEvent$Save.class
[13Aug2026 02:00:06.435] [background-scan-handler-2/DEBUG] [net.minecraftforge.fml.loading.moddiscovery.Scanner/SCAN]: Scanning Mod File: / path net/minecraftforge/event/level/ChunkDataEvent$Load.class
[13Aug2026 02:00:06.435] [background-scan-handler-2/DEBUG] [net.minecraftforge.fml.loading.moddiscovery.Scanner/SCAN]: Scanning Mod File: / path net/minecraftforge/event/level/BlockEvent.class
[13Aug2026 02:00:06.435] [background-scan-handler-2/DEBUG] [net.minecraftforge.fml.loading.moddiscovery.Scanner/SCAN]: Scanning Mod File: / path net/minecraftforge/event/level/BlockEvent$PortalSpawnEvent.class
[13Aug2026 02:00:06.435] [background-scan-handler-2/DEBUG] [net.minecraftforge.fml.loading.moddiscovery.Scanner/SCAN]: Scanning Mod File: / path net/minecraftforge/event/level/BlockEvent$NeighborNotifyEvent.class
[13Aug2026 02:00:06.436] [background-scan-handler-2/DEBUG] [net.minecraftforge.fml.loading.moddiscovery.Scanner/SCAN]: Scanning Mod File: / path net/minecraftforge/event/level/BlockEvent$FluidPlaceBlockEvent.class
[13Aug2026 02:00:06.437] [background-scan-handler-2/DEBUG] [net.minecraftforge.fml.loading.moddiscovery.Scanner/SCAN]: Scanning Mod File: / path net/minecraftforge/event/level/BlockEvent$FarmlandTrampleEvent.class
[13Aug2026 02:00:06.437] [background-scan-handler-2/DEBUG] [net.minecraftforge.fml.loading.moddiscovery.Scanner/SCAN]: Scanning Mod File: / path net/minecraftforge/event/level/BlockEvent$EntityPlaceEvent.class
[13Aug2026 02:00:06.437] [background-scan-handler-2/DEBUG] [net.minecraftforge.fml.loading.moddiscovery.Scanner/SCAN]: Scanning Mod File: / path net/minecraftforge/event/level/BlockEvent$EntityMultiPlaceEvent.class
[13Aug2026 02:00:06.438] [background-scan-handler-2/DEBUG] [net.minecraftforge.fml.loading.moddiscovery.Scanner/SCAN]: Scanning Mod File: / path net/minecraftforge/event/level/BlockEvent$CropGrowEvent.class
[13Aug2026 02:00:06.438] [background-scan-handler-2/DEBUG] [net.minecraftforge.fml.loading.moddiscovery.Scanner/SCAN]: Scanning Mod File: / path net/minecraftforge/event/level/BlockEvent$CropGrowEvent$Pre.class
[13Aug2026 02:00:06.438] [background-scan-handler-2/DEBUG] [net.minecraftforge.fml.loading.moddiscovery.Scanner/SCAN]: Scanning Mod File: / path net/minecraftforge/event/level/BlockEvent$CropGrowEvent$Post.class
[13Aug2026 02:00:06.439] [background-scan-handler-2/DEBUG] [net.minecraftforge.fml.loading.moddiscovery.Scanner/SCAN]: Scanning Mod File: / path net/minecraftforge/event/level/BlockEvent$CreateFluidSourceEvent.class
[13Aug2026 02:00:06.439] [background-scan-handler-2/DEBUG] [net.minecraftforge.fml.loading.moddiscovery.Scanner/SCAN]: Scanning Mod File: / path net/minecraftforge/event/level/BlockEvent$BreakEvent.class
[13Aug2026 02:00:06.439] [background-scan-handler-2/DEBUG] [net.minecraftforge.fml.loading.moddiscovery.Scanner/SCAN]: Scanning Mod File: / path net/minecraftforge/event/level/BlockEvent$BlockToolModificationEvent.class
[13Aug2026 02:00:06.440] [background-scan-handler-2/DEBUG] [net.minecraftforge.fml.loading.moddiscovery.Scanner/SCAN]: Scanning Mod File: / path net/minecraftforge/event/level/AlterGroundEvent.class
[13Aug2026 02:00:06.440] [background-scan-handler-2/DEBUG] [net.minecraftforge.fml.loading.moddiscovery.Scanner/SCAN]: Scanning Mod File: / path net/minecraftforge/event/level/AlterGroundEvent$StateProvider.class
[13Aug2026 02:00:06.440] [background-scan-handler-2/DEBUG] [net.minecraftforge.fml.loading.moddiscovery.Scanner/SCAN]: Scanning Mod File: / path net/minecraftforge/event/ItemStackedOnOtherEvent.class
[13Aug2026 02:00:06.441] [background-scan-handler-2/DEBUG] [net.minecraftforge.fml.loading.moddiscovery.Scanner/SCAN]: Scanning Mod File: / path net/minecraftforge/event/ItemAttributeModifierEvent.class
[13Aug2026 02:00:06.441] [background-scan-handler-2/DEBUG] [net.minecraftforge.fml.loading.moddiscovery.Scanner/SCAN]: Scanning Mod File: / path net/minecraftforge/event/GrindstoneEvent.class
[13Aug2026 02:00:06.441] [background-scan-handler-2/DEBUG] [net.minecraftforge.fml.loading.moddiscovery.Scanner/SCAN]: Scanning Mod File: / path net/minecraftforge/event/GrindstoneEvent$OnTakeItem.class
[13Aug2026 02:00:06.442] [background-scan-handler-2/DEBUG] [net.minecraftforge.fml.loading.moddiscovery.Scanner/SCAN]: Scanning Mod File: / path net/minecraftforge/event/GrindstoneEvent$OnPlaceItem.class
[13Aug2026 02:00:06.442] [background-scan-handler-2/DEBUG] [net.minecraftforge.fml.loading.moddiscovery.Scanner/SCAN]: Scanning Mod File: / path net/minecraftforge/event/GetEnchantmentLevelEvent.class
[13Aug2026 02:00:06.443] [background-scan-handler-2/DEBUG] [net.minecraftforge.fml.loading.moddiscovery.Scanner/SCAN]: Scanning Mod File: / path net/minecraftforge/event/GameShuttingDownEvent.class
[13Aug2026 02:00:06.443] [background-scan-handler-2/DEBUG] [net.minecraftforge.fml.loading.moddiscovery.Scanner/SCAN]: Scanning Mod File: / path net/minecraftforge/event/furnace/FurnaceFuelBurnTimeEvent.class
[13Aug2026 02:00:06.444] [background-scan-handler-2/DEBUG] [net.minecraftforge.fml.loading.moddiscovery.Scanner/SCAN]: Scanning Mod File: / path net/minecraftforge/event/ForgeEventFactory.class
[13Aug2026 02:00:06.449] [background-scan-handler-2/DEBUG] [net.minecraftforge.fml.loading.moddiscovery.Scanner/SCAN]: Scanning Mod File: / path net/minecraftforge/event/entity/SpawnPlacementRegisterEvent.class
[13Aug2026 02:00:06.450] [background-scan-handler-2/DEBUG] [net.minecraftforge.fml.loading.moddiscovery.Scanner/SCAN]: Scanning Mod File: / path net/minecraftforge/event/entity/SpawnPlacementRegisterEvent$Operation.class
[13Aug2026 02:00:06.451] [background-scan-handler-2/DEBUG] [net.minecraftforge.fml.loading.moddiscovery.Scanner/SCAN]: Scanning Mod File: / path net/minecraftforge/event/entity/SpawnPlacementRegisterEvent$MergedSpawnPredicate.class
[13Aug2026 02:00:06.452] [background-scan-handler-2/DEBUG] [net.minecraftforge.fml.loading.moddiscovery.Scanner/SCAN]: Scanning Mod File: / path net/minecraftforge/event/entity/ProjectileImpactEvent.class
[13Aug2026 02:00:06.455] [background-scan-handler-2/DEBUG] [net.minecraftforge.fml.loading.moddiscovery.Scanner/SCAN]: Scanning Mod File: / path net/minecraftforge/event/entity/player/TradeWithVillagerEvent.class
[13Aug2026 02:00:06.456] [background-scan-handler-2/DEBUG] [net.minecraftforge.fml.loading.moddiscovery.Scanner/SCAN]: Scanning Mod File: / path net/minecraftforge/event/entity/player/SleepingTimeCheckEvent.class
[13Aug2026 02:00:06.456] [background-scan-handler-2/DEBUG] [net.minecraftforge.fml.loading.moddiscovery.Scanner/SCAN]: Scanning Mod File: / path net/minecraftforge/event/entity/player/SleepingLocationCheckEvent.class
[13Aug2026 02:00:06.457] [background-scan-handler-2/DEBUG] [net.minecraftforge.fml.loading.moddiscovery.Scanner/SCAN]: Scanning Mod File: / path net/minecraftforge/event/entity/player/PlayerXpEvent.class
[13Aug2026 02:00:06.457] [background-scan-handler-2/DEBUG] [net.minecraftforge.fml.loading.moddiscovery.Scanner/SCAN]: Scanning Mod File: / path net/minecraftforge/event/entity/player/PlayerXpEvent$XpChange.class
[13Aug2026 02:00:06.458] [background-scan-handler-2/DEBUG] [net.minecraftforge.fml.loading.moddiscovery.Scanner/SCAN]: Scanning Mod File: / path net/minecraftforge/event/entity/player/PlayerXpEvent$PickupXp.class
[13Aug2026 02:00:06.458] [background-scan-handler-2/DEBUG] [net.minecraftforge.fml.loading.moddiscovery.Scanner/SCAN]: Scanning Mod File: / path net/minecraftforge/event/entity/player/PlayerXpEvent$LevelChange.class
[13Aug2026 02:00:06.459] [background-scan-handler-2/DEBUG] [net.minecraftforge.fml.loading.moddiscovery.Scanner/SCAN]: Scanning Mod File: / path net/minecraftforge/event/entity/player/PlayerWakeUpEvent.class
[13Aug2026 02:00:06.459] [background-scan-handler-2/DEBUG] [net.minecraftforge.fml.loading.moddiscovery.Scanner/SCAN]: Scanning Mod File: / path net/minecraftforge/event/entity/player/PlayerSpawnPhantomsEvent.class
[13Aug2026 02:00:06.460] [background-scan-handler-2/DEBUG] [net.minecraftforge.fml.loading.moddiscovery.Scanner/SCAN]: Scanning Mod File: / path net/minecraftforge/event/entity/player/PlayerSleepInBedEvent.class
[13Aug2026 02:00:06.461] [background-scan-handler-2/DEBUG] [net.minecraftforge.fml.loading.moddiscovery.Scanner/SCAN]: Scanning Mod File: / path net/minecraftforge/event/entity/player/PlayerSetSpawnEvent.class
[13Aug2026 02:00:06.465] [background-scan-handler-2/DEBUG] [net.minecraftforge.fml.loading.moddiscovery.Scanner/SCAN]: Scanning Mod File: / path net/minecraftforge/event/entity/player/PlayerNegotiationEvent.class
[13Aug2026 02:00:06.465] [background-scan-handler-2/DEBUG] [net.minecraftforge.fml.loading.moddiscovery.Scanner/SCAN]: Scanning Mod File: / path net/minecraftforge/event/entity/player/PlayerInteractEvent.class
[13Aug2026 02:00:06.465] [background-scan-handler-2/DEBUG] [net.minecraftforge.fml.loading.moddiscovery.Scanner/SCAN]: Scanning Mod File: / path net/minecraftforge/event/entity/player/PlayerInteractEvent$RightClickItem.class
[13Aug2026 02:00:06.467] [background-scan-handler-2/DEBUG] [net.minecraftforge.fml.loading.moddiscovery.Scanner/SCAN]: Scanning Mod File: / path net/minecraftforge/event/entity/player/PlayerInteractEvent$RightClickEmpty.class
[13Aug2026 02:00:06.467] [background-scan-handler-2/DEBUG] [net.minecraftforge.fml.loading.moddiscovery.Scanner/SCAN]: Scanning Mod File: / path net/minecraftforge/event/entity/player/PlayerInteractEvent$RightClickBlock.class
[13Aug2026 02:00:06.468] [background-scan-handler-2/DEBUG] [net.minecraftforge.fml.loading.moddiscovery.Scanner/SCAN]: Scanning Mod File: / path net/minecraftforge/event/entity/player/PlayerInteractEvent$LeftClickEmpty.class
[13Aug2026 02:00:06.469] [background-scan-handler-2/DEBUG] [net.minecraftforge.fml.loading.moddiscovery.Scanner/SCAN]: Scanning Mod File: / path net/minecraftforge/event/entity/player/PlayerInteractEvent$LeftClickBlock.class
[13Aug2026 02:00:06.471] [background-scan-handler-2/DEBUG] [net.minecraftforge.fml.loading.moddiscovery.Scanner/SCAN]: Scanning Mod File: / path net/minecraftforge/event/entity/player/PlayerInteractEvent$LeftClickBlock$Action.class
[13Aug2026 02:00:06.472] [background-scan-handler-2/DEBUG] [net.minecraftforge.fml.loading.moddiscovery.Scanner/SCAN]: Scanning Mod File: / path net/minecraftforge/event/entity/player/PlayerInteractEvent$EntityInteractSpecific.class
[13Aug2026 02:00:06.473] [background-scan-handler-2/DEBUG] [net.minecraftforge.fml.loading.moddiscovery.Scanner/SCAN]: Scanning Mod File: / path net/minecraftforge/event/entity/player/PlayerInteractEvent$EntityInteract.class
[13Aug2026 02:00:06.473] [background-scan-handler-2/DEBUG] [net.minecraftforge.fml.loading.moddiscovery.Scanner/SCAN]: Scanning Mod File: / path net/minecraftforge/event/entity/player/PlayerInteractEvent$1.class
[13Aug2026 02:00:06.474] [background-scan-handler-2/DEBUG] [net.minecraftforge.fml.loading.moddiscovery.Scanner/SCAN]: Scanning Mod File: / path net/minecraftforge/event/entity/player/PlayerFlyableFallEvent.class
[13Aug2026 02:00:06.474] [background-scan-handler-2/DEBUG] [net.minecraftforge.fml.loading.moddiscovery.Scanner/SCAN]: Scanning Mod File: / path net/minecraftforge/event/entity/player/PlayerEvent.class
[13Aug2026 02:00:06.475] [background-scan-handler-2/DEBUG] [net.minecraftforge.fml.loading.moddiscovery.Scanner/SCAN]: Scanning Mod File: / path net/minecraftforge/event/entity/player/PlayerEvent$TabListNameFormat.class
[13Aug2026 02:00:06.476] [background-scan-handler-2/DEBUG] [net.minecraftforge.fml.loading.moddiscovery.Scanner/SCAN]: Scanning Mod File: / path net/minecraftforge/event/entity/player/PlayerEvent$StopTracking.class
[13Aug2026 02:00:06.506] [background-scan-handler-2/DEBUG] [net.minecraftforge.fml.loading.moddiscovery.Scanner/SCAN]: Scanning Mod File: / path net/minecraftforge/event/entity/player/PlayerEvent$StartTracking.class
[13Aug2026 02:00:06.507] [background-scan-handler-2/DEBUG] [net.minecraftforge.fml.loading.moddiscovery.Scanner/SCAN]: Scanning Mod File: / path net/minecraftforge/event/entity/player/PlayerEvent$SaveToFile.class
[13Aug2026 02:00:06.507] [background-scan-handler-2/DEBUG] [net.minecraftforge.fml.loading.moddiscovery.Scanner/SCAN]: Scanning Mod File: / path net/minecraftforge/event/entity/player/PlayerEvent$PlayerRespawnEvent.class
[13Aug2026 02:00:06.507] [background-scan-handler-2/DEBUG] [net.minecraftforge.fml.loading.moddiscovery.Scanner/SCAN]: Scanning Mod File: / path net/minecraftforge/event/entity/player/PlayerEvent$PlayerLoggedOutEvent.class
[13Aug2026 02:00:06.510] [background-scan-handler-2/DEBUG] [net.minecraftforge.fml.loading.moddiscovery.Scanner/SCAN]: Scanning Mod File: / path net/minecraftforge/event/entity/player/PlayerEvent$PlayerLoggedInEvent.class
[13Aug2026 02:00:06.511] [background-scan-handler-2/DEBUG] [net.minecraftforge.fml.loading.moddiscovery.Scanner/SCAN]: Scanning Mod File: / path net/minecraftforge/event/entity/player/PlayerEvent$PlayerChangeGameModeEvent.class
[13Aug2026 02:00:06.511] [background-scan-handler-2/DEBUG] [net.minecraftforge.fml.loading.moddiscovery.Scanner/SCAN]: Scanning Mod File: / path net/minecraftforge/event/entity/player/PlayerEvent$PlayerChangedDimensionEvent.class
[13Aug2026 02:00:06.511] [background-scan-handler-2/DEBUG] [net.minecraftforge.fml.loading.moddiscovery.Scanner/SCAN]: Scanning Mod File: / path net/minecraftforge/event/entity/player/PlayerEvent$NameFormat.class
[13Aug2026 02:00:06.511] [background-scan-handler-2/DEBUG] [net.minecraftforge.fml.loading.moddiscovery.Scanner/SCAN]: Scanning Mod File: / path net/minecraftforge/event/entity/player/PlayerEvent$LoadFromFile.class
[13Aug2026 02:00:06.512] [background-scan-handler-2/DEBUG] [net.minecraftforge.fml.loading.moddiscovery.Scanner/SCAN]: Scanning Mod File: / path net/minecraftforge/event/entity/player/PlayerEvent$ItemSmeltedEvent.class
[13Aug2026 02:00:06.512] [background-scan-handler-2/DEBUG] [net.minecraftforge.fml.loading.moddiscovery.Scanner/SCAN]: Scanning Mod File: / path net/minecraftforge/event/entity/player/PlayerEvent$ItemPickupEvent.class
[13Aug2026 02:00:06.513] [background-scan-handler-2/DEBUG] [net.minecraftforge.fml.loading.moddiscovery.Scanner/SCAN]: Scanning Mod File: / path net/minecraftforge/event/entity/player/PlayerEvent$ItemCraftedEvent.class
[13Aug2026 02:00:06.513] [background-scan-handler-2/DEBUG] [net.minecraftforge.fml.loading.moddiscovery.Scanner/SCAN]: Scanning Mod File: / path net/minecraftforge/event/entity/player/PlayerEvent$HarvestCheck.class
[13Aug2026 02:00:06.513] [background-scan-handler-2/DEBUG] [net.minecraftforge.fml.loading.moddiscovery.Scanner/SCAN]: Scanning Mod File: / path net/minecraftforge/event/entity/player/PlayerEvent$Clone.class
[13Aug2026 02:00:06.513] [background-scan-handler-2/DEBUG] [net.minecraftforge.fml.loading.moddiscovery.Scanner/SCAN]: Scanning Mod File: / path net/minecraftforge/event/entity/player/PlayerEvent$BreakSpeed.class
[13Aug2026 02:00:06.514] [background-scan-handler-2/DEBUG] [net.minecraftforge.fml.loading.moddiscovery.Scanner/SCAN]: Scanning Mod File: / path net/minecraftforge/event/entity/player/PlayerDestroyItemEvent.class
[13Aug2026 02:00:06.514] [background-scan-handler-2/DEBUG] [net.minecraftforge.fml.loading.moddiscovery.Scanner/SCAN]: Scanning Mod File: / path net/minecraftforge/event/entity/player/PlayerContainerEvent.class
[13Aug2026 02:00:06.514] [background-scan-handler-2/DEBUG] [net.minecraftforge.fml.loading.moddiscovery.Scanner/SCAN]: Scanning Mod File: / path net/minecraftforge/event/entity/player/PlayerContainerEvent$Open.class
[13Aug2026 02:00:06.515] [background-scan-handler-2/DEBUG] [net.minecraftforge.fml.loading.moddiscovery.Scanner/SCAN]: Scanning Mod File: / path net/minecraftforge/event/entity/player/PlayerContainerEvent$Close.class
[13Aug2026 02:00:06.515] [background-scan-handler-2/DEBUG] [net.minecraftforge.fml.loading.moddiscovery.Scanner/SCAN]: Scanning Mod File: / path net/minecraftforge/event/entity/player/PermissionsChangedEvent.class
[13Aug2026 02:00:06.515] [background-scan-handler-2/DEBUG] [net.minecraftforge.fml.loading.moddiscovery.Scanner/SCAN]: Scanning Mod File: / path net/minecraftforge/event/entity/player/ItemTooltipEvent.class
[13Aug2026 02:00:06.515] [background-scan-handler-2/DEBUG] [net.minecraftforge.fml.loading.moddiscovery.Scanner/SCAN]: Scanning Mod File: / path net/minecraftforge/event/entity/player/ItemFishedEvent.class
[13Aug2026 02:00:06.515] [background-scan-handler-2/DEBUG] [net.minecraftforge.fml.loading.moddiscovery.Scanner/SCAN]: Scanning Mod File: / path net/minecraftforge/event/entity/player/FillBucketEvent.class
[13Aug2026 02:00:06.516] [background-scan-handler-2/DEBUG] [net.minecraftforge.fml.loading.moddiscovery.Scanner/SCAN]: Scanning Mod File: / path net/minecraftforge/event/entity/player/EntityItemPickupEvent.class
[13Aug2026 02:00:06.516] [background-scan-handler-2/DEBUG] [net.minecraftforge.fml.loading.moddiscovery.Scanner/SCAN]: Scanning Mod File: / path net/minecraftforge/event/entity/player/CriticalHitEvent.class
[13Aug2026 02:00:06.516] [background-scan-handler-2/DEBUG] [net.minecraftforge.fml.loading.moddiscovery.Scanner/SCAN]: Scanning Mod File: / path net/minecraftforge/event/entity/player/BonemealEvent.class
[13Aug2026 02:00:06.516] [background-scan-handler-2/DEBUG] [net.minecraftforge.fml.loading.moddiscovery.Scanner/SCAN]: Scanning Mod File: / path net/minecraftforge/event/entity/player/AttackEntityEvent.class
[13Aug2026 02:00:06.517] [background-scan-handler-2/DEBUG] [net.minecraftforge.fml.loading.moddiscovery.Scanner/SCAN]: Scanning Mod File: / path net/minecraftforge/event/entity/player/ArrowNockEvent.class
[13Aug2026 02:00:06.517] [background-scan-handler-2/DEBUG] [net.minecraftforge.fml.loading.moddiscovery.Scanner/SCAN]: Scanning Mod File: / path net/minecraftforge/event/entity/player/ArrowLooseEvent.class
[13Aug2026 02:00:06.517] [background-scan-handler-2/DEBUG] [net.minecraftforge.fml.loading.moddiscovery.Scanner/SCAN]: Scanning Mod File: / path net/minecraftforge/event/entity/player/AnvilRepairEvent.class
[13Aug2026 02:00:06.518] [background-scan-handler-2/DEBUG] [net.minecraftforge.fml.loading.moddiscovery.Scanner/SCAN]: Scanning Mod File: / path net/minecraftforge/event/entity/player/AdvancementEvent.class
[13Aug2026 02:00:06.518] [background-scan-handler-2/DEBUG] [net.minecraftforge.fml.loading.moddiscovery.Scanner/SCAN]: Scanning Mod File: / path net/minecraftforge/event/entity/player/AdvancementEvent$AdvancementProgressEvent.class
[13Aug2026 02:00:06.518] [background-scan-handler-2/DEBUG] [net.minecraftforge.fml.loading.moddiscovery.Scanner/SCAN]: Scanning Mod File: / path net/minecraftforge/event/entity/player/AdvancementEvent$AdvancementProgressEvent$ProgressType.class
[13Aug2026 02:00:06.518] [background-scan-handler-2/DEBUG] [net.minecraftforge.fml.loading.moddiscovery.Scanner/SCAN]: Scanning Mod File: / path net/minecraftforge/event/entity/player/AdvancementEvent$AdvancementEarnEvent.class
[13Aug2026 02:00:06.520] [background-scan-handler-2/DEBUG] [net.minecraftforge.fml.loading.moddiscovery.Scanner/SCAN]: Scanning Mod File: / path net/minecraftforge/event/entity/living/ZombieEvent.class
[13Aug2026 02:00:06.521] [background-scan-handler-2/DEBUG] [net.minecraftforge.fml.loading.moddiscovery.Scanner/SCAN]: Scanning Mod File: / path net/minecraftforge/event/entity/living/ZombieEvent$SummonAidEvent.class
[13Aug2026 02:00:06.521] [background-scan-handler-2/DEBUG] [net.minecraftforge.fml.loading.moddiscovery.Scanner/SCAN]: Scanning Mod File: / path net/minecraftforge/event/entity/living/ShieldBlockEvent.class
[13Aug2026 02:00:06.521] [background-scan-handler-2/DEBUG] [net.minecraftforge.fml.loading.moddiscovery.Scanner/SCAN]: Scanning Mod File: / path net/minecraftforge/event/entity/living/PotionColorCalculationEvent.class
[13Aug2026 02:00:06.522] [background-scan-handler-2/DEBUG] [net.minecraftforge.fml.loading.moddiscovery.Scanner/SCAN]: Scanning Mod File: / path net/minecraftforge/event/entity/living/MobSpawnEvent.class
[13Aug2026 02:00:06.522] [background-scan-handler-2/DEBUG] [net.minecraftforge.fml.loading.moddiscovery.Scanner/SCAN]: Scanning Mod File: / path net/minecraftforge/event/entity/living/MobSpawnEvent$SpawnPlacementCheck.class
[13Aug2026 02:00:06.523] [background-scan-handler-2/DEBUG] [net.minecraftforge.fml.loading.moddiscovery.Scanner/SCAN]: Scanning Mod File: / path net/minecraftforge/event/entity/living/MobSpawnEvent$PositionCheck.class
[13Aug2026 02:00:06.524] [background-scan-handler-2/DEBUG] [net.minecraftforge.fml.loading.moddiscovery.Scanner/SCAN]: Scanning Mod File: / path net/minecraftforge/event/entity/living/MobSpawnEvent$FinalizeSpawn.class
[13Aug2026 02:00:06.528] [background-scan-handler-2/DEBUG] [net.minecraftforge.fml.loading.moddiscovery.Scanner/SCAN]: Scanning Mod File: / path net/minecraftforge/event/entity/living/MobSpawnEvent$AllowDespawn.class
[13Aug2026 02:00:06.529] [background-scan-handler-2/DEBUG] [net.minecraftforge.fml.loading.moddiscovery.Scanner/SCAN]: Scanning Mod File: / path net/minecraftforge/event/entity/living/MobEffectEvent.class
[13Aug2026 02:00:06.529] [background-scan-handler-2/DEBUG] [net.minecraftforge.fml.loading.moddiscovery.Scanner/SCAN]: Scanning Mod File: / path net/minecraftforge/event/entity/living/MobEffectEvent$Remove.class
[13Aug2026 02:00:06.530] [background-scan-handler-2/DEBUG] [net.minecraftforge.fml.loading.moddiscovery.Scanner/SCAN]: Scanning Mod File: / path net/minecraftforge/event/entity/living/MobEffectEvent$Expired.class
[13Aug2026 02:00:06.530] [background-scan-handler-2/DEBUG] [net.minecraftforge.fml.loading.moddiscovery.Scanner/SCAN]: Scanning Mod File: / path net/minecraftforge/event/entity/living/MobEffectEvent$Applicable.class
[13Aug2026 02:00:06.531] [background-scan-handler-2/DEBUG] [net.minecraftforge.fml.loading.moddiscovery.Scanner/SCAN]: Scanning Mod File: / path net/minecraftforge/event/entity/living/MobEffectEvent$Added.class
[13Aug2026 02:00:06.534] [background-scan-handler-2/DEBUG] [net.minecraftforge.fml.loading.moddiscovery.Scanner/SCAN]: Scanning Mod File: / path net/minecraftforge/event/entity/living/LootingLevelEvent.class
[13Aug2026 02:00:06.535] [background-scan-handler-2/DEBUG] [net.minecraftforge.fml.loading.moddiscovery.Scanner/SCAN]: Scanning Mod File: / path net/minecraftforge/event/entity/living/LivingUseTotemEvent.class
[13Aug2026 02:00:06.535] [background-scan-handler-2/DEBUG] [net.minecraftforge.fml.loading.moddiscovery.Scanner/SCAN]: Scanning Mod File: / path net/minecraftforge/event/entity/living/LivingSwapItemsEvent.class
[13Aug2026 02:00:06.535] [background-scan-handler-2/DEBUG] [net.minecraftforge.fml.loading.moddiscovery.Scanner/SCAN]: Scanning Mod File: / path net/minecraftforge/event/entity/living/LivingSwapItemsEvent$Hands.class
[13Aug2026 02:00:06.536] [background-scan-handler-2/DEBUG] [net.minecraftforge.fml.loading.moddiscovery.Scanner/SCAN]: Scanning Mod File: / path net/minecraftforge/event/entity/living/LivingPackSizeEvent.class
[13Aug2026 02:00:06.536] [background-scan-handler-2/DEBUG] [net.minecraftforge.fml.loading.moddiscovery.Scanner/SCAN]: Scanning Mod File: / path net/minecraftforge/event/entity/living/LivingKnockBackEvent.class
[13Aug2026 02:00:06.537] [background-scan-handler-2/DEBUG] [net.minecraftforge.fml.loading.moddiscovery.Scanner/SCAN]: Scanning Mod File: / path net/minecraftforge/event/entity/living/LivingHurtEvent.class
[13Aug2026 02:00:06.538] [background-scan-handler-2/DEBUG] [net.minecraftforge.fml.loading.moddiscovery.Scanner/SCAN]: Scanning Mod File: / path net/minecraftforge/event/entity/living/LivingHealEvent.class
[13Aug2026 02:00:06.538] [background-scan-handler-2/DEBUG] [net.minecraftforge.fml.loading.moddiscovery.Scanner/SCAN]: Scanning Mod File: / path net/minecraftforge/event/entity/living/LivingGetProjectileEvent.class
[13Aug2026 02:00:06.538] [background-scan-handler-2/DEBUG] [net.minecraftforge.fml.loading.moddiscovery.Scanner/SCAN]: Scanning Mod File: / path net/minecraftforge/event/entity/living/LivingFallEvent.class
[13Aug2026 02:00:06.543] [background-scan-handler-2/DEBUG] [net.minecraftforge.fml.loading.moddiscovery.Scanner/SCAN]: Scanning Mod File: / path net/minecraftforge/event/entity/living/LivingExperienceDropEvent.class
[13Aug2026 02:00:06.543] [background-scan-handler-2/DEBUG] [net.minecraftforge.fml.loading.moddiscovery.Scanner/SCAN]: Scanning Mod File: / path net/minecraftforge/event/entity/living/LivingEvent.class
[13Aug2026 02:00:06.543] [background-scan-handler-2/DEBUG] [net.minecraftforge.fml.loading.moddiscovery.Scanner/SCAN]: Scanning Mod File: / path net/minecraftforge/event/entity/living/LivingEvent$LivingVisibilityEvent.class
[13Aug2026 02:00:06.544] [background-scan-handler-2/DEBUG] [net.minecraftforge.fml.loading.moddiscovery.Scanner/SCAN]: Scanning Mod File: / path net/minecraftforge/event/entity/living/LivingEvent$LivingTickEvent.class
[13Aug2026 02:00:06.544] [background-scan-handler-2/DEBUG] [net.minecraftforge.fml.loading.moddiscovery.Scanner/SCAN]: Scanning Mod File: / path net/minecraftforge/event/entity/living/LivingEvent$LivingJumpEvent.class
[13Aug2026 02:00:06.544] [background-scan-handler-2/DEBUG] [net.minecraftforge.fml.loading.moddiscovery.Scanner/SCAN]: Scanning Mod File: / path net/minecraftforge/event/entity/living/LivingEquipmentChangeEvent.class
[13Aug2026 02:00:06.545] [background-scan-handler-2/DEBUG] [net.minecraftforge.fml.loading.moddiscovery.Scanner/SCAN]: Scanning Mod File: / path net/minecraftforge/event/entity/living/LivingEntityUseItemEvent.class
[13Aug2026 02:00:06.545] [background-scan-handler-2/DEBUG] [net.minecraftforge.fml.loading.moddiscovery.Scanner/SCAN]: Scanning Mod File: / path net/minecraftforge/event/entity/living/LivingEntityUseItemEvent$Tick.class
[13Aug2026 02:00:06.545] [background-scan-handler-2/DEBUG] [net.minecraftforge.fml.loading.moddiscovery.Scanner/SCAN]: Scanning Mod File: / path net/minecraftforge/event/entity/living/LivingEntityUseItemEvent$Stop.class
[13Aug2026 02:00:06.547] [background-scan-handler-2/DEBUG] [net.minecraftforge.fml.loading.moddiscovery.Scanner/SCAN]: Scanning Mod File: / path net/minecraftforge/event/entity/living/LivingEntityUseItemEvent$Start.class
[13Aug2026 02:00:06.548] [background-scan-handler-2/DEBUG] [net.minecraftforge.fml.loading.moddiscovery.Scanner/SCAN]: Scanning Mod File: / path net/minecraftforge/event/entity/living/LivingEntityUseItemEvent$Finish.class
[13Aug2026 02:00:06.550] [background-scan-handler-2/DEBUG] [net.minecraftforge.fml.loading.moddiscovery.Scanner/SCAN]: Scanning Mod File: / path net/minecraftforge/event/entity/living/LivingDrownEvent.class
[13Aug2026 02:00:06.550] [background-scan-handler-2/DEBUG] [net.minecraftforge.fml.loading.moddiscovery.Scanner/SCAN]: Scanning Mod File: / path net/minecraftforge/event/entity/living/LivingDropsEvent.class
[13Aug2026 02:00:06.553] [background-scan-handler-2/DEBUG] [net.minecraftforge.fml.loading.moddiscovery.Scanner/SCAN]: Scanning Mod File: / path net/minecraftforge/event/entity/living/LivingDestroyBlockEvent.class
[13Aug2026 02:00:06.554] [background-scan-handler-2/DEBUG] [net.minecraftforge.fml.loading.moddiscovery.Scanner/SCAN]: Scanning Mod File: / path net/minecraftforge/event/entity/living/LivingDeathEvent.class
[13Aug2026 02:00:06.557] [background-scan-handler-2/DEBUG] [net.minecraftforge.fml.loading.moddiscovery.Scanner/SCAN]: Scanning Mod File: / path net/minecraftforge/event/entity/living/LivingDamageEvent.class
[13Aug2026 02:00:06.558] [background-scan-handler-2/DEBUG] [net.minecraftforge.fml.loading.moddiscovery.Scanner/SCAN]: Scanning Mod File: / path net/minecraftforge/event/entity/living/LivingConversionEvent.class
[13Aug2026 02:00:06.558] [background-scan-handler-2/DEBUG] [net.minecraftforge.fml.loading.moddiscovery.Scanner/SCAN]: Scanning Mod File: / path net/minecraftforge/event/entity/living/LivingConversionEvent$Pre.class
[13Aug2026 02:00:06.558] [background-scan-handler-2/DEBUG] [net.minecraftforge.fml.loading.moddiscovery.Scanner/SCAN]: Scanning Mod File: / path net/minecraftforge/event/entity/living/LivingConversionEvent$Post.class
[13Aug2026 02:00:06.558] [background-scan-handler-2/DEBUG] [net.minecraftforge.fml.loading.moddiscovery.Scanner/SCAN]: Scanning Mod File: / path net/minecraftforge/event/entity/living/LivingChangeTargetEvent.class
[13Aug2026 02:00:06.559] [background-scan-handler-2/DEBUG] [net.minecraftforge.fml.loading.moddiscovery.Scanner/SCAN]: Scanning Mod File: / path net/minecraftforge/event/entity/living/LivingChangeTargetEvent$LivingTargetType.class
[13Aug2026 02:00:06.560] [background-scan-handler-2/DEBUG] [net.minecraftforge.fml.loading.moddiscovery.Scanner/SCAN]: Scanning Mod File: / path net/minecraftforge/event/entity/living/LivingChangeTargetEvent$ILivingTargetType.class
[13Aug2026 02:00:06.564] [background-scan-handler-2/DEBUG] [net.minecraftforge.fml.loading.moddiscovery.Scanner/SCAN]: Scanning Mod File: / path net/minecraftforge/event/entity/living/LivingBreatheEvent.class
[13Aug2026 02:00:06.565] [background-scan-handler-2/DEBUG] [net.minecraftforge.fml.loading.moddiscovery.Scanner/SCAN]: Scanning Mod File: / path net/minecraftforge/event/entity/living/LivingAttackEvent.class
[13Aug2026 02:00:06.565] [background-scan-handler-2/DEBUG] [net.minecraftforge.fml.loading.moddiscovery.Scanner/SCAN]: Scanning Mod File: / path net/minecraftforge/event/entity/living/EnderManAngerEvent.class
[13Aug2026 02:00:06.565] [background-scan-handler-2/DEBUG] [net.minecraftforge.fml.loading.moddiscovery.Scanner/SCAN]: Scanning Mod File: / path net/minecraftforge/event/entity/living/BabyEntitySpawnEvent.class
[13Aug2026 02:00:06.566] [background-scan-handler-2/DEBUG] [net.minecraftforge.fml.loading.moddiscovery.Scanner/SCAN]: Scanning Mod File: / path net/minecraftforge/event/entity/living/AnimalTameEvent.class
[13Aug2026 02:00:06.568] [background-scan-handler-2/DEBUG] [net.minecraftforge.fml.loading.moddiscovery.Scanner/SCAN]: Scanning Mod File: / path net/minecraftforge/event/entity/item/ItemTossEvent.class
[13Aug2026 02:00:06.585] [background-scan-handler-2/DEBUG] [net.minecraftforge.fml.loading.moddiscovery.Scanner/SCAN]: Scanning Mod File: / path net/minecraftforge/event/entity/item/ItemExpireEvent.class
[13Aug2026 02:00:06.590] [background-scan-handler-2/DEBUG] [net.minecraftforge.fml.loading.moddiscovery.Scanner/SCAN]: Scanning Mod File: / path net/minecraftforge/event/entity/item/ItemEvent.class
[13Aug2026 02:00:06.590] [background-scan-handler-2/DEBUG] [net.minecraftforge.fml.loading.moddiscovery.Scanner/SCAN]: Scanning Mod File: / path net/minecraftforge/event/entity/EntityTravelToDimensionEvent.class
[13Aug2026 02:00:06.590] [background-scan-handler-2/DEBUG] [net.minecraftforge.fml.loading.moddiscovery.Scanner/SCAN]: Scanning Mod File: / path net/minecraftforge/event/entity/EntityTeleportEvent.class
[13Aug2026 02:00:06.591] [background-scan-handler-2/DEBUG] [net.minecraftforge.fml.loading.moddiscovery.Scanner/SCAN]: Scanning Mod File: / path net/minecraftforge/event/entity/EntityTeleportEvent$TeleportCommand.class
[13Aug2026 02:00:06.591] [background-scan-handler-2/DEBUG] [net.minecraftforge.fml.loading.moddiscovery.Scanner/SCAN]: Scanning Mod File: / path net/minecraftforge/event/entity/EntityTeleportEvent$SpreadPlayersCommand.class
[13Aug2026 02:00:06.591] [background-scan-handler-2/DEBUG] [net.minecraftforge.fml.loading.moddiscovery.Scanner/SCAN]: Scanning Mod File: / path net/minecraftforge/event/entity/EntityTeleportEvent$EnderPearl.class
[13Aug2026 02:00:06.593] [background-scan-handler-2/DEBUG] [net.minecraftforge.fml.loading.moddiscovery.Scanner/SCAN]: Scanning Mod File: / path net/minecraftforge/event/entity/EntityTeleportEvent$EnderEntity.class
[13Aug2026 02:00:06.594] [background-scan-handler-2/DEBUG] [net.minecraftforge.fml.loading.moddiscovery.Scanner/SCAN]: Scanning Mod File: / path net/minecraftforge/event/entity/EntityTeleportEvent$ChorusFruit.class
[13Aug2026 02:00:06.595] [background-scan-handler-2/DEBUG] [net.minecraftforge.fml.loading.moddiscovery.Scanner/SCAN]: Scanning Mod File: / path net/minecraftforge/event/entity/EntityStruckByLightningEvent.class
[13Aug2026 02:00:06.595] [background-scan-handler-2/DEBUG] [net.minecraftforge.fml.loading.moddiscovery.Scanner/SCAN]: Scanning Mod File: / path net/minecraftforge/event/entity/EntityMountEvent.class
[13Aug2026 02:00:06.596] [background-scan-handler-2/DEBUG] [net.minecraftforge.fml.loading.moddiscovery.Scanner/SCAN]: Scanning Mod File: / path net/minecraftforge/event/entity/EntityMobGriefingEvent.class
[13Aug2026 02:00:06.596] [background-scan-handler-2/DEBUG] [net.minecraftforge.fml.loading.moddiscovery.Scanner/SCAN]: Scanning Mod File: / path net/minecraftforge/event/entity/EntityLeaveLevelEvent.class
[13Aug2026 02:00:06.597] [background-scan-handler-2/DEBUG] [net.minecraftforge.fml.loading.moddiscovery.Scanner/SCAN]: Scanning Mod File: / path net/minecraftforge/event/entity/EntityJoinLevelEvent.class
[13Aug2026 02:00:06.598] [background-scan-handler-2/DEBUG] [net.minecraftforge.fml.loading.moddiscovery.Scanner/SCAN]: Scanning Mod File: / path net/minecraftforge/event/entity/EntityEvent.class
[13Aug2026 02:00:06.599] [background-scan-handler-2/DEBUG] [net.minecraftforge.fml.loading.moddiscovery.Scanner/SCAN]: Scanning Mod File: / path net/minecraftforge/event/entity/EntityEvent$Size.class
[13Aug2026 02:00:06.599] [background-scan-handler-2/DEBUG] [net.minecraftforge.fml.loading.moddiscovery.Scanner/SCAN]: Scanning Mod File: / path net/minecraftforge/event/entity/EntityEvent$EntityConstructing.class
[13Aug2026 02:00:06.599] [background-scan-handler-2/DEBUG] [net.minecraftforge.fml.loading.moddiscovery.Scanner/SCAN]: Scanning Mod File: / path net/minecraftforge/event/entity/EntityEvent$EnteringSection.class
[13Aug2026 02:00:06.603] [background-scan-handler-2/DEBUG] [net.minecraftforge.fml.loading.moddiscovery.Scanner/SCAN]: Scanning Mod File: / path net/minecraftforge/event/entity/EntityAttributeModificationEvent.class
[13Aug2026 02:00:06.604] [background-scan-handler-2/DEBUG] [net.minecraftforge.fml.loading.moddiscovery.Scanner/SCAN]: Scanning Mod File: / path net/minecraftforge/event/entity/EntityAttributeCreationEvent.class
[13Aug2026 02:00:06.604] [background-scan-handler-2/DEBUG] [net.minecraftforge.fml.loading.moddiscovery.Scanner/SCAN]: Scanning Mod File: / path net/minecraftforge/event/enchanting/EnchantmentLevelSetEvent.class
[13Aug2026 02:00:06.605] [background-scan-handler-2/DEBUG] [net.minecraftforge.fml.loading.moddiscovery.Scanner/SCAN]: Scanning Mod File: / path net/minecraftforge/event/DifficultyChangeEvent.class
[13Aug2026 02:00:06.605] [background-scan-handler-2/DEBUG] [net.minecraftforge.fml.loading.moddiscovery.Scanner/SCAN]: Scanning Mod File: / path net/minecraftforge/event/CommandEvent.class
[13Aug2026 02:00:06.613] [background-scan-handler-2/DEBUG] [net.minecraftforge.fml.loading.moddiscovery.Scanner/SCAN]: Scanning Mod File: / path net/minecraftforge/event/BuildCreativeModeTabContentsEvent.class
[13Aug2026 02:00:06.613] [background-scan-handler-2/DEBUG] [net.minecraftforge.fml.loading.moddiscovery.Scanner/SCAN]: Scanning Mod File: / path net/minecraftforge/event/brewing/PotionBrewEvent.class
[13Aug2026 02:00:06.613] [background-scan-handler-2/DEBUG] [net.minecraftforge.fml.loading.moddiscovery.Scanner/SCAN]: Scanning Mod File: / path net/minecraftforge/event/brewing/PotionBrewEvent$Pre.class
[13Aug2026 02:00:06.614] [background-scan-handler-2/DEBUG] [net.minecraftforge.fml.loading.moddiscovery.Scanner/SCAN]: Scanning Mod File: / path net/minecraftforge/event/brewing/PotionBrewEvent$Post.class
[13Aug2026 02:00:06.614] [background-scan-handler-2/DEBUG] [net.minecraftforge.fml.loading.moddiscovery.Scanner/SCAN]: Scanning Mod File: / path net/minecraftforge/event/brewing/PlayerBrewedPotionEvent.class
[13Aug2026 02:00:06.615] [background-scan-handler-2/DEBUG] [net.minecraftforge.fml.loading.moddiscovery.Scanner/SCAN]: Scanning Mod File: / path net/minecraftforge/event/AttachCapabilitiesEvent.class
[13Aug2026 02:00:06.615] [background-scan-handler-2/DEBUG] [net.minecraftforge.fml.loading.moddiscovery.Scanner/SCAN]: Scanning Mod File: / path net/minecraftforge/event/AnvilUpdateEvent.class
[13Aug2026 02:00:06.616] [background-scan-handler-2/DEBUG] [net.minecraftforge.fml.loading.moddiscovery.Scanner/SCAN]: Scanning Mod File: / path net/minecraftforge/event/AddReloadListenerEvent.class
[13Aug2026 02:00:06.616] [background-scan-handler-2/DEBUG] [net.minecraftforge.fml.loading.moddiscovery.Scanner/SCAN]: Scanning Mod File: / path net/minecraftforge/event/AddReloadListenerEvent$WrappedStateAwareListener.class
[13Aug2026 02:00:06.620] [background-scan-handler-2/DEBUG] [net.minecraftforge.fml.loading.moddiscovery.Scanner/SCAN]: Scanning Mod File: / path net/minecraftforge/event/AddPackFindersEvent.class
[13Aug2026 02:00:06.622] [background-scan-handler-2/DEBUG] [net.minecraftforge.fml.loading.moddiscovery.Scanner/SCAN]: Scanning Mod File: / path net/minecraftforge/entity/PartEntity.class
[13Aug2026 02:00:06.622] [background-scan-handler-2/DEBUG] [net.minecraftforge.fml.loading.moddiscovery.Scanner/SCAN]: Scanning Mod File: / path net/minecraftforge/entity/IEntityAdditionalSpawnData.class
[13Aug2026 02:00:06.623] [background-scan-handler-2/DEBUG] [net.minecraftforge.fml.loading.moddiscovery.Scanner/SCAN]: Scanning Mod File: / path net/minecraftforge/energy/IEnergyStorage.class
[13Aug2026 02:00:06.624] [background-scan-handler-2/DEBUG] [net.minecraftforge.fml.loading.moddiscovery.Scanner/SCAN]: Scanning Mod File: / path net/minecraftforge/energy/EnergyStorage.class
[13Aug2026 02:00:06.625] [background-scan-handler-2/DEBUG] [net.minecraftforge.fml.loading.moddiscovery.Scanner/SCAN]: Scanning Mod File: / path net/minecraftforge/energy/EmptyEnergyStorage.class
[13Aug2026 02:00:06.635] [background-scan-handler-2/DEBUG] [net.minecraftforge.fml.loading.moddiscovery.Scanner/SCAN]: Scanning Mod File: / path net/minecraftforge/data/loading/DatagenModLoader.class
[13Aug2026 02:00:06.636] [background-scan-handler-2/DEBUG] [net.minecraftforge.fml.loading.moddiscovery.Scanner/SCAN]: Scanning Mod File: / path net/minecraftforge/data/event/GatherDataEvent.class
[13Aug2026 02:00:06.637] [background-scan-handler-2/DEBUG] [net.minecraftforge.fml.loading.moddiscovery.Scanner/SCAN]: Scanning Mod File: / path net/minecraftforge/data/event/GatherDataEvent$DataGeneratorConfig.class
[13Aug2026 02:00:06.638] [background-scan-handler-2/DEBUG] [net.minecraftforge.fml.loading.moddiscovery.Scanner/SCAN]: Scanning Mod File: / path net/minecraftforge/common/WorldWorkerManager.class
[13Aug2026 02:00:06.638] [background-scan-handler-2/DEBUG] [net.minecraftforge.fml.loading.moddiscovery.Scanner/SCAN]: Scanning Mod File: / path net/minecraftforge/common/WorldWorkerManager$IWorker.class
[13Aug2026 02:00:06.639] [background-scan-handler-2/DEBUG] [net.minecraftforge.fml.loading.moddiscovery.Scanner/SCAN]: Scanning Mod File: / path net/minecraftforge/common/world/StructureSettingsBuilder.class
[13Aug2026 02:00:06.639] [background-scan-handler-2/DEBUG] [net.minecraftforge.fml.loading.moddiscovery.Scanner/SCAN]: Scanning Mod File: / path net/minecraftforge/common/world/StructureSettingsBuilder$StructureSpawnOverrideBuilder.class
[13Aug2026 02:00:06.639] [background-scan-handler-2/DEBUG] [net.minecraftforge.fml.loading.moddiscovery.Scanner/SCAN]: Scanning Mod File: / path net/minecraftforge/common/world/StructureModifier.class
[13Aug2026 02:00:06.640] [background-scan-handler-2/DEBUG] [net.minecraftforge.fml.loading.moddiscovery.Scanner/SCAN]: Scanning Mod File: / path net/minecraftforge/common/world/StructureModifier$Phase.class
[13Aug2026 02:00:06.640] [background-scan-handler-2/DEBUG] [net.minecraftforge.fml.loading.moddiscovery.Scanner/SCAN]: Scanning Mod File: / path net/minecraftforge/common/world/PieceBeardifierModifier.class
[13Aug2026 02:00:06.640] [background-scan-handler-2/DEBUG] [net.minecraftforge.fml.loading.moddiscovery.Scanner/SCAN]: Scanning Mod File: / path net/minecraftforge/common/world/NoneStructureModifier.class
[13Aug2026 02:00:06.641] [background-scan-handler-2/DEBUG] [net.minecraftforge.fml.loading.moddiscovery.Scanner/SCAN]: Scanning Mod File: / path net/minecraftforge/common/world/NoneBiomeModifier.class
[13Aug2026 02:00:06.641] [background-scan-handler-2/DEBUG] [net.minecraftforge.fml.loading.moddiscovery.Scanner/SCAN]: Scanning Mod File: / path net/minecraftforge/common/world/ModifiableStructureInfo.class
[13Aug2026 02:00:06.642] [background-scan-handler-2/DEBUG] [net.minecraftforge.fml.loading.moddiscovery.Scanner/SCAN]: Scanning Mod File: / path net/minecraftforge/common/world/ModifiableStructureInfo$StructureInfo.class
[13Aug2026 02:00:06.644] [background-scan-handler-2/DEBUG] [net.minecraftforge.fml.loading.moddiscovery.Scanner/SCAN]: Scanning Mod File: / path net/minecraftforge/common/world/ModifiableStructureInfo$StructureInfo$Builder.class
[13Aug2026 02:00:06.644] [background-scan-handler-2/DEBUG] [net.minecraftforge.fml.loading.moddiscovery.Scanner/SCAN]: Scanning Mod File: / path net/minecraftforge/common/world/ModifiableBiomeInfo.class
[13Aug2026 02:00:06.645] [background-scan-handler-2/DEBUG] [net.minecraftforge.fml.loading.moddiscovery.Scanner/SCAN]: Scanning Mod File: / path net/minecraftforge/common/world/ModifiableBiomeInfo$BiomeInfo.class
[13Aug2026 02:00:06.645] [background-scan-handler-2/DEBUG] [net.minecraftforge.fml.loading.moddiscovery.Scanner/SCAN]: Scanning Mod File: / path net/minecraftforge/common/world/ModifiableBiomeInfo$BiomeInfo$Builder.class
[13Aug2026 02:00:06.645] [background-scan-handler-2/DEBUG] [net.minecraftforge.fml.loading.moddiscovery.Scanner/SCAN]: Scanning Mod File: / path net/minecraftforge/common/world/MobSpawnSettingsBuilder.class
[13Aug2026 02:00:06.647] [background-scan-handler-2/DEBUG] [net.minecraftforge.fml.loading.moddiscovery.Scanner/SCAN]: Scanning Mod File: / path net/minecraftforge/common/world/ForgeChunkManager.class
[13Aug2026 02:00:06.649] [background-scan-handler-2/DEBUG] [net.minecraftforge.fml.loading.moddiscovery.Scanner/SCAN]: Scanning Mod File: / path net/minecraftforge/common/world/ForgeChunkManager$TicketTracker.class
[13Aug2026 02:00:06.649] [background-scan-handler-2/DEBUG] [net.minecraftforge.fml.loading.moddiscovery.Scanner/SCAN]: Scanning Mod File: / path net/minecraftforge/common/world/ForgeChunkManager$TicketOwner.class
[13Aug2026 02:00:06.649] [background-scan-handler-2/DEBUG] [net.minecraftforge.fml.loading.moddiscovery.Scanner/SCAN]: Scanning Mod File: / path net/minecraftforge/common/world/ForgeChunkManager$TicketHelper.class
[13Aug2026 02:00:06.651] [background-scan-handler-2/DEBUG] [net.minecraftforge.fml.loading.moddiscovery.Scanner/SCAN]: Scanning Mod File: / path net/minecraftforge/common/world/ForgeChunkManager$LoadingValidationCallback.class
[13Aug2026 02:00:06.652] [background-scan-handler-2/DEBUG] [net.minecraftforge.fml.loading.moddiscovery.Scanner/SCAN]: Scanning Mod File: / path net/minecraftforge/common/world/ForgeBiomeModifiers.class
[13Aug2026 02:00:06.652] [background-scan-handler-2/DEBUG] [net.minecraftforge.fml.loading.moddiscovery.Scanner/SCAN]: Scanning Mod File: / path net/minecraftforge/common/world/ForgeBiomeModifiers$RemoveSpawnsBiomeModifier.class
[13Aug2026 02:00:06.652] [background-scan-handler-2/DEBUG] [net.minecraftforge.fml.loading.moddiscovery.Scanner/SCAN]: Scanning Mod File: / path net/minecraftforge/common/world/ForgeBiomeModifiers$RemoveFeaturesBiomeModifier.class
[13Aug2026 02:00:06.653] [background-scan-handler-2/DEBUG] [net.minecraftforge.fml.loading.moddiscovery.Scanner/SCAN]: Scanning Mod File: / path net/minecraftforge/common/world/ForgeBiomeModifiers$AddSpawnsBiomeModifier.class
[13Aug2026 02:00:06.654] [background-scan-handler-2/DEBUG] [net.minecraftforge.fml.loading.moddiscovery.Scanner/SCAN]: Scanning Mod File: / path net/minecraftforge/common/world/ForgeBiomeModifiers$AddFeaturesBiomeModifier.class
[13Aug2026 02:00:06.654] [background-scan-handler-0/DEBUG] [net.minecraftforge.fml.loading.moddiscovery.Scanner/SCAN]: Scanning Mod File: C:\Users\mattw\Documents\Git\SampleMod\.gradle\repositories\ng_dummy_ng\net\neoforged\forge\1.20.1-47.1.106\forge-1.20.1-47.1.106.jar path net/minecraft/WorldVersion.class
[13Aug2026 02:00:06.654] [background-scan-handler-2/DEBUG] [net.minecraftforge.fml.loading.moddiscovery.Scanner/SCAN]: Scanning Mod File: / path net/minecraftforge/common/world/ClimateSettingsBuilder.class
[13Aug2026 02:00:06.654] [background-scan-handler-2/DEBUG] [net.minecraftforge.fml.loading.moddiscovery.Scanner/SCAN]: Scanning Mod File: / path net/minecraftforge/common/world/BiomeSpecialEffectsBuilder.class
[13Aug2026 02:00:06.654] [background-scan-handler-0/DEBUG] [net.minecraftforge.fml.loading.moddiscovery.Scanner/SCAN]: Scanning Mod File: C:\Users\mattw\Documents\Git\SampleMod\.gradle\repositories\ng_dummy_ng\net\neoforged\forge\1.20.1-47.1.106\forge-1.20.1-47.1.106.jar path net/minecraft/world/WorldlyContainerHolder.class
[13Aug2026 02:00:06.655] [background-scan-handler-0/DEBUG] [net.minecraftforge.fml.loading.moddiscovery.Scanner/SCAN]: Scanning Mod File: C:\Users\mattw\Documents\Git\SampleMod\.gradle\repositories\ng_dummy_ng\net\neoforged\forge\1.20.1-47.1.106\forge-1.20.1-47.1.106.jar path net/minecraft/world/WorldlyContainer.class
[13Aug2026 02:00:06.655] [background-scan-handler-2/DEBUG] [net.minecraftforge.fml.loading.moddiscovery.Scanner/SCAN]: Scanning Mod File: / path net/minecraftforge/common/world/BiomeModifier.class
[13Aug2026 02:00:06.655] [background-scan-handler-2/DEBUG] [net.minecraftforge.fml.loading.moddiscovery.Scanner/SCAN]: Scanning Mod File: / path net/minecraftforge/common/world/BiomeModifier$Phase.class
[13Aug2026 02:00:06.655] [background-scan-handler-0/DEBUG] [net.minecraftforge.fml.loading.moddiscovery.Scanner/SCAN]: Scanning Mod File: C:\Users\mattw\Documents\Git\SampleMod\.gradle\repositories\ng_dummy_ng\net\neoforged\forge\1.20.1-47.1.106\forge-1.20.1-47.1.106.jar path net/minecraft/world/ticks/WorldGenTickAccess.class
[13Aug2026 02:00:06.655] [background-scan-handler-2/DEBUG] [net.minecraftforge.fml.loading.moddiscovery.Scanner/SCAN]: Scanning Mod File: / path net/minecraftforge/common/world/BiomeGenerationSettingsBuilder.class
[13Aug2026 02:00:06.655] [background-scan-handler-0/DEBUG] [net.minecraftforge.fml.loading.moddiscovery.Scanner/SCAN]: Scanning Mod File: C:\Users\mattw\Documents\Git\SampleMod\.gradle\repositories\ng_dummy_ng\net\neoforged\forge\1.20.1-47.1.106\forge-1.20.1-47.1.106.jar path net/minecraft/world/ticks/TickPriority.class
[13Aug2026 02:00:06.656] [background-scan-handler-2/DEBUG] [net.minecraftforge.fml.loading.moddiscovery.Scanner/SCAN]: Scanning Mod File: / path net/minecraftforge/common/VillagerTradingManager.class
[13Aug2026 02:00:06.656] [background-scan-handler-0/DEBUG] [net.minecraftforge.fml.loading.moddiscovery.Scanner/SCAN]: Scanning Mod File: C:\Users\mattw\Documents\Git\SampleMod\.gradle\repositories\ng_dummy_ng\net\neoforged\forge\1.20.1-47.1.106\forge-1.20.1-47.1.106.jar path net/minecraft/world/ticks/TickContainerAccess.class
[13Aug2026 02:00:06.656] [background-scan-handler-0/DEBUG] [net.minecraftforge.fml.loading.moddiscovery.Scanner/SCAN]: Scanning Mod File: C:\Users\mattw\Documents\Git\SampleMod\.gradle\repositories\ng_dummy_ng\net\neoforged\forge\1.20.1-47.1.106\forge-1.20.1-47.1.106.jar path net/minecraft/world/ticks/TickAccess.class
[13Aug2026 02:00:06.656] [background-scan-handler-0/DEBUG] [net.minecraftforge.fml.loading.moddiscovery.Scanner/SCAN]: Scanning Mod File: C:\Users\mattw\Documents\Git\SampleMod\.gradle\repositories\ng_dummy_ng\net\neoforged\forge\1.20.1-47.1.106\forge-1.20.1-47.1.106.jar path net/minecraft/world/ticks/SerializableTickContainer.class
[13Aug2026 02:00:06.656] [background-scan-handler-0/DEBUG] [net.minecraftforge.fml.loading.moddiscovery.Scanner/SCAN]: Scanning Mod File: C:\Users\mattw\Documents\Git\SampleMod\.gradle\repositories\ng_dummy_ng\net\neoforged\forge\1.20.1-47.1.106\forge-1.20.1-47.1.106.jar path net/minecraft/world/ticks/ScheduledTick.class
[13Aug2026 02:00:06.657] [background-scan-handler-0/DEBUG] [net.minecraftforge.fml.loading.moddiscovery.Scanner/SCAN]: Scanning Mod File: C:\Users\mattw\Documents\Git\SampleMod\.gradle\repositories\ng_dummy_ng\net\neoforged\forge\1.20.1-47.1.106\forge-1.20.1-47.1.106.jar path net/minecraft/world/ticks/ScheduledTick$1.class
[13Aug2026 02:00:06.657] [background-scan-handler-2/DEBUG] [net.minecraftforge.fml.loading.moddiscovery.Scanner/SCAN]: Scanning Mod File: / path net/minecraftforge/common/util/TriPredicate.class
[13Aug2026 02:00:06.657] [background-scan-handler-0/DEBUG] [net.minecraftforge.fml.loading.moddiscovery.Scanner/SCAN]: Scanning Mod File: C:\Users\mattw\Documents\Git\SampleMod\.gradle\repositories\ng_dummy_ng\net\neoforged\forge\1.20.1-47.1.106\forge-1.20.1-47.1.106.jar path net/minecraft/world/ticks/SavedTick.class
[13Aug2026 02:00:06.658] [background-scan-handler-2/DEBUG] [net.minecraftforge.fml.loading.moddiscovery.Scanner/SCAN]: Scanning Mod File: / path net/minecraftforge/common/util/TransformationHelper.class
[13Aug2026 02:00:06.658] [background-scan-handler-0/DEBUG] [net.minecraftforge.fml.loading.moddiscovery.Scanner/SCAN]: Scanning Mod File: C:\Users\mattw\Documents\Git\SampleMod\.gradle\repositories\ng_dummy_ng\net\neoforged\forge\1.20.1-47.1.106\forge-1.20.1-47.1.106.jar path net/minecraft/world/ticks/SavedTick$1.class
[13Aug2026 02:00:06.658] [background-scan-handler-2/DEBUG] [net.minecraftforge.fml.loading.moddiscovery.Scanner/SCAN]: Scanning Mod File: / path net/minecraftforge/common/util/TransformationHelper$TransformOrigin.class
[13Aug2026 02:00:06.659] [background-scan-handler-0/DEBUG] [net.minecraftforge.fml.loading.moddiscovery.Scanner/SCAN]: Scanning Mod File: C:\Users\mattw\Documents\Git\SampleMod\.gradle\repositories\ng_dummy_ng\net\neoforged\forge\1.20.1-47.1.106\forge-1.20.1-47.1.106.jar path net/minecraft/world/ticks/ProtoChunkTicks.class
[13Aug2026 02:00:06.660] [background-scan-handler-2/DEBUG] [net.minecraftforge.fml.loading.moddiscovery.Scanner/SCAN]: Scanning Mod File: / path net/minecraftforge/common/util/TransformationHelper$Deserializer.class
[13Aug2026 02:00:06.660] [background-scan-handler-0/DEBUG] [net.minecraftforge.fml.loading.moddiscovery.Scanner/SCAN]: Scanning Mod File: C:\Users\mattw\Documents\Git\SampleMod\.gradle\repositories\ng_dummy_ng\net\neoforged\forge\1.20.1-47.1.106\forge-1.20.1-47.1.106.jar path net/minecraft/world/ticks/package-info.class
[13Aug2026 02:00:06.661] [background-scan-handler-2/DEBUG] [net.minecraftforge.fml.loading.moddiscovery.Scanner/SCAN]: Scanning Mod File: / path net/minecraftforge/common/util/TextTable.class
[13Aug2026 02:00:06.661] [background-scan-handler-0/DEBUG] [net.minecraftforge.fml.loading.moddiscovery.Scanner/SCAN]: Scanning Mod File: C:\Users\mattw\Documents\Git\SampleMod\.gradle\repositories\ng_dummy_ng\net\neoforged\forge\1.20.1-47.1.106\forge-1.20.1-47.1.106.jar path net/minecraft/world/ticks/LevelTicks.class
[13Aug2026 02:00:06.661] [background-scan-handler-2/DEBUG] [net.minecraftforge.fml.loading.moddiscovery.Scanner/SCAN]: Scanning Mod File: / path net/minecraftforge/common/util/TextTable$Row.class
[13Aug2026 02:00:06.662] [background-scan-handler-2/DEBUG] [net.minecraftforge.fml.loading.moddiscovery.Scanner/SCAN]: Scanning Mod File: / path net/minecraftforge/common/util/TextTable$Column.class
[13Aug2026 02:00:06.662] [background-scan-handler-0/DEBUG] [net.minecraftforge.fml.loading.moddiscovery.Scanner/SCAN]: Scanning Mod File: C:\Users\mattw\Documents\Git\SampleMod\.gradle\repositories\ng_dummy_ng\net\neoforged\forge\1.20.1-47.1.106\forge-1.20.1-47.1.106.jar path net/minecraft/world/ticks/LevelTicks$PosAndContainerConsumer.class
[13Aug2026 02:00:06.662] [background-scan-handler-2/DEBUG] [net.minecraftforge.fml.loading.moddiscovery.Scanner/SCAN]: Scanning Mod File: / path net/minecraftforge/common/util/TextTable$Alignment.class
[13Aug2026 02:00:06.662] [background-scan-handler-0/DEBUG] [net.minecraftforge.fml.loading.moddiscovery.Scanner/SCAN]: Scanning Mod File: C:\Users\mattw\Documents\Git\SampleMod\.gradle\repositories\ng_dummy_ng\net\neoforged\forge\1.20.1-47.1.106\forge-1.20.1-47.1.106.jar path net/minecraft/world/ticks/LevelTickAccess.class
[13Aug2026 02:00:06.662] [background-scan-handler-0/DEBUG] [net.minecraftforge.fml.loading.moddiscovery.Scanner/SCAN]: Scanning Mod File: C:\Users\mattw\Documents\Git\SampleMod\.gradle\repositories\ng_dummy_ng\net\neoforged\forge\1.20.1-47.1.106\forge-1.20.1-47.1.106.jar path net/minecraft/world/ticks/LevelChunkTicks.class
[13Aug2026 02:00:06.662] [background-scan-handler-2/DEBUG] [net.minecraftforge.fml.loading.moddiscovery.Scanner/SCAN]: Scanning Mod File: / path net/minecraftforge/common/util/TextTable$1.class
[13Aug2026 02:00:06.663] [background-scan-handler-2/DEBUG] [net.minecraftforge.fml.loading.moddiscovery.Scanner/SCAN]: Scanning Mod File: / path net/minecraftforge/common/util/TablePrinter.class
[13Aug2026 02:00:06.663] [background-scan-handler-0/DEBUG] [net.minecraftforge.fml.loading.moddiscovery.Scanner/SCAN]: Scanning Mod File: C:\Users\mattw\Documents\Git\SampleMod\.gradle\repositories\ng_dummy_ng\net\neoforged\forge\1.20.1-47.1.106\forge-1.20.1-47.1.106.jar path net/minecraft/world/ticks/ContainerSingleItem.class
[13Aug2026 02:00:06.663] [background-scan-handler-0/DEBUG] [net.minecraftforge.fml.loading.moddiscovery.Scanner/SCAN]: Scanning Mod File: C:\Users\mattw\Documents\Git\SampleMod\.gradle\repositories\ng_dummy_ng\net\neoforged\forge\1.20.1-47.1.106\forge-1.20.1-47.1.106.jar path net/minecraft/world/ticks/BlackholeTickAccess.class
[13Aug2026 02:00:06.663] [background-scan-handler-2/DEBUG] [net.minecraftforge.fml.loading.moddiscovery.Scanner/SCAN]: Scanning Mod File: / path net/minecraftforge/common/util/TablePrinter$Header.class
[13Aug2026 02:00:06.663] [background-scan-handler-0/DEBUG] [net.minecraftforge.fml.loading.moddiscovery.Scanner/SCAN]: Scanning Mod File: C:\Users\mattw\Documents\Git\SampleMod\.gradle\repositories\ng_dummy_ng\net\neoforged\forge\1.20.1-47.1.106\forge-1.20.1-47.1.106.jar path net/minecraft/world/ticks/BlackholeTickAccess$2.class
[13Aug2026 02:00:06.664] [background-scan-handler-2/DEBUG] [net.minecraftforge.fml.loading.moddiscovery.Scanner/SCAN]: Scanning Mod File: / path net/minecraftforge/common/util/SortedProperties.class
[13Aug2026 02:00:06.664] [background-scan-handler-0/DEBUG] [net.minecraftforge.fml.loading.moddiscovery.Scanner/SCAN]: Scanning Mod File: C:\Users\mattw\Documents\Git\SampleMod\.gradle\repositories\ng_dummy_ng\net\neoforged\forge\1.20.1-47.1.106\forge-1.20.1-47.1.106.jar path net/minecraft/world/ticks/BlackholeTickAccess$1.class
[13Aug2026 02:00:06.664] [background-scan-handler-2/DEBUG] [net.minecraftforge.fml.loading.moddiscovery.Scanner/SCAN]: Scanning Mod File: / path net/minecraftforge/common/util/Size2i.class
[13Aug2026 02:00:06.664] [background-scan-handler-2/DEBUG] [net.minecraftforge.fml.loading.moddiscovery.Scanner/SCAN]: Scanning Mod File: / path net/minecraftforge/common/util/RecipeMatcher.class
[13Aug2026 02:00:06.664] [background-scan-handler-0/DEBUG] [net.minecraftforge.fml.loading.moddiscovery.Scanner/SCAN]: Scanning Mod File: C:\Users\mattw\Documents\Git\SampleMod\.gradle\repositories\ng_dummy_ng\net\neoforged\forge\1.20.1-47.1.106\forge-1.20.1-47.1.106.jar path net/minecraft/world/SimpleMenuProvider.class
[13Aug2026 02:00:06.665] [background-scan-handler-0/DEBUG] [net.minecraftforge.fml.loading.moddiscovery.Scanner/SCAN]: Scanning Mod File: C:\Users\mattw\Documents\Git\SampleMod\.gradle\repositories\ng_dummy_ng\net\neoforged\forge\1.20.1-47.1.106\forge-1.20.1-47.1.106.jar path net/minecraft/world/SimpleContainer.class
[13Aug2026 02:00:06.665] [background-scan-handler-2/DEBUG] [net.minecraftforge.fml.loading.moddiscovery.Scanner/SCAN]: Scanning Mod File: / path net/minecraftforge/common/util/NonNullSupplier.class
[13Aug2026 02:00:06.665] [background-scan-handler-2/DEBUG] [net.minecraftforge.fml.loading.moddiscovery.Scanner/SCAN]: Scanning Mod File: / path net/minecraftforge/common/util/NonNullPredicate.class
[13Aug2026 02:00:06.665] [background-scan-handler-2/DEBUG] [net.minecraftforge.fml.loading.moddiscovery.Scanner/SCAN]: Scanning Mod File: / path net/minecraftforge/common/util/NonNullLazy.class
[13Aug2026 02:00:06.665] [background-scan-handler-0/DEBUG] [net.minecraftforge.fml.loading.moddiscovery.Scanner/SCAN]: Scanning Mod File: C:\Users\mattw\Documents\Git\SampleMod\.gradle\repositories\ng_dummy_ng\net\neoforged\forge\1.20.1-47.1.106\forge-1.20.1-47.1.106.jar path net/minecraft/world/scores/Team.class
[13Aug2026 02:00:06.667] [background-scan-handler-0/DEBUG] [net.minecraftforge.fml.loading.moddiscovery.Scanner/SCAN]: Scanning Mod File: C:\Users\mattw\Documents\Git\SampleMod\.gradle\repositories\ng_dummy_ng\net\neoforged\forge\1.20.1-47.1.106\forge-1.20.1-47.1.106.jar path net/minecraft/world/scores/Team$Visibility.class
[13Aug2026 02:00:06.667] [background-scan-handler-2/DEBUG] [net.minecraftforge.fml.loading.moddiscovery.Scanner/SCAN]: Scanning Mod File: / path net/minecraftforge/common/util/NonNullFunction.class
[13Aug2026 02:00:06.667] [background-scan-handler-2/DEBUG] [net.minecraftforge.fml.loading.moddiscovery.Scanner/SCAN]: Scanning Mod File: / path net/minecraftforge/common/util/NonNullConsumer.class
[13Aug2026 02:00:06.667] [background-scan-handler-0/DEBUG] [net.minecraftforge.fml.loading.moddiscovery.Scanner/SCAN]: Scanning Mod File: C:\Users\mattw\Documents\Git\SampleMod\.gradle\repositories\ng_dummy_ng\net\neoforged\forge\1.20.1-47.1.106\forge-1.20.1-47.1.106.jar path net/minecraft/world/scores/Team$CollisionRule.class
[13Aug2026 02:00:06.668] [background-scan-handler-2/DEBUG] [net.minecraftforge.fml.loading.moddiscovery.Scanner/SCAN]: Scanning Mod File: / path net/minecraftforge/common/util/MutableHashedLinkedMap.class
[13Aug2026 02:00:06.668] [background-scan-handler-0/DEBUG] [net.minecraftforge.fml.loading.moddiscovery.Scanner/SCAN]: Scanning Mod File: C:\Users\mattw\Documents\Git\SampleMod\.gradle\repositories\ng_dummy_ng\net\neoforged\forge\1.20.1-47.1.106\forge-1.20.1-47.1.106.jar path net/minecraft/world/scores/ScoreboardSaveData.class
[13Aug2026 02:00:06.669] [background-scan-handler-2/DEBUG] [net.minecraftforge.fml.loading.moddiscovery.Scanner/SCAN]: Scanning Mod File: / path net/minecraftforge/common/util/MutableHashedLinkedMap$MergeFunction.class
[13Aug2026 02:00:06.669] [background-scan-handler-2/DEBUG] [net.minecraftforge.fml.loading.moddiscovery.Scanner/SCAN]: Scanning Mod File: / path net/minecraftforge/common/util/MutableHashedLinkedMap$IdentityStrategy.class
[13Aug2026 02:00:06.669] [background-scan-handler-0/DEBUG] [net.minecraftforge.fml.loading.moddiscovery.Scanner/SCAN]: Scanning Mod File: C:\Users\mattw\Documents\Git\SampleMod\.gradle\repositories\ng_dummy_ng\net\neoforged\forge\1.20.1-47.1.106\forge-1.20.1-47.1.106.jar path net/minecraft/world/scores/Scoreboard.class
[13Aug2026 02:00:06.669] [background-scan-handler-2/DEBUG] [net.minecraftforge.fml.loading.moddiscovery.Scanner/SCAN]: Scanning Mod File: / path net/minecraftforge/common/util/MutableHashedLinkedMap$Entry.class
[13Aug2026 02:00:06.670] [background-scan-handler-2/DEBUG] [net.minecraftforge.fml.loading.moddiscovery.Scanner/SCAN]: Scanning Mod File: / path net/minecraftforge/common/util/MutableHashedLinkedMap$BasicStrategy.class
[13Aug2026 02:00:06.670] [background-scan-handler-2/DEBUG] [net.minecraftforge.fml.loading.moddiscovery.Scanner/SCAN]: Scanning Mod File: / path net/minecraftforge/common/util/MutableHashedLinkedMap$1.class
[13Aug2026 02:00:06.670] [background-scan-handler-2/DEBUG] [net.minecraftforge.fml.loading.moddiscovery.Scanner/SCAN]: Scanning Mod File: / path net/minecraftforge/common/util/MavenVersionStringHelper.class
[13Aug2026 02:00:06.670] [background-scan-handler-0/DEBUG] [net.minecraftforge.fml.loading.moddiscovery.Scanner/SCAN]: Scanning Mod File: C:\Users\mattw\Documents\Git\SampleMod\.gradle\repositories\ng_dummy_ng\net\neoforged\forge\1.20.1-47.1.106\forge-1.20.1-47.1.106.jar path net/minecraft/world/scores/Score.class
[13Aug2026 02:00:06.671] [background-scan-handler-0/DEBUG] [net.minecraftforge.fml.loading.moddiscovery.Scanner/SCAN]: Scanning Mod File: C:\Users\mattw\Documents\Git\SampleMod\.gradle\repositories\ng_dummy_ng\net\neoforged\forge\1.20.1-47.1.106\forge-1.20.1-47.1.106.jar path net/minecraft/world/scores/PlayerTeam.class
[13Aug2026 02:00:06.671] [background-scan-handler-2/DEBUG] [net.minecraftforge.fml.loading.moddiscovery.Scanner/SCAN]: Scanning Mod File: / path net/minecraftforge/common/util/LogMessageAdapter.class
[13Aug2026 02:00:06.672] [background-scan-handler-2/DEBUG] [net.minecraftforge.fml.loading.moddiscovery.Scanner/SCAN]: Scanning Mod File: / path net/minecraftforge/common/util/LogicalSidedProvider.class
[13Aug2026 02:00:06.674] [background-scan-handler-0/DEBUG] [net.minecraftforge.fml.loading.moddiscovery.Scanner/SCAN]: Scanning Mod File: C:\Users\mattw\Documents\Git\SampleMod\.gradle\repositories\ng_dummy_ng\net\neoforged\forge\1.20.1-47.1.106\forge-1.20.1-47.1.106.jar path net/minecraft/world/scores/package-info.class
[13Aug2026 02:00:06.675] [background-scan-handler-2/DEBUG] [net.minecraftforge.fml.loading.moddiscovery.Scanner/SCAN]: Scanning Mod File: / path net/minecraftforge/common/util/LevelCapabilityData.class
[13Aug2026 02:00:06.676] [background-scan-handler-2/DEBUG] [net.minecraftforge.fml.loading.moddiscovery.Scanner/SCAN]: Scanning Mod File: / path net/minecraftforge/common/util/LazyOptional.class
[13Aug2026 02:00:06.676] [background-scan-handler-0/DEBUG] [net.minecraftforge.fml.loading.moddiscovery.Scanner/SCAN]: Scanning Mod File: C:\Users\mattw\Documents\Git\SampleMod\.gradle\repositories\ng_dummy_ng\net\neoforged\forge\1.20.1-47.1.106\forge-1.20.1-47.1.106.jar path net/minecraft/world/scores/Objective.class
[13Aug2026 02:00:06.676] [background-scan-handler-2/DEBUG] [net.minecraftforge.fml.loading.moddiscovery.Scanner/SCAN]: Scanning Mod File: / path net/minecraftforge/common/util/Lazy.class
[13Aug2026 02:00:06.676] [background-scan-handler-0/DEBUG] [net.minecraftforge.fml.loading.moddiscovery.Scanner/SCAN]: Scanning Mod File: C:\Users\mattw\Documents\Git\SampleMod\.gradle\repositories\ng_dummy_ng\net\neoforged\forge\1.20.1-47.1.106\forge-1.20.1-47.1.106.jar path net/minecraft/world/scores/criteria/package-info.class
[13Aug2026 02:00:06.677] [background-scan-handler-0/DEBUG] [net.minecraftforge.fml.loading.moddiscovery.Scanner/SCAN]: Scanning Mod File: C:\Users\mattw\Documents\Git\SampleMod\.gradle\repositories\ng_dummy_ng\net\neoforged\forge\1.20.1-47.1.106\forge-1.20.1-47.1.106.jar path net/minecraft/world/scores/criteria/ObjectiveCriteria.class
[13Aug2026 02:00:06.678] [background-scan-handler-2/DEBUG] [net.minecraftforge.fml.loading.moddiscovery.Scanner/SCAN]: Scanning Mod File: / path net/minecraftforge/common/util/Lazy$Fast.class
[13Aug2026 02:00:06.679] [background-scan-handler-0/DEBUG] [net.minecraftforge.fml.loading.moddiscovery.Scanner/SCAN]: Scanning Mod File: C:\Users\mattw\Documents\Git\SampleMod\.gradle\repositories\ng_dummy_ng\net\neoforged\forge\1.20.1-47.1.106\forge-1.20.1-47.1.106.jar path net/minecraft/world/scores/criteria/ObjectiveCriteria$RenderType.class
[13Aug2026 02:00:06.679] [background-scan-handler-2/DEBUG] [net.minecraftforge.fml.loading.moddiscovery.Scanner/SCAN]: Scanning Mod File: / path net/minecraftforge/common/util/Lazy$Concurrent.class
[13Aug2026 02:00:06.679] [background-scan-handler-2/DEBUG] [net.minecraftforge.fml.loading.moddiscovery.Scanner/SCAN]: Scanning Mod File: / path net/minecraftforge/common/util/JsonUtils.class
[13Aug2026 02:00:06.680] [background-scan-handler-0/DEBUG] [net.minecraftforge.fml.loading.moddiscovery.Scanner/SCAN]: Scanning Mod File: C:\Users\mattw\Documents\Git\SampleMod\.gradle\repositories\ng_dummy_ng\net\neoforged\forge\1.20.1-47.1.106\forge-1.20.1-47.1.106.jar path net/minecraft/world/RandomSequences.class
[13Aug2026 02:00:06.680] [background-scan-handler-2/DEBUG] [net.minecraftforge.fml.loading.moddiscovery.Scanner/SCAN]: Scanning Mod File: / path net/minecraftforge/common/util/JsonUtils$ImmutableMapTypeAdapter.class
[13Aug2026 02:00:06.680] [background-scan-handler-0/DEBUG] [net.minecraftforge.fml.loading.moddiscovery.Scanner/SCAN]: Scanning Mod File: C:\Users\mattw\Documents\Git\SampleMod\.gradle\repositories\ng_dummy_ng\net\neoforged\forge\1.20.1-47.1.106\forge-1.20.1-47.1.106.jar path net/minecraft/world/RandomSequences$1.class
[13Aug2026 02:00:06.680] [background-scan-handler-0/DEBUG] [net.minecraftforge.fml.loading.moddiscovery.Scanner/SCAN]: Scanning Mod File: C:\Users\mattw\Documents\Git\SampleMod\.gradle\repositories\ng_dummy_ng\net\neoforged\forge\1.20.1-47.1.106\forge-1.20.1-47.1.106.jar path net/minecraft/world/RandomSequence.class
[13Aug2026 02:00:06.680] [background-scan-handler-2/DEBUG] [net.minecraftforge.fml.loading.moddiscovery.Scanner/SCAN]: Scanning Mod File: / path net/minecraftforge/common/util/JsonUtils$ImmutableListTypeAdapter.class
[13Aug2026 02:00:06.682] [background-scan-handler-0/DEBUG] [net.minecraftforge.fml.loading.moddiscovery.Scanner/SCAN]: Scanning Mod File: C:\Users\mattw\Documents\Git\SampleMod\.gradle\repositories\ng_dummy_ng\net\neoforged\forge\1.20.1-47.1.106\forge-1.20.1-47.1.106.jar path net/minecraft/world/phys/Vec3.class
[13Aug2026 02:00:06.682] [background-scan-handler-2/DEBUG] [net.minecraftforge.fml.loading.moddiscovery.Scanner/SCAN]: Scanning Mod File: / path net/minecraftforge/common/util/JsonUtils$4.class
[13Aug2026 02:00:06.682] [background-scan-handler-0/DEBUG] [net.minecraftforge.fml.loading.moddiscovery.Scanner/SCAN]: Scanning Mod File: C:\Users\mattw\Documents\Git\SampleMod\.gradle\repositories\ng_dummy_ng\net\neoforged\forge\1.20.1-47.1.106\forge-1.20.1-47.1.106.jar path net/minecraft/world/phys/Vec2.class
[13Aug2026 02:00:06.682] [background-scan-handler-2/DEBUG] [net.minecraftforge.fml.loading.moddiscovery.Scanner/SCAN]: Scanning Mod File: / path net/minecraftforge/common/util/JsonUtils$3.class
[13Aug2026 02:00:06.683] [background-scan-handler-2/DEBUG] [net.minecraftforge.fml.loading.moddiscovery.Scanner/SCAN]: Scanning Mod File: / path net/minecraftforge/common/util/JsonUtils$2.class
[13Aug2026 02:00:06.683] [background-scan-handler-2/DEBUG] [net.minecraftforge.fml.loading.moddiscovery.Scanner/SCAN]: Scanning Mod File: / path net/minecraftforge/common/util/JsonUtils$1.class
[13Aug2026 02:00:06.683] [background-scan-handler-0/DEBUG] [net.minecraftforge.fml.loading.moddiscovery.Scanner/SCAN]: Scanning Mod File: C:\Users\mattw\Documents\Git\SampleMod\.gradle\repositories\ng_dummy_ng\net\neoforged\forge\1.20.1-47.1.106\forge-1.20.1-47.1.106.jar path net/minecraft/world/phys/shapes/VoxelShape.class
[13Aug2026 02:00:06.683] [background-scan-handler-2/DEBUG] [net.minecraftforge.fml.loading.moddiscovery.Scanner/SCAN]: Scanning Mod File: / path net/minecraftforge/common/util/ItemStackMap.class
[13Aug2026 02:00:06.683] [background-scan-handler-2/DEBUG] [net.minecraftforge.fml.loading.moddiscovery.Scanner/SCAN]: Scanning Mod File: / path net/minecraftforge/common/util/ITeleporter.class
[13Aug2026 02:00:06.684] [background-scan-handler-2/DEBUG] [net.minecraftforge.fml.loading.moddiscovery.Scanner/SCAN]: Scanning Mod File: / path net/minecraftforge/common/util/INBTSerializable.class
[13Aug2026 02:00:06.684] [background-scan-handler-0/DEBUG] [net.minecraftforge.fml.loading.moddiscovery.Scanner/SCAN]: Scanning Mod File: C:\Users\mattw\Documents\Git\SampleMod\.gradle\repositories\ng_dummy_ng\net\neoforged\forge\1.20.1-47.1.106\forge-1.20.1-47.1.106.jar path net/minecraft/world/phys/shapes/SubShape.class
[13Aug2026 02:00:06.684] [background-scan-handler-0/DEBUG] [net.minecraftforge.fml.loading.moddiscovery.Scanner/SCAN]: Scanning Mod File: C:\Users\mattw\Documents\Git\SampleMod\.gradle\repositories\ng_dummy_ng\net\neoforged\forge\1.20.1-47.1.106\forge-1.20.1-47.1.106.jar path net/minecraft/world/phys/shapes/SliceShape.class
[13Aug2026 02:00:06.684] [background-scan-handler-2/DEBUG] [net.minecraftforge.fml.loading.moddiscovery.Scanner/SCAN]: Scanning Mod File: / path net/minecraftforge/common/util/HexDumper.class
[13Aug2026 02:00:06.684] [background-scan-handler-0/DEBUG] [net.minecraftforge.fml.loading.moddiscovery.Scanner/SCAN]: Scanning Mod File: C:\Users\mattw\Documents\Git\SampleMod\.gradle\repositories\ng_dummy_ng\net\neoforged\forge\1.20.1-47.1.106\forge-1.20.1-47.1.106.jar path net/minecraft/world/phys/shapes/Shapes.class
[13Aug2026 02:00:06.684] [background-scan-handler-2/DEBUG] [net.minecraftforge.fml.loading.moddiscovery.Scanner/SCAN]: Scanning Mod File: / path net/minecraftforge/common/util/HexDumper$Instance.class
[13Aug2026 02:00:06.684] [background-scan-handler-2/DEBUG] [net.minecraftforge.fml.loading.moddiscovery.Scanner/SCAN]: Scanning Mod File: / path net/minecraftforge/common/util/ForgeSoundType.class
[13Aug2026 02:00:06.685] [background-scan-handler-0/DEBUG] [net.minecraftforge.fml.loading.moddiscovery.Scanner/SCAN]: Scanning Mod File: C:\Users\mattw\Documents\Git\SampleMod\.gradle\repositories\ng_dummy_ng\net\neoforged\forge\1.20.1-47.1.106\forge-1.20.1-47.1.106.jar path net/minecraft/world/phys/shapes/Shapes$DoubleLineConsumer.class
[13Aug2026 02:00:06.685] [background-scan-handler-2/DEBUG] [net.minecraftforge.fml.loading.moddiscovery.Scanner/SCAN]: Scanning Mod File: / path net/minecraftforge/common/util/FakePlayerFactory.class
[13Aug2026 02:00:06.685] [background-scan-handler-0/DEBUG] [net.minecraftforge.fml.loading.moddiscovery.Scanner/SCAN]: Scanning Mod File: C:\Users\mattw\Documents\Git\SampleMod\.gradle\repositories\ng_dummy_ng\net\neoforged\forge\1.20.1-47.1.106\forge-1.20.1-47.1.106.jar path net/minecraft/world/phys/shapes/package-info.class
[13Aug2026 02:00:06.686] [background-scan-handler-0/DEBUG] [net.minecraftforge.fml.loading.moddiscovery.Scanner/SCAN]: Scanning Mod File: C:\Users\mattw\Documents\Git\SampleMod\.gradle\repositories\ng_dummy_ng\net\neoforged\forge\1.20.1-47.1.106\forge-1.20.1-47.1.106.jar path net/minecraft/world/phys/shapes/OffsetDoubleList.class
[13Aug2026 02:00:06.686] [background-scan-handler-2/DEBUG] [net.minecraftforge.fml.loading.moddiscovery.Scanner/SCAN]: Scanning Mod File: / path net/minecraftforge/common/util/FakePlayerFactory$FakePlayerKey.class
[13Aug2026 02:00:06.686] [background-scan-handler-0/DEBUG] [net.minecraftforge.fml.loading.moddiscovery.Scanner/SCAN]: Scanning Mod File: C:\Users\mattw\Documents\Git\SampleMod\.gradle\repositories\ng_dummy_ng\net\neoforged\forge\1.20.1-47.1.106\forge-1.20.1-47.1.106.jar path net/minecraft/world/phys/shapes/NonOverlappingMerger.class
[13Aug2026 02:00:06.687] [background-scan-handler-0/DEBUG] [net.minecraftforge.fml.loading.moddiscovery.Scanner/SCAN]: Scanning Mod File: C:\Users\mattw\Documents\Git\SampleMod\.gradle\repositories\ng_dummy_ng\net\neoforged\forge\1.20.1-47.1.106\forge-1.20.1-47.1.106.jar path net/minecraft/world/phys/shapes/IndirectMerger.class
[13Aug2026 02:00:06.687] [background-scan-handler-2/DEBUG] [net.minecraftforge.fml.loading.moddiscovery.Scanner/SCAN]: Scanning Mod File: / path net/minecraftforge/common/util/FakePlayer.class
[13Aug2026 02:00:06.689] [background-scan-handler-0/DEBUG] [net.minecraftforge.fml.loading.moddiscovery.Scanner/SCAN]: Scanning Mod File: C:\Users\mattw\Documents\Git\SampleMod\.gradle\repositories\ng_dummy_ng\net\neoforged\forge\1.20.1-47.1.106\forge-1.20.1-47.1.106.jar path net/minecraft/world/phys/shapes/IndexMerger.class
[13Aug2026 02:00:06.689] [background-scan-handler-2/DEBUG] [net.minecraftforge.fml.loading.moddiscovery.Scanner/SCAN]: Scanning Mod File: / path net/minecraftforge/common/util/FakePlayer$FakePlayerNetHandler.class
[13Aug2026 02:00:06.689] [background-scan-handler-0/DEBUG] [net.minecraftforge.fml.loading.moddiscovery.Scanner/SCAN]: Scanning Mod File: C:\Users\mattw\Documents\Git\SampleMod\.gradle\repositories\ng_dummy_ng\net\neoforged\forge\1.20.1-47.1.106\forge-1.20.1-47.1.106.jar path net/minecraft/world/phys/shapes/IndexMerger$IndexConsumer.class
[13Aug2026 02:00:06.690] [background-scan-handler-2/DEBUG] [net.minecraftforge.fml.loading.moddiscovery.Scanner/SCAN]: Scanning Mod File: / path net/minecraftforge/common/util/DummySavedData.class
[13Aug2026 02:00:06.690] [background-scan-handler-0/DEBUG] [net.minecraftforge.fml.loading.moddiscovery.Scanner/SCAN]: Scanning Mod File: C:\Users\mattw\Documents\Git\SampleMod\.gradle\repositories\ng_dummy_ng\net\neoforged\forge\1.20.1-47.1.106\forge-1.20.1-47.1.106.jar path net/minecraft/world/phys/shapes/IdenticalMerger.class
[13Aug2026 02:00:06.690] [background-scan-handler-0/DEBUG] [net.minecraftforge.fml.loading.moddiscovery.Scanner/SCAN]: Scanning Mod File: C:\Users\mattw\Documents\Git\SampleMod\.gradle\repositories\ng_dummy_ng\net\neoforged\forge\1.20.1-47.1.106\forge-1.20.1-47.1.106.jar path net/minecraft/world/phys/shapes/EntityCollisionContext.class
[13Aug2026 02:00:06.691] [background-scan-handler-2/DEBUG] [net.minecraftforge.fml.loading.moddiscovery.Scanner/SCAN]: Scanning Mod File: / path net/minecraftforge/common/util/ConcatenatedListView.class
[13Aug2026 02:00:06.691] [background-scan-handler-0/DEBUG] [net.minecraftforge.fml.loading.moddiscovery.Scanner/SCAN]: Scanning Mod File: C:\Users\mattw\Documents\Git\SampleMod\.gradle\repositories\ng_dummy_ng\net\neoforged\forge\1.20.1-47.1.106\forge-1.20.1-47.1.106.jar path net/minecraft/world/phys/shapes/EntityCollisionContext$1.class
[13Aug2026 02:00:06.692] [background-scan-handler-0/DEBUG] [net.minecraftforge.fml.loading.moddiscovery.Scanner/SCAN]: Scanning Mod File: C:\Users\mattw\Documents\Git\SampleMod\.gradle\repositories\ng_dummy_ng\net\neoforged\forge\1.20.1-47.1.106\forge-1.20.1-47.1.106.jar path net/minecraft/world/phys/shapes/DiscreteVoxelShape.class
[13Aug2026 02:00:06.692] [background-scan-handler-2/DEBUG] [net.minecraftforge.fml.loading.moddiscovery.Scanner/SCAN]: Scanning Mod File: / path net/minecraftforge/common/util/CenterChunkPosComparator.class
[13Aug2026 02:00:06.692] [background-scan-handler-2/DEBUG] [net.minecraftforge.fml.loading.moddiscovery.Scanner/SCAN]: Scanning Mod File: / path net/minecraftforge/common/util/BlockSnapshot.class
[13Aug2026 02:00:06.692] [background-scan-handler-0/DEBUG] [net.minecraftforge.fml.loading.moddiscovery.Scanner/SCAN]: Scanning Mod File: C:\Users\mattw\Documents\Git\SampleMod\.gradle\repositories\ng_dummy_ng\net\neoforged\forge\1.20.1-47.1.106\forge-1.20.1-47.1.106.jar path net/minecraft/world/phys/shapes/DiscreteVoxelShape$IntLineConsumer.class
[13Aug2026 02:00:06.692] [background-scan-handler-0/DEBUG] [net.minecraftforge.fml.loading.moddiscovery.Scanner/SCAN]: Scanning Mod File: C:\Users\mattw\Documents\Git\SampleMod\.gradle\repositories\ng_dummy_ng\net\neoforged\forge\1.20.1-47.1.106\forge-1.20.1-47.1.106.jar path net/minecraft/world/phys/shapes/DiscreteVoxelShape$IntFaceConsumer.class
[13Aug2026 02:00:06.692] [background-scan-handler-2/DEBUG] [net.minecraftforge.fml.loading.moddiscovery.Scanner/SCAN]: Scanning Mod File: / path net/minecraftforge/common/UsernameCache.class
[13Aug2026 02:00:06.693] [background-scan-handler-0/DEBUG] [net.minecraftforge.fml.loading.moddiscovery.Scanner/SCAN]: Scanning Mod File: C:\Users\mattw\Documents\Git\SampleMod\.gradle\repositories\ng_dummy_ng\net\neoforged\forge\1.20.1-47.1.106\forge-1.20.1-47.1.106.jar path net/minecraft/world/phys/shapes/DiscreteCubeMerger.class
[13Aug2026 02:00:06.693] [background-scan-handler-2/DEBUG] [net.minecraftforge.fml.loading.moddiscovery.Scanner/SCAN]: Scanning Mod File: / path net/minecraftforge/common/UsernameCache$SaveThread.class
[13Aug2026 02:00:06.693] [background-scan-handler-2/DEBUG] [net.minecraftforge.fml.loading.moddiscovery.Scanner/SCAN]: Scanning Mod File: / path net/minecraftforge/common/UsernameCache$1.class
[13Aug2026 02:00:06.693] [background-scan-handler-0/DEBUG] [net.minecraftforge.fml.loading.moddiscovery.Scanner/SCAN]: Scanning Mod File: C:\Users\mattw\Documents\Git\SampleMod\.gradle\repositories\ng_dummy_ng\net\neoforged\forge\1.20.1-47.1.106\forge-1.20.1-47.1.106.jar path net/minecraft/world/phys/shapes/CubeVoxelShape.class
[13Aug2026 02:00:06.694] [background-scan-handler-0/DEBUG] [net.minecraftforge.fml.loading.moddiscovery.Scanner/SCAN]: Scanning Mod File: C:\Users\mattw\Documents\Git\SampleMod\.gradle\repositories\ng_dummy_ng\net\neoforged\forge\1.20.1-47.1.106\forge-1.20.1-47.1.106.jar path net/minecraft/world/phys/shapes/CubePointRange.class
[13Aug2026 02:00:06.694] [background-scan-handler-2/DEBUG] [net.minecraftforge.fml.loading.moddiscovery.Scanner/SCAN]: Scanning Mod File: / path net/minecraftforge/common/ToolActions.class
[13Aug2026 02:00:06.694] [background-scan-handler-0/DEBUG] [net.minecraftforge.fml.loading.moddiscovery.Scanner/SCAN]: Scanning Mod File: C:\Users\mattw\Documents\Git\SampleMod\.gradle\repositories\ng_dummy_ng\net\neoforged\forge\1.20.1-47.1.106\forge-1.20.1-47.1.106.jar path net/minecraft/world/phys/shapes/CollisionContext.class
[13Aug2026 02:00:06.694] [background-scan-handler-2/DEBUG] [net.minecraftforge.fml.loading.moddiscovery.Scanner/SCAN]: Scanning Mod File: / path net/minecraftforge/common/ToolAction.class
[13Aug2026 02:00:06.695] [background-scan-handler-2/DEBUG] [net.minecraftforge.fml.loading.moddiscovery.Scanner/SCAN]: Scanning Mod File: / path net/minecraftforge/common/TierSortingRegistry.class
[13Aug2026 02:00:06.695] [background-scan-handler-0/DEBUG] [net.minecraftforge.fml.loading.moddiscovery.Scanner/SCAN]: Scanning Mod File: C:\Users\mattw\Documents\Git\SampleMod\.gradle\repositories\ng_dummy_ng\net\neoforged\forge\1.20.1-47.1.106\forge-1.20.1-47.1.106.jar path net/minecraft/world/phys/shapes/BooleanOp.class
[13Aug2026 02:00:06.697] [background-scan-handler-2/DEBUG] [net.minecraftforge.fml.loading.moddiscovery.Scanner/SCAN]: Scanning Mod File: / path net/minecraftforge/common/TierSortingRegistry$SyncPacket.class
[13Aug2026 02:00:06.697] [background-scan-handler-2/DEBUG] [net.minecraftforge.fml.loading.moddiscovery.Scanner/SCAN]: Scanning Mod File: / path net/minecraftforge/common/TierSortingRegistry$ClientEvents.class
[13Aug2026 02:00:06.698] [background-scan-handler-0/DEBUG] [net.minecraftforge.fml.loading.moddiscovery.Scanner/SCAN]: Scanning Mod File: C:\Users\mattw\Documents\Git\SampleMod\.gradle\repositories\ng_dummy_ng\net\neoforged\forge\1.20.1-47.1.106\forge-1.20.1-47.1.106.jar path net/minecraft/world/phys/shapes/BitSetDiscreteVoxelShape.class
[13Aug2026 02:00:06.699] [background-scan-handler-0/DEBUG] [net.minecraftforge.fml.loading.moddiscovery.Scanner/SCAN]: Scanning Mod File: C:\Users\mattw\Documents\Git\SampleMod\.gradle\repositories\ng_dummy_ng\net\neoforged\forge\1.20.1-47.1.106\forge-1.20.1-47.1.106.jar path net/minecraft/world/phys/shapes/ArrayVoxelShape.class
[13Aug2026 02:00:06.699] [background-scan-handler-0/DEBUG] [net.minecraftforge.fml.loading.moddiscovery.Scanner/SCAN]: Scanning Mod File: C:\Users\mattw\Documents\Git\SampleMod\.gradle\repositories\ng_dummy_ng\net\neoforged\forge\1.20.1-47.1.106\forge-1.20.1-47.1.106.jar path net/minecraft/world/phys/shapes/ArrayVoxelShape$1.class
[13Aug2026 02:00:06.700] [background-scan-handler-0/DEBUG] [net.minecraftforge.fml.loading.moddiscovery.Scanner/SCAN]: Scanning Mod File: C:\Users\mattw\Documents\Git\SampleMod\.gradle\repositories\ng_dummy_ng\net\neoforged\forge\1.20.1-47.1.106\forge-1.20.1-47.1.106.jar path net/minecraft/world/phys/package-info.class
[13Aug2026 02:00:06.702] [background-scan-handler-2/DEBUG] [net.minecraftforge.fml.loading.moddiscovery.Scanner/SCAN]: Scanning Mod File: / path net/minecraftforge/common/TierSortingRegistry$1.class
[13Aug2026 02:00:06.704] [background-scan-handler-2/DEBUG] [net.minecraftforge.fml.loading.moddiscovery.Scanner/SCAN]: Scanning Mod File: / path net/minecraftforge/common/ticket/SimpleTicket.class
[13Aug2026 02:00:06.704] [background-scan-handler-2/DEBUG] [net.minecraftforge.fml.loading.moddiscovery.Scanner/SCAN]: Scanning Mod File: / path net/minecraftforge/common/ticket/ITicketManager.class
[13Aug2026 02:00:06.704] [background-scan-handler-0/DEBUG] [net.minecraftforge.fml.loading.moddiscovery.Scanner/SCAN]: Scanning Mod File: C:\Users\mattw\Documents\Git\SampleMod\.gradle\repositories\ng_dummy_ng\net\neoforged\forge\1.20.1-47.1.106\forge-1.20.1-47.1.106.jar path net/minecraft/world/phys/HitResult.class
[13Aug2026 02:00:06.705] [background-scan-handler-0/DEBUG] [net.minecraftforge.fml.loading.moddiscovery.Scanner/SCAN]: Scanning Mod File: C:\Users\mattw\Documents\Git\SampleMod\.gradle\repositories\ng_dummy_ng\net\neoforged\forge\1.20.1-47.1.106\forge-1.20.1-47.1.106.jar path net/minecraft/world/phys/HitResult$Type.class
[13Aug2026 02:00:06.705] [background-scan-handler-2/DEBUG] [net.minecraftforge.fml.loading.moddiscovery.Scanner/SCAN]: Scanning Mod File: / path net/minecraftforge/common/ticket/ITicketGetter.class
[13Aug2026 02:00:06.706] [background-scan-handler-0/DEBUG] [net.minecraftforge.fml.loading.moddiscovery.Scanner/SCAN]: Scanning Mod File: C:\Users\mattw\Documents\Git\SampleMod\.gradle\repositories\ng_dummy_ng\net\neoforged\forge\1.20.1-47.1.106\forge-1.20.1-47.1.106.jar path net/minecraft/world/phys/EntityHitResult.class
[13Aug2026 02:00:06.707] [background-scan-handler-0/DEBUG] [net.minecraftforge.fml.loading.moddiscovery.Scanner/SCAN]: Scanning Mod File: C:\Users\mattw\Documents\Git\SampleMod\.gradle\repositories\ng_dummy_ng\net\neoforged\forge\1.20.1-47.1.106\forge-1.20.1-47.1.106.jar path net/minecraft/world/phys/BlockHitResult.class
[13Aug2026 02:00:06.707] [background-scan-handler-0/DEBUG] [net.minecraftforge.fml.loading.moddiscovery.Scanner/SCAN]: Scanning Mod File: C:\Users\mattw\Documents\Git\SampleMod\.gradle\repositories\ng_dummy_ng\net\neoforged\forge\1.20.1-47.1.106\forge-1.20.1-47.1.106.jar path net/minecraft/world/phys/AABB.class
[13Aug2026 02:00:06.707] [background-scan-handler-2/DEBUG] [net.minecraftforge.fml.loading.moddiscovery.Scanner/SCAN]: Scanning Mod File: / path net/minecraftforge/common/ticket/ChunkTicketManager.class
[13Aug2026 02:00:06.708] [background-scan-handler-0/DEBUG] [net.minecraftforge.fml.loading.moddiscovery.Scanner/SCAN]: Scanning Mod File: C:\Users\mattw\Documents\Git\SampleMod\.gradle\repositories\ng_dummy_ng\net\neoforged\forge\1.20.1-47.1.106\forge-1.20.1-47.1.106.jar path net/minecraft/world/package-info.class
[13Aug2026 02:00:06.709] [background-scan-handler-0/DEBUG] [net.minecraftforge.fml.loading.moddiscovery.Scanner/SCAN]: Scanning Mod File: C:\Users\mattw\Documents\Git\SampleMod\.gradle\repositories\ng_dummy_ng\net\neoforged\forge\1.20.1-47.1.106\forge-1.20.1-47.1.106.jar path net/minecraft/world/Nameable.class
[13Aug2026 02:00:06.709] [background-scan-handler-0/DEBUG] [net.minecraftforge.fml.loading.moddiscovery.Scanner/SCAN]: Scanning Mod File: C:\Users\mattw\Documents\Git\SampleMod\.gradle\repositories\ng_dummy_ng\net\neoforged\forge\1.20.1-47.1.106\forge-1.20.1-47.1.106.jar path net/minecraft/world/MenuProvider.class
[13Aug2026 02:00:06.709] [background-scan-handler-2/DEBUG] [net.minecraftforge.fml.loading.moddiscovery.Scanner/SCAN]: Scanning Mod File: / path net/minecraftforge/common/ticket/AABBTicket.class
[13Aug2026 02:00:06.709] [background-scan-handler-0/DEBUG] [net.minecraftforge.fml.loading.moddiscovery.Scanner/SCAN]: Scanning Mod File: C:\Users\mattw\Documents\Git\SampleMod\.gradle\repositories\ng_dummy_ng\net\neoforged\forge\1.20.1-47.1.106\forge-1.20.1-47.1.106.jar path net/minecraft/world/LockCode.class
[13Aug2026 02:00:06.709] [background-scan-handler-2/DEBUG] [net.minecraftforge.fml.loading.moddiscovery.Scanner/SCAN]: Scanning Mod File: / path net/minecraftforge/common/Tags.class
[13Aug2026 02:00:06.709] [background-scan-handler-2/DEBUG] [net.minecraftforge.fml.loading.moddiscovery.Scanner/SCAN]: Scanning Mod File: / path net/minecraftforge/common/Tags$Items.class
[13Aug2026 02:00:06.710] [background-scan-handler-2/DEBUG] [net.minecraftforge.fml.loading.moddiscovery.Scanner/SCAN]: Scanning Mod File: / path net/minecraftforge/common/Tags$Fluids.class
[13Aug2026 02:00:06.710] [background-scan-handler-2/DEBUG] [net.minecraftforge.fml.loading.moddiscovery.Scanner/SCAN]: Scanning Mod File: / path net/minecraftforge/common/Tags$EntityTypes.class
[13Aug2026 02:00:06.712] [background-scan-handler-2/DEBUG] [net.minecraftforge.fml.loading.moddiscovery.Scanner/SCAN]: Scanning Mod File: / path net/minecraftforge/common/Tags$DamageTypes.class
[13Aug2026 02:00:06.712] [background-scan-handler-0/DEBUG] [net.minecraftforge.fml.loading.moddiscovery.Scanner/SCAN]: Scanning Mod File: C:\Users\mattw\Documents\Git\SampleMod\.gradle\repositories\ng_dummy_ng\net\neoforged\forge\1.20.1-47.1.106\forge-1.20.1-47.1.106.jar path net/minecraft/world/level/WorldGenLevel.class
[13Aug2026 02:00:06.713] [background-scan-handler-2/DEBUG] [net.minecraftforge.fml.loading.moddiscovery.Scanner/SCAN]: Scanning Mod File: / path net/minecraftforge/common/Tags$Blocks.class
[13Aug2026 02:00:06.713] [background-scan-handler-0/DEBUG] [net.minecraftforge.fml.loading.moddiscovery.Scanner/SCAN]: Scanning Mod File: C:\Users\mattw\Documents\Git\SampleMod\.gradle\repositories\ng_dummy_ng\net\neoforged\forge\1.20.1-47.1.106\forge-1.20.1-47.1.106.jar path net/minecraft/world/level/WorldDataConfiguration.class
[13Aug2026 02:00:06.714] [background-scan-handler-0/DEBUG] [net.minecraftforge.fml.loading.moddiscovery.Scanner/SCAN]: Scanning Mod File: C:\Users\mattw\Documents\Git\SampleMod\.gradle\repositories\ng_dummy_ng\net\neoforged\forge\1.20.1-47.1.106\forge-1.20.1-47.1.106.jar path net/minecraft/world/level/validation/PathAllowList.class
[13Aug2026 02:00:06.714] [background-scan-handler-2/DEBUG] [net.minecraftforge.fml.loading.moddiscovery.Scanner/SCAN]: Scanning Mod File: / path net/minecraftforge/common/Tags$Biomes.class
[13Aug2026 02:00:06.714] [background-scan-handler-0/DEBUG] [net.minecraftforge.fml.loading.moddiscovery.Scanner/SCAN]: Scanning Mod File: C:\Users\mattw\Documents\Git\SampleMod\.gradle\repositories\ng_dummy_ng\net\neoforged\forge\1.20.1-47.1.106\forge-1.20.1-47.1.106.jar path net/minecraft/world/level/validation/PathAllowList$EntryType.class
[13Aug2026 02:00:06.714] [background-scan-handler-0/DEBUG] [net.minecraftforge.fml.loading.moddiscovery.Scanner/SCAN]: Scanning Mod File: C:\Users\mattw\Documents\Git\SampleMod\.gradle\repositories\ng_dummy_ng\net\neoforged\forge\1.20.1-47.1.106\forge-1.20.1-47.1.106.jar path net/minecraft/world/level/validation/PathAllowList$ConfigEntry.class
[13Aug2026 02:00:06.714] [background-scan-handler-2/DEBUG] [net.minecraftforge.fml.loading.moddiscovery.Scanner/SCAN]: Scanning Mod File: / path net/minecraftforge/common/SoundActions.class
[13Aug2026 02:00:06.715] [background-scan-handler-2/DEBUG] [net.minecraftforge.fml.loading.moddiscovery.Scanner/SCAN]: Scanning Mod File: / path net/minecraftforge/common/SoundAction.class
[13Aug2026 02:00:06.715] [background-scan-handler-0/DEBUG] [net.minecraftforge.fml.loading.moddiscovery.Scanner/SCAN]: Scanning Mod File: C:\Users\mattw\Documents\Git\SampleMod\.gradle\repositories\ng_dummy_ng\net\neoforged\forge\1.20.1-47.1.106\forge-1.20.1-47.1.106.jar path net/minecraft/world/level/validation/package-info.class
[13Aug2026 02:00:06.715] [background-scan-handler-0/DEBUG] [net.minecraftforge.fml.loading.moddiscovery.Scanner/SCAN]: Scanning Mod File: C:\Users\mattw\Documents\Git\SampleMod\.gradle\repositories\ng_dummy_ng\net\neoforged\forge\1.20.1-47.1.106\forge-1.20.1-47.1.106.jar path net/minecraft/world/level/validation/ForbiddenSymlinkInfo.class
[13Aug2026 02:00:06.716] [background-scan-handler-2/DEBUG] [net.minecraftforge.fml.loading.moddiscovery.Scanner/SCAN]: Scanning Mod File: / path net/minecraftforge/common/property/Properties.class
[13Aug2026 02:00:06.716] [background-scan-handler-0/DEBUG] [net.minecraftforge.fml.loading.moddiscovery.Scanner/SCAN]: Scanning Mod File: C:\Users\mattw\Documents\Git\SampleMod\.gradle\repositories\ng_dummy_ng\net\neoforged\forge\1.20.1-47.1.106\forge-1.20.1-47.1.106.jar path net/minecraft/world/level/validation/DirectoryValidator.class
[13Aug2026 02:00:06.716] [background-scan-handler-2/DEBUG] [net.minecraftforge.fml.loading.moddiscovery.Scanner/SCAN]: Scanning Mod File: / path net/minecraftforge/common/PlantType.class
[13Aug2026 02:00:06.716] [background-scan-handler-0/DEBUG] [net.minecraftforge.fml.loading.moddiscovery.Scanner/SCAN]: Scanning Mod File: C:\Users\mattw\Documents\Git\SampleMod\.gradle\repositories\ng_dummy_ng\net\neoforged\forge\1.20.1-47.1.106\forge-1.20.1-47.1.106.jar path net/minecraft/world/level/validation/DirectoryValidator$1.class
[13Aug2026 02:00:06.716] [background-scan-handler-2/DEBUG] [net.minecraftforge.fml.loading.moddiscovery.Scanner/SCAN]: Scanning Mod File: / path net/minecraftforge/common/MinecraftForge.class
[13Aug2026 02:00:06.716] [background-scan-handler-0/DEBUG] [net.minecraftforge.fml.loading.moddiscovery.Scanner/SCAN]: Scanning Mod File: C:\Users\mattw\Documents\Git\SampleMod\.gradle\repositories\ng_dummy_ng\net\neoforged\forge\1.20.1-47.1.106\forge-1.20.1-47.1.106.jar path net/minecraft/world/level/validation/ContentValidationException.class
[13Aug2026 02:00:06.717] [background-scan-handler-0/DEBUG] [net.minecraftforge.fml.loading.moddiscovery.Scanner/SCAN]: Scanning Mod File: C:\Users\mattw\Documents\Git\SampleMod\.gradle\repositories\ng_dummy_ng\net\neoforged\forge\1.20.1-47.1.106\forge-1.20.1-47.1.106.jar path net/minecraft/world/level/timers/TimerQueue.class
[13Aug2026 02:00:06.717] [background-scan-handler-2/DEBUG] [net.minecraftforge.fml.loading.moddiscovery.Scanner/SCAN]: Scanning Mod File: / path net/minecraftforge/common/loot/LootTableIdCondition.class
[13Aug2026 02:00:06.717] [background-scan-handler-2/DEBUG] [net.minecraftforge.fml.loading.moddiscovery.Scanner/SCAN]: Scanning Mod File: / path net/minecraftforge/common/loot/LootTableIdCondition$Serializer.class
[13Aug2026 02:00:06.717] [background-scan-handler-0/DEBUG] [net.minecraftforge.fml.loading.moddiscovery.Scanner/SCAN]: Scanning Mod File: C:\Users\mattw\Documents\Git\SampleMod\.gradle\repositories\ng_dummy_ng\net\neoforged\forge\1.20.1-47.1.106\forge-1.20.1-47.1.106.jar path net/minecraft/world/level/timers/TimerQueue$Event.class
[13Aug2026 02:00:06.717] [background-scan-handler-0/DEBUG] [net.minecraftforge.fml.loading.moddiscovery.Scanner/SCAN]: Scanning Mod File: C:\Users\mattw\Documents\Git\SampleMod\.gradle\repositories\ng_dummy_ng\net\neoforged\forge\1.20.1-47.1.106\forge-1.20.1-47.1.106.jar path net/minecraft/world/level/timers/TimerCallbacks.class
[13Aug2026 02:00:06.717] [background-scan-handler-2/DEBUG] [net.minecraftforge.fml.loading.moddiscovery.Scanner/SCAN]: Scanning Mod File: / path net/minecraftforge/common/loot/LootTableIdCondition$Builder.class
[13Aug2026 02:00:06.718] [background-scan-handler-2/DEBUG] [net.minecraftforge.fml.loading.moddiscovery.Scanner/SCAN]: Scanning Mod File: / path net/minecraftforge/common/loot/LootModifierManager.class
[13Aug2026 02:00:06.718] [background-scan-handler-0/DEBUG] [net.minecraftforge.fml.loading.moddiscovery.Scanner/SCAN]: Scanning Mod File: C:\Users\mattw\Documents\Git\SampleMod\.gradle\repositories\ng_dummy_ng\net\neoforged\forge\1.20.1-47.1.106\forge-1.20.1-47.1.106.jar path net/minecraft/world/level/timers/TimerCallback.class
[13Aug2026 02:00:06.718] [background-scan-handler-0/DEBUG] [net.minecraftforge.fml.loading.moddiscovery.Scanner/SCAN]: Scanning Mod File: C:\Users\mattw\Documents\Git\SampleMod\.gradle\repositories\ng_dummy_ng\net\neoforged\forge\1.20.1-47.1.106\forge-1.20.1-47.1.106.jar path net/minecraft/world/level/timers/TimerCallback$Serializer.class
[13Aug2026 02:00:06.718] [background-scan-handler-2/DEBUG] [net.minecraftforge.fml.loading.moddiscovery.Scanner/SCAN]: Scanning Mod File: / path net/minecraftforge/common/loot/LootModifier.class
[13Aug2026 02:00:06.719] [background-scan-handler-0/DEBUG] [net.minecraftforge.fml.loading.moddiscovery.Scanner/SCAN]: Scanning Mod File: C:\Users\mattw\Documents\Git\SampleMod\.gradle\repositories\ng_dummy_ng\net\neoforged\forge\1.20.1-47.1.106\forge-1.20.1-47.1.106.jar path net/minecraft/world/level/timers/package-info.class
[13Aug2026 02:00:06.719] [background-scan-handler-0/DEBUG] [net.minecraftforge.fml.loading.moddiscovery.Scanner/SCAN]: Scanning Mod File: C:\Users\mattw\Documents\Git\SampleMod\.gradle\repositories\ng_dummy_ng\net\neoforged\forge\1.20.1-47.1.106\forge-1.20.1-47.1.106.jar path net/minecraft/world/level/timers/FunctionTagCallback.class
[13Aug2026 02:00:06.719] [background-scan-handler-2/DEBUG] [net.minecraftforge.fml.loading.moddiscovery.Scanner/SCAN]: Scanning Mod File: / path net/minecraftforge/common/loot/IGlobalLootModifier.class
[13Aug2026 02:00:06.719] [background-scan-handler-0/DEBUG] [net.minecraftforge.fml.loading.moddiscovery.Scanner/SCAN]: Scanning Mod File: C:\Users\mattw\Documents\Git\SampleMod\.gradle\repositories\ng_dummy_ng\net\neoforged\forge\1.20.1-47.1.106\forge-1.20.1-47.1.106.jar path net/minecraft/world/level/timers/FunctionTagCallback$Serializer.class
[13Aug2026 02:00:06.719] [background-scan-handler-2/DEBUG] [net.minecraftforge.fml.loading.moddiscovery.Scanner/SCAN]: Scanning Mod File: / path net/minecraftforge/common/loot/CanToolPerformAction.class
[13Aug2026 02:00:06.720] [background-scan-handler-0/DEBUG] [net.minecraftforge.fml.loading.moddiscovery.Scanner/SCAN]: Scanning Mod File: C:\Users\mattw\Documents\Git\SampleMod\.gradle\repositories\ng_dummy_ng\net\neoforged\forge\1.20.1-47.1.106\forge-1.20.1-47.1.106.jar path net/minecraft/world/level/timers/FunctionCallback.class
[13Aug2026 02:00:06.720] [background-scan-handler-2/DEBUG] [net.minecraftforge.fml.loading.moddiscovery.Scanner/SCAN]: Scanning Mod File: / path net/minecraftforge/common/loot/CanToolPerformAction$Serializer.class
[13Aug2026 02:00:06.721] [background-scan-handler-0/DEBUG] [net.minecraftforge.fml.loading.moddiscovery.Scanner/SCAN]: Scanning Mod File: C:\Users\mattw\Documents\Git\SampleMod\.gradle\repositories\ng_dummy_ng\net\neoforged\forge\1.20.1-47.1.106\forge-1.20.1-47.1.106.jar path net/minecraft/world/level/timers/FunctionCallback$Serializer.class
[13Aug2026 02:00:06.721] [background-scan-handler-0/DEBUG] [net.minecraftforge.fml.loading.moddiscovery.Scanner/SCAN]: Scanning Mod File: C:\Users\mattw\Documents\Git\SampleMod\.gradle\repositories\ng_dummy_ng\net\neoforged\forge\1.20.1-47.1.106\forge-1.20.1-47.1.106.jar path net/minecraft/world/level/StructureManager.class
[13Aug2026 02:00:06.723] [background-scan-handler-2/DEBUG] [net.minecraftforge.fml.loading.moddiscovery.Scanner/SCAN]: Scanning Mod File: / path net/minecraftforge/common/LenientUnboundedMapCodec.class
[13Aug2026 02:00:06.724] [background-scan-handler-0/DEBUG] [net.minecraftforge.fml.loading.moddiscovery.Scanner/SCAN]: Scanning Mod File: C:\Users\mattw\Documents\Git\SampleMod\.gradle\repositories\ng_dummy_ng\net\neoforged\forge\1.20.1-47.1.106\forge-1.20.1-47.1.106.jar path net/minecraft/world/level/storage/WritableLevelData.class
[13Aug2026 02:00:06.724] [background-scan-handler-2/DEBUG] [net.minecraftforge.fml.loading.moddiscovery.Scanner/SCAN]: Scanning Mod File: / path net/minecraftforge/common/IPlantable.class
[13Aug2026 02:00:06.725] [background-scan-handler-0/DEBUG] [net.minecraftforge.fml.loading.moddiscovery.Scanner/SCAN]: Scanning Mod File: C:\Users\mattw\Documents\Git\SampleMod\.gradle\repositories\ng_dummy_ng\net\neoforged\forge\1.20.1-47.1.106\forge-1.20.1-47.1.106.jar path net/minecraft/world/level/storage/WorldData.class
[13Aug2026 02:00:06.726] [background-scan-handler-2/DEBUG] [net.minecraftforge.fml.loading.moddiscovery.Scanner/SCAN]: Scanning Mod File: / path net/minecraftforge/common/IMinecartCollisionHandler.class
[13Aug2026 02:00:06.728] [background-scan-handler-0/DEBUG] [net.minecraftforge.fml.loading.moddiscovery.Scanner/SCAN]: Scanning Mod File: C:\Users\mattw\Documents\Git\SampleMod\.gradle\repositories\ng_dummy_ng\net\neoforged\forge\1.20.1-47.1.106\forge-1.20.1-47.1.106.jar path net/minecraft/world/level/storage/ServerLevelData.class
[13Aug2026 02:00:06.731] [background-scan-handler-0/DEBUG] [net.minecraftforge.fml.loading.moddiscovery.Scanner/SCAN]: Scanning Mod File: C:\Users\mattw\Documents\Git\SampleMod\.gradle\repositories\ng_dummy_ng\net\neoforged\forge\1.20.1-47.1.106\forge-1.20.1-47.1.106.jar path net/minecraft/world/level/storage/PrimaryLevelData.class
[13Aug2026 02:00:06.736] [background-scan-handler-2/DEBUG] [net.minecraftforge.fml.loading.moddiscovery.Scanner/SCAN]: Scanning Mod File: / path net/minecraftforge/common/IForgeShearable.class
[13Aug2026 02:00:06.737] [background-scan-handler-2/DEBUG] [net.minecraftforge.fml.loading.moddiscovery.Scanner/SCAN]: Scanning Mod File: / path net/minecraftforge/common/IExtensibleEnum.class
[13Aug2026 02:00:06.738] [background-scan-handler-0/DEBUG] [net.minecraftforge.fml.loading.moddiscovery.Scanner/SCAN]: Scanning Mod File: C:\Users\mattw\Documents\Git\SampleMod\.gradle\repositories\ng_dummy_ng\net\neoforged\forge\1.20.1-47.1.106\forge-1.20.1-47.1.106.jar path net/minecraft/world/level/storage/PrimaryLevelData$SpecialWorldProperty.class
[13Aug2026 02:00:06.738] [background-scan-handler-0/DEBUG] [net.minecraftforge.fml.loading.moddiscovery.Scanner/SCAN]: Scanning Mod File: C:\Users\mattw\Documents\Git\SampleMod\.gradle\repositories\ng_dummy_ng\net\neoforged\forge\1.20.1-47.1.106\forge-1.20.1-47.1.106.jar path net/minecraft/world/level/storage/PlayerDataStorage.class
[13Aug2026 02:00:06.738] [background-scan-handler-2/DEBUG] [net.minecraftforge.fml.loading.moddiscovery.Scanner/SCAN]: Scanning Mod File: / path net/minecraftforge/common/ForgeTier.class
[13Aug2026 02:00:06.739] [background-scan-handler-0/DEBUG] [net.minecraftforge.fml.loading.moddiscovery.Scanner/SCAN]: Scanning Mod File: C:\Users\mattw\Documents\Git\SampleMod\.gradle\repositories\ng_dummy_ng\net\neoforged\forge\1.20.1-47.1.106\forge-1.20.1-47.1.106.jar path net/minecraft/world/level/storage/package-info.class
[13Aug2026 02:00:06.739] [background-scan-handler-2/DEBUG] [net.minecraftforge.fml.loading.moddiscovery.Scanner/SCAN]: Scanning Mod File: / path net/minecraftforge/common/ForgeStatesProvider.class
[13Aug2026 02:00:06.739] [background-scan-handler-2/DEBUG] [net.minecraftforge.fml.loading.moddiscovery.Scanner/SCAN]: Scanning Mod File: / path net/minecraftforge/common/ForgeSpawnEggItem.class
[13Aug2026 02:00:06.739] [background-scan-handler-0/DEBUG] [net.minecraftforge.fml.loading.moddiscovery.Scanner/SCAN]: Scanning Mod File: C:\Users\mattw\Documents\Git\SampleMod\.gradle\repositories\ng_dummy_ng\net\neoforged\forge\1.20.1-47.1.106\forge-1.20.1-47.1.106.jar path net/minecraft/world/level/storage/loot/ValidationContext.class
[13Aug2026 02:00:06.740] [background-scan-handler-2/DEBUG] [net.minecraftforge.fml.loading.moddiscovery.Scanner/SCAN]: Scanning Mod File: / path net/minecraftforge/common/ForgeSpawnEggItem$CommonHandler.class
[13Aug2026 02:00:06.740] [background-scan-handler-0/DEBUG] [net.minecraftforge.fml.loading.moddiscovery.Scanner/SCAN]: Scanning Mod File: C:\Users\mattw\Documents\Git\SampleMod\.gradle\repositories\ng_dummy_ng\net\neoforged\forge\1.20.1-47.1.106\forge-1.20.1-47.1.106.jar path net/minecraft/world/level/storage/loot/SerializerType.class
[13Aug2026 02:00:06.740] [background-scan-handler-0/DEBUG] [net.minecraftforge.fml.loading.moddiscovery.Scanner/SCAN]: Scanning Mod File: C:\Users\mattw\Documents\Git\SampleMod\.gradle\repositories\ng_dummy_ng\net\neoforged\forge\1.20.1-47.1.106\forge-1.20.1-47.1.106.jar path net/minecraft/world/level/storage/loot/Serializer.class
[13Aug2026 02:00:06.740] [background-scan-handler-2/DEBUG] [net.minecraftforge.fml.loading.moddiscovery.Scanner/SCAN]: Scanning Mod File: / path net/minecraftforge/common/ForgeSpawnEggItem$ColorRegisterHandler.class
[13Aug2026 02:00:06.741] [background-scan-handler-2/DEBUG] [net.minecraftforge.fml.loading.moddiscovery.Scanner/SCAN]: Scanning Mod File: / path net/minecraftforge/common/ForgeMod.class
[13Aug2026 02:00:06.743] [background-scan-handler-0/DEBUG] [net.minecraftforge.fml.loading.moddiscovery.Scanner/SCAN]: Scanning Mod File: C:\Users\mattw\Documents\Git\SampleMod\.gradle\repositories\ng_dummy_ng\net\neoforged\forge\1.20.1-47.1.106\forge-1.20.1-47.1.106.jar path net/minecraft/world/level/storage/loot/providers/score/ScoreboardNameProviders.class
[13Aug2026 02:00:06.744] [background-scan-handler-0/DEBUG] [net.minecraftforge.fml.loading.moddiscovery.Scanner/SCAN]: Scanning Mod File: C:\Users\mattw\Documents\Git\SampleMod\.gradle\repositories\ng_dummy_ng\net\neoforged\forge\1.20.1-47.1.106\forge-1.20.1-47.1.106.jar path net/minecraft/world/level/storage/loot/providers/score/ScoreboardNameProvider.class
[13Aug2026 02:00:06.755] [background-scan-handler-0/DEBUG] [net.minecraftforge.fml.loading.moddiscovery.Scanner/SCAN]: Scanning Mod File: C:\Users\mattw\Documents\Git\SampleMod\.gradle\repositories\ng_dummy_ng\net\neoforged\forge\1.20.1-47.1.106\forge-1.20.1-47.1.106.jar path net/minecraft/world/level/storage/loot/providers/score/package-info.class
[13Aug2026 02:00:06.755] [background-scan-handler-2/DEBUG] [net.minecraftforge.fml.loading.moddiscovery.Scanner/SCAN]: Scanning Mod File: / path net/minecraftforge/common/ForgeMod$4.class
[13Aug2026 02:00:06.756] [background-scan-handler-0/DEBUG] [net.minecraftforge.fml.loading.moddiscovery.Scanner/SCAN]: Scanning Mod File: C:\Users\mattw\Documents\Git\SampleMod\.gradle\repositories\ng_dummy_ng\net\neoforged\forge\1.20.1-47.1.106\forge-1.20.1-47.1.106.jar path net/minecraft/world/level/storage/loot/providers/score/LootScoreProviderType.class
[13Aug2026 02:00:06.757] [background-scan-handler-2/DEBUG] [net.minecraftforge.fml.loading.moddiscovery.Scanner/SCAN]: Scanning Mod File: / path net/minecraftforge/common/ForgeMod$4$1.class
[13Aug2026 02:00:06.757] [background-scan-handler-2/DEBUG] [net.minecraftforge.fml.loading.moddiscovery.Scanner/SCAN]: Scanning Mod File: / path net/minecraftforge/common/ForgeMod$3.class
[13Aug2026 02:00:06.757] [background-scan-handler-0/DEBUG] [net.minecraftforge.fml.loading.moddiscovery.Scanner/SCAN]: Scanning Mod File: C:\Users\mattw\Documents\Git\SampleMod\.gradle\repositories\ng_dummy_ng\net\neoforged\forge\1.20.1-47.1.106\forge-1.20.1-47.1.106.jar path net/minecraft/world/level/storage/loot/providers/score/FixedScoreboardNameProvider.class
[13Aug2026 02:00:06.759] [background-scan-handler-2/DEBUG] [net.minecraftforge.fml.loading.moddiscovery.Scanner/SCAN]: Scanning Mod File: / path net/minecraftforge/common/ForgeMod$3$1.class
[13Aug2026 02:00:06.759] [background-scan-handler-0/DEBUG] [net.minecraftforge.fml.loading.moddiscovery.Scanner/SCAN]: Scanning Mod File: C:\Users\mattw\Documents\Git\SampleMod\.gradle\repositories\ng_dummy_ng\net\neoforged\forge\1.20.1-47.1.106\forge-1.20.1-47.1.106.jar path net/minecraft/world/level/storage/loot/providers/score/FixedScoreboardNameProvider$Serializer.class
[13Aug2026 02:00:06.759] [background-scan-handler-0/DEBUG] [net.minecraftforge.fml.loading.moddiscovery.Scanner/SCAN]: Scanning Mod File: C:\Users\mattw\Documents\Git\SampleMod\.gradle\repositories\ng_dummy_ng\net\neoforged\forge\1.20.1-47.1.106\forge-1.20.1-47.1.106.jar path net/minecraft/world/level/storage/loot/providers/score/ContextScoreboardNameProvider.class
[13Aug2026 02:00:06.761] [background-scan-handler-0/DEBUG] [net.minecraftforge.fml.loading.moddiscovery.Scanner/SCAN]: Scanning Mod File: C:\Users\mattw\Documents\Git\SampleMod\.gradle\repositories\ng_dummy_ng\net\neoforged\forge\1.20.1-47.1.106\forge-1.20.1-47.1.106.jar path net/minecraft/world/level/storage/loot/providers/score/ContextScoreboardNameProvider$Serializer.class
[13Aug2026 02:00:06.761] [background-scan-handler-2/DEBUG] [net.minecraftforge.fml.loading.moddiscovery.Scanner/SCAN]: Scanning Mod File: / path net/minecraftforge/common/ForgeMod$2.class
[13Aug2026 02:00:06.761] [background-scan-handler-0/DEBUG] [net.minecraftforge.fml.loading.moddiscovery.Scanner/SCAN]: Scanning Mod File: C:\Users\mattw\Documents\Git\SampleMod\.gradle\repositories\ng_dummy_ng\net\neoforged\forge\1.20.1-47.1.106\forge-1.20.1-47.1.106.jar path net/minecraft/world/level/storage/loot/providers/score/ContextScoreboardNameProvider$InlineSerializer.class
[13Aug2026 02:00:06.761] [background-scan-handler-2/DEBUG] [net.minecraftforge.fml.loading.moddiscovery.Scanner/SCAN]: Scanning Mod File: / path net/minecraftforge/common/ForgeMod$2$1.class
[13Aug2026 02:00:06.761] [background-scan-handler-0/DEBUG] [net.minecraftforge.fml.loading.moddiscovery.Scanner/SCAN]: Scanning Mod File: C:\Users\mattw\Documents\Git\SampleMod\.gradle\repositories\ng_dummy_ng\net\neoforged\forge\1.20.1-47.1.106\forge-1.20.1-47.1.106.jar path net/minecraft/world/level/storage/loot/providers/number/UniformGenerator.class
[13Aug2026 02:00:06.762] [background-scan-handler-0/DEBUG] [net.minecraftforge.fml.loading.moddiscovery.Scanner/SCAN]: Scanning Mod File: C:\Users\mattw\Documents\Git\SampleMod\.gradle\repositories\ng_dummy_ng\net\neoforged\forge\1.20.1-47.1.106\forge-1.20.1-47.1.106.jar path net/minecraft/world/level/storage/loot/providers/number/UniformGenerator$Serializer.class
[13Aug2026 02:00:06.762] [background-scan-handler-2/DEBUG] [net.minecraftforge.fml.loading.moddiscovery.Scanner/SCAN]: Scanning Mod File: / path net/minecraftforge/common/ForgeMod$1.class
[13Aug2026 02:00:06.763] [background-scan-handler-0/DEBUG] [net.minecraftforge.fml.loading.moddiscovery.Scanner/SCAN]: Scanning Mod File: C:\Users\mattw\Documents\Git\SampleMod\.gradle\repositories\ng_dummy_ng\net\neoforged\forge\1.20.1-47.1.106\forge-1.20.1-47.1.106.jar path net/minecraft/world/level/storage/loot/providers/number/ScoreboardValue.class
[13Aug2026 02:00:06.764] [background-scan-handler-2/DEBUG] [net.minecraftforge.fml.loading.moddiscovery.Scanner/SCAN]: Scanning Mod File: / path net/minecraftforge/common/ForgeInternalHandler.class
[13Aug2026 02:00:06.764] [background-scan-handler-0/DEBUG] [net.minecraftforge.fml.loading.moddiscovery.Scanner/SCAN]: Scanning Mod File: C:\Users\mattw\Documents\Git\SampleMod\.gradle\repositories\ng_dummy_ng\net\neoforged\forge\1.20.1-47.1.106\forge-1.20.1-47.1.106.jar path net/minecraft/world/level/storage/loot/providers/number/ScoreboardValue$Serializer.class
[13Aug2026 02:00:06.765] [background-scan-handler-2/DEBUG] [net.minecraftforge.fml.loading.moddiscovery.Scanner/SCAN]: Scanning Mod File: / path net/minecraftforge/common/ForgeI18n.class
[13Aug2026 02:00:06.765] [background-scan-handler-0/DEBUG] [net.minecraftforge.fml.loading.moddiscovery.Scanner/SCAN]: Scanning Mod File: C:\Users\mattw\Documents\Git\SampleMod\.gradle\repositories\ng_dummy_ng\net\neoforged\forge\1.20.1-47.1.106\forge-1.20.1-47.1.106.jar path net/minecraft/world/level/storage/loot/providers/number/package-info.class
[13Aug2026 02:00:06.765] [background-scan-handler-0/DEBUG] [net.minecraftforge.fml.loading.moddiscovery.Scanner/SCAN]: Scanning Mod File: C:\Users\mattw\Documents\Git\SampleMod\.gradle\repositories\ng_dummy_ng\net\neoforged\forge\1.20.1-47.1.106\forge-1.20.1-47.1.106.jar path net/minecraft/world/level/storage/loot/providers/number/NumberProviders.class
[13Aug2026 02:00:06.765] [background-scan-handler-0/DEBUG] [net.minecraftforge.fml.loading.moddiscovery.Scanner/SCAN]: Scanning Mod File: C:\Users\mattw\Documents\Git\SampleMod\.gradle\repositories\ng_dummy_ng\net\neoforged\forge\1.20.1-47.1.106\forge-1.20.1-47.1.106.jar path net/minecraft/world/level/storage/loot/providers/number/NumberProvider.class
[13Aug2026 02:00:06.766] [background-scan-handler-0/DEBUG] [net.minecraftforge.fml.loading.moddiscovery.Scanner/SCAN]: Scanning Mod File: C:\Users\mattw\Documents\Git\SampleMod\.gradle\repositories\ng_dummy_ng\net\neoforged\forge\1.20.1-47.1.106\forge-1.20.1-47.1.106.jar path net/minecraft/world/level/storage/loot/providers/number/LootNumberProviderType.class
[13Aug2026 02:00:06.766] [background-scan-handler-2/DEBUG] [net.minecraftforge.fml.loading.moddiscovery.Scanner/SCAN]: Scanning Mod File: / path net/minecraftforge/common/ForgeI18n$CustomReadOnlyFormat.class
[13Aug2026 02:00:06.767] [background-scan-handler-2/DEBUG] [net.minecraftforge.fml.loading.moddiscovery.Scanner/SCAN]: Scanning Mod File: / path net/minecraftforge/common/ForgeHooks.class
[13Aug2026 02:00:06.769] [background-scan-handler-0/DEBUG] [net.minecraftforge.fml.loading.moddiscovery.Scanner/SCAN]: Scanning Mod File: C:\Users\mattw\Documents\Git\SampleMod\.gradle\repositories\ng_dummy_ng\net\neoforged\forge\1.20.1-47.1.106\forge-1.20.1-47.1.106.jar path net/minecraft/world/level/storage/loot/providers/number/ConstantValue.class
[13Aug2026 02:00:06.769] [background-scan-handler-0/DEBUG] [net.minecraftforge.fml.loading.moddiscovery.Scanner/SCAN]: Scanning Mod File: C:\Users\mattw\Documents\Git\SampleMod\.gradle\repositories\ng_dummy_ng\net\neoforged\forge\1.20.1-47.1.106\forge-1.20.1-47.1.106.jar path net/minecraft/world/level/storage/loot/providers/number/ConstantValue$Serializer.class
[13Aug2026 02:00:06.770] [background-scan-handler-0/DEBUG] [net.minecraftforge.fml.loading.moddiscovery.Scanner/SCAN]: Scanning Mod File: C:\Users\mattw\Documents\Git\SampleMod\.gradle\repositories\ng_dummy_ng\net\neoforged\forge\1.20.1-47.1.106\forge-1.20.1-47.1.106.jar path net/minecraft/world/level/storage/loot/providers/number/ConstantValue$InlineSerializer.class
[13Aug2026 02:00:06.771] [background-scan-handler-0/DEBUG] [net.minecraftforge.fml.loading.moddiscovery.Scanner/SCAN]: Scanning Mod File: C:\Users\mattw\Documents\Git\SampleMod\.gradle\repositories\ng_dummy_ng\net\neoforged\forge\1.20.1-47.1.106\forge-1.20.1-47.1.106.jar path net/minecraft/world/level/storage/loot/providers/number/BinomialDistributionGenerator.class
[13Aug2026 02:00:06.771] [background-scan-handler-0/DEBUG] [net.minecraftforge.fml.loading.moddiscovery.Scanner/SCAN]: Scanning Mod File: C:\Users\mattw\Documents\Git\SampleMod\.gradle\repositories\ng_dummy_ng\net\neoforged\forge\1.20.1-47.1.106\forge-1.20.1-47.1.106.jar path net/minecraft/world/level/storage/loot/providers/number/BinomialDistributionGenerator$Serializer.class
[13Aug2026 02:00:06.771] [background-scan-handler-0/DEBUG] [net.minecraftforge.fml.loading.moddiscovery.Scanner/SCAN]: Scanning Mod File: C:\Users\mattw\Documents\Git\SampleMod\.gradle\repositories\ng_dummy_ng\net\neoforged\forge\1.20.1-47.1.106\forge-1.20.1-47.1.106.jar path net/minecraft/world/level/storage/loot/providers/nbt/StorageNbtProvider.class
[13Aug2026 02:00:06.772] [background-scan-handler-2/DEBUG] [net.minecraftforge.fml.loading.moddiscovery.Scanner/SCAN]: Scanning Mod File: / path net/minecraftforge/common/ForgeHooks$LootTableContext.class
[13Aug2026 02:00:06.772] [background-scan-handler-0/DEBUG] [net.minecraftforge.fml.loading.moddiscovery.Scanner/SCAN]: Scanning Mod File: C:\Users\mattw\Documents\Git\SampleMod\.gradle\repositories\ng_dummy_ng\net\neoforged\forge\1.20.1-47.1.106\forge-1.20.1-47.1.106.jar path net/minecraft/world/level/storage/loot/providers/nbt/StorageNbtProvider$Serializer.class
[13Aug2026 02:00:06.772] [background-scan-handler-2/DEBUG] [net.minecraftforge.fml.loading.moddiscovery.Scanner/SCAN]: Scanning Mod File: / path net/minecraftforge/common/ForgeHooks$BiomeCallbackFunction.class
[13Aug2026 02:00:06.772] [background-scan-handler-2/DEBUG] [net.minecraftforge.fml.loading.moddiscovery.Scanner/SCAN]: Scanning Mod File: / path net/minecraftforge/common/ForgeHooks$2.class
[13Aug2026 02:00:06.772] [background-scan-handler-0/DEBUG] [net.minecraftforge.fml.loading.moddiscovery.Scanner/SCAN]: Scanning Mod File: C:\Users\mattw\Documents\Git\SampleMod\.gradle\repositories\ng_dummy_ng\net\neoforged\forge\1.20.1-47.1.106\forge-1.20.1-47.1.106.jar path net/minecraft/world/level/storage/loot/providers/nbt/package-info.class
[13Aug2026 02:00:06.773] [background-scan-handler-2/DEBUG] [net.minecraftforge.fml.loading.moddiscovery.Scanner/SCAN]: Scanning Mod File: / path net/minecraftforge/common/ForgeHooks$1.class
[13Aug2026 02:00:06.773] [background-scan-handler-0/DEBUG] [net.minecraftforge.fml.loading.moddiscovery.Scanner/SCAN]: Scanning Mod File: C:\Users\mattw\Documents\Git\SampleMod\.gradle\repositories\ng_dummy_ng\net\neoforged\forge\1.20.1-47.1.106\forge-1.20.1-47.1.106.jar path net/minecraft/world/level/storage/loot/providers/nbt/NbtProviders.class
[13Aug2026 02:00:06.773] [background-scan-handler-0/DEBUG] [net.minecraftforge.fml.loading.moddiscovery.Scanner/SCAN]: Scanning Mod File: C:\Users\mattw\Documents\Git\SampleMod\.gradle\repositories\ng_dummy_ng\net\neoforged\forge\1.20.1-47.1.106\forge-1.20.1-47.1.106.jar path net/minecraft/world/level/storage/loot/providers/nbt/NbtProvider.class
[13Aug2026 02:00:06.774] [background-scan-handler-0/DEBUG] [net.minecraftforge.fml.loading.moddiscovery.Scanner/SCAN]: Scanning Mod File: C:\Users\mattw\Documents\Git\SampleMod\.gradle\repositories\ng_dummy_ng\net\neoforged\forge\1.20.1-47.1.106\forge-1.20.1-47.1.106.jar path net/minecraft/world/level/storage/loot/providers/nbt/LootNbtProviderType.class
[13Aug2026 02:00:06.774] [background-scan-handler-2/DEBUG] [net.minecraftforge.fml.loading.moddiscovery.Scanner/SCAN]: Scanning Mod File: / path net/minecraftforge/common/ForgeConfigSpec.class
[13Aug2026 02:00:06.774] [background-scan-handler-0/DEBUG] [net.minecraftforge.fml.loading.moddiscovery.Scanner/SCAN]: Scanning Mod File: C:\Users\mattw\Documents\Git\SampleMod\.gradle\repositories\ng_dummy_ng\net\neoforged\forge\1.20.1-47.1.106\forge-1.20.1-47.1.106.jar path net/minecraft/world/level/storage/loot/providers/nbt/ContextNbtProvider.class
[13Aug2026 02:00:06.774] [background-scan-handler-0/DEBUG] [net.minecraftforge.fml.loading.moddiscovery.Scanner/SCAN]: Scanning Mod File: C:\Users\mattw\Documents\Git\SampleMod\.gradle\repositories\ng_dummy_ng\net\neoforged\forge\1.20.1-47.1.106\forge-1.20.1-47.1.106.jar path net/minecraft/world/level/storage/loot/providers/nbt/ContextNbtProvider$Serializer.class
[13Aug2026 02:00:06.774] [background-scan-handler-2/DEBUG] [net.minecraftforge.fml.loading.moddiscovery.Scanner/SCAN]: Scanning Mod File: / path net/minecraftforge/common/ForgeConfigSpec$ValueSpec.class
[13Aug2026 02:00:06.775] [background-scan-handler-0/DEBUG] [net.minecraftforge.fml.loading.moddiscovery.Scanner/SCAN]: Scanning Mod File: C:\Users\mattw\Documents\Git\SampleMod\.gradle\repositories\ng_dummy_ng\net\neoforged\forge\1.20.1-47.1.106\forge-1.20.1-47.1.106.jar path net/minecraft/world/level/storage/loot/providers/nbt/ContextNbtProvider$InlineSerializer.class
[13Aug2026 02:00:06.775] [background-scan-handler-0/DEBUG] [net.minecraftforge.fml.loading.moddiscovery.Scanner/SCAN]: Scanning Mod File: C:\Users\mattw\Documents\Git\SampleMod\.gradle\repositories\ng_dummy_ng\net\neoforged\forge\1.20.1-47.1.106\forge-1.20.1-47.1.106.jar path net/minecraft/world/level/storage/loot/providers/nbt/ContextNbtProvider$Getter.class
[13Aug2026 02:00:06.775] [background-scan-handler-0/DEBUG] [net.minecraftforge.fml.loading.moddiscovery.Scanner/SCAN]: Scanning Mod File: C:\Users\mattw\Documents\Git\SampleMod\.gradle\repositories\ng_dummy_ng\net\neoforged\forge\1.20.1-47.1.106\forge-1.20.1-47.1.106.jar path net/minecraft/world/level/storage/loot/providers/nbt/ContextNbtProvider$2.class
[13Aug2026 02:00:06.775] [background-scan-handler-2/DEBUG] [net.minecraftforge.fml.loading.moddiscovery.Scanner/SCAN]: Scanning Mod File: / path net/minecraftforge/common/ForgeConfigSpec$Range.class
[13Aug2026 02:00:06.779] [background-scan-handler-2/DEBUG] [net.minecraftforge.fml.loading.moddiscovery.Scanner/SCAN]: Scanning Mod File: / path net/minecraftforge/common/ForgeConfigSpec$LongValue.class
[13Aug2026 02:00:06.779] [background-scan-handler-0/DEBUG] [net.minecraftforge.fml.loading.moddiscovery.Scanner/SCAN]: Scanning Mod File: C:\Users\mattw\Documents\Git\SampleMod\.gradle\repositories\ng_dummy_ng\net\neoforged\forge\1.20.1-47.1.106\forge-1.20.1-47.1.106.jar path net/minecraft/world/level/storage/loot/providers/nbt/ContextNbtProvider$1.class
[13Aug2026 02:00:06.780] [background-scan-handler-2/DEBUG] [net.minecraftforge.fml.loading.moddiscovery.Scanner/SCAN]: Scanning Mod File: / path net/minecraftforge/common/ForgeConfigSpec$IntValue.class
[13Aug2026 02:00:06.780] [background-scan-handler-0/DEBUG] [net.minecraftforge.fml.loading.moddiscovery.Scanner/SCAN]: Scanning Mod File: C:\Users\mattw\Documents\Git\SampleMod\.gradle\repositories\ng_dummy_ng\net\neoforged\forge\1.20.1-47.1.106\forge-1.20.1-47.1.106.jar path net/minecraft/world/level/storage/loot/predicates/WeatherCheck.class
[13Aug2026 02:00:06.783] [background-scan-handler-2/DEBUG] [net.minecraftforge.fml.loading.moddiscovery.Scanner/SCAN]: Scanning Mod File: / path net/minecraftforge/common/ForgeConfigSpec$EnumValue.class
[13Aug2026 02:00:06.783] [background-scan-handler-0/DEBUG] [net.minecraftforge.fml.loading.moddiscovery.Scanner/SCAN]: Scanning Mod File: C:\Users\mattw\Documents\Git\SampleMod\.gradle\repositories\ng_dummy_ng\net\neoforged\forge\1.20.1-47.1.106\forge-1.20.1-47.1.106.jar path net/minecraft/world/level/storage/loot/predicates/WeatherCheck$Serializer.class
[13Aug2026 02:00:06.784] [background-scan-handler-2/DEBUG] [net.minecraftforge.fml.loading.moddiscovery.Scanner/SCAN]: Scanning Mod File: / path net/minecraftforge/common/ForgeConfigSpec$DoubleValue.class
[13Aug2026 02:00:06.784] [background-scan-handler-2/DEBUG] [net.minecraftforge.fml.loading.moddiscovery.Scanner/SCAN]: Scanning Mod File: / path net/minecraftforge/common/ForgeConfigSpec$ConfigValue.class
[13Aug2026 02:00:06.785] [background-scan-handler-0/DEBUG] [net.minecraftforge.fml.loading.moddiscovery.Scanner/SCAN]: Scanning Mod File: C:\Users\mattw\Documents\Git\SampleMod\.gradle\repositories\ng_dummy_ng\net\neoforged\forge\1.20.1-47.1.106\forge-1.20.1-47.1.106.jar path net/minecraft/world/level/storage/loot/predicates/WeatherCheck$Builder.class
[13Aug2026 02:00:06.785] [background-scan-handler-2/DEBUG] [net.minecraftforge.fml.loading.moddiscovery.Scanner/SCAN]: Scanning Mod File: / path net/minecraftforge/common/ForgeConfigSpec$BuilderContext.class
[13Aug2026 02:00:06.785] [background-scan-handler-2/DEBUG] [net.minecraftforge.fml.loading.moddiscovery.Scanner/SCAN]: Scanning Mod File: / path net/minecraftforge/common/ForgeConfigSpec$Builder.class
[13Aug2026 02:00:06.787] [background-scan-handler-0/DEBUG] [net.minecraftforge.fml.loading.moddiscovery.Scanner/SCAN]: Scanning Mod File: C:\Users\mattw\Documents\Git\SampleMod\.gradle\repositories\ng_dummy_ng\net\neoforged\forge\1.20.1-47.1.106\forge-1.20.1-47.1.106.jar path net/minecraft/world/level/storage/loot/predicates/ValueCheckCondition.class
[13Aug2026 02:00:06.788] [background-scan-handler-2/DEBUG] [net.minecraftforge.fml.loading.moddiscovery.Scanner/SCAN]: Scanning Mod File: / path net/minecraftforge/common/ForgeConfigSpec$Builder$BuilderConsumer.class
[13Aug2026 02:00:06.788] [background-scan-handler-0/DEBUG] [net.minecraftforge.fml.loading.moddiscovery.Scanner/SCAN]: Scanning Mod File: C:\Users\mattw\Documents\Git\SampleMod\.gradle\repositories\ng_dummy_ng\net\neoforged\forge\1.20.1-47.1.106\forge-1.20.1-47.1.106.jar path net/minecraft/world/level/storage/loot/predicates/ValueCheckCondition$Serializer.class
[13Aug2026 02:00:06.788] [background-scan-handler-0/DEBUG] [net.minecraftforge.fml.loading.moddiscovery.Scanner/SCAN]: Scanning Mod File: C:\Users\mattw\Documents\Git\SampleMod\.gradle\repositories\ng_dummy_ng\net\neoforged\forge\1.20.1-47.1.106\forge-1.20.1-47.1.106.jar path net/minecraft/world/level/storage/loot/predicates/TimeCheck.class
[13Aug2026 02:00:06.788] [background-scan-handler-2/DEBUG] [net.minecraftforge.fml.loading.moddiscovery.Scanner/SCAN]: Scanning Mod File: / path net/minecraftforge/common/ForgeConfigSpec$Builder$2.class
[13Aug2026 02:00:06.789] [background-scan-handler-2/DEBUG] [net.minecraftforge.fml.loading.moddiscovery.Scanner/SCAN]: Scanning Mod File: / path net/minecraftforge/common/ForgeConfigSpec$Builder$1.class
[13Aug2026 02:00:06.790] [background-scan-handler-2/DEBUG] [net.minecraftforge.fml.loading.moddiscovery.Scanner/SCAN]: Scanning Mod File: / path net/minecraftforge/common/ForgeConfigSpec$BooleanValue.class
[13Aug2026 02:00:06.791] [background-scan-handler-0/DEBUG] [net.minecraftforge.fml.loading.moddiscovery.Scanner/SCAN]: Scanning Mod File: C:\Users\mattw\Documents\Git\SampleMod\.gradle\repositories\ng_dummy_ng\net\neoforged\forge\1.20.1-47.1.106\forge-1.20.1-47.1.106.jar path net/minecraft/world/level/storage/loot/predicates/TimeCheck$Serializer.class
[13Aug2026 02:00:06.791] [background-scan-handler-2/DEBUG] [net.minecraftforge.fml.loading.moddiscovery.Scanner/SCAN]: Scanning Mod File: / path net/minecraftforge/common/ForgeConfig.class
[13Aug2026 02:00:06.792] [background-scan-handler-0/DEBUG] [net.minecraftforge.fml.loading.moddiscovery.Scanner/SCAN]: Scanning Mod File: C:\Users\mattw\Documents\Git\SampleMod\.gradle\repositories\ng_dummy_ng\net\neoforged\forge\1.20.1-47.1.106\forge-1.20.1-47.1.106.jar path net/minecraft/world/level/storage/loot/predicates/TimeCheck$Builder.class
[13Aug2026 02:00:06.793] [background-scan-handler-0/DEBUG] [net.minecraftforge.fml.loading.moddiscovery.Scanner/SCAN]: Scanning Mod File: C:\Users\mattw\Documents\Git\SampleMod\.gradle\repositories\ng_dummy_ng\net\neoforged\forge\1.20.1-47.1.106\forge-1.20.1-47.1.106.jar path net/minecraft/world/level/storage/loot/predicates/package-info.class
[13Aug2026 02:00:06.793] [background-scan-handler-2/DEBUG] [net.minecraftforge.fml.loading.moddiscovery.Scanner/SCAN]: Scanning Mod File: / path net/minecraftforge/common/ForgeConfig$Server.class
[13Aug2026 02:00:06.794] [background-scan-handler-0/DEBUG] [net.minecraftforge.fml.loading.moddiscovery.Scanner/SCAN]: Scanning Mod File: C:\Users\mattw\Documents\Git\SampleMod\.gradle\repositories\ng_dummy_ng\net\neoforged\forge\1.20.1-47.1.106\forge-1.20.1-47.1.106.jar path net/minecraft/world/level/storage/loot/predicates/MatchTool.class
[13Aug2026 02:00:06.794] [background-scan-handler-2/DEBUG] [net.minecraftforge.fml.loading.moddiscovery.Scanner/SCAN]: Scanning Mod File: / path net/minecraftforge/common/ForgeConfig$Common.class
[13Aug2026 02:00:06.794] [background-scan-handler-0/DEBUG] [net.minecraftforge.fml.loading.moddiscovery.Scanner/SCAN]: Scanning Mod File: C:\Users\mattw\Documents\Git\SampleMod\.gradle\repositories\ng_dummy_ng\net\neoforged\forge\1.20.1-47.1.106\forge-1.20.1-47.1.106.jar path net/minecraft/world/level/storage/loot/predicates/MatchTool$Serializer.class
[13Aug2026 02:00:06.795] [background-scan-handler-2/DEBUG] [net.minecraftforge.fml.loading.moddiscovery.Scanner/SCAN]: Scanning Mod File: / path net/minecraftforge/common/ForgeConfig$Client.class
[13Aug2026 02:00:06.795] [background-scan-handler-0/DEBUG] [net.minecraftforge.fml.loading.moddiscovery.Scanner/SCAN]: Scanning Mod File: C:\Users\mattw\Documents\Git\SampleMod\.gradle\repositories\ng_dummy_ng\net\neoforged\forge\1.20.1-47.1.106\forge-1.20.1-47.1.106.jar path net/minecraft/world/level/storage/loot/predicates/LootItemRandomChanceWithLootingCondition.class
[13Aug2026 02:00:06.795] [background-scan-handler-2/DEBUG] [net.minecraftforge.fml.loading.moddiscovery.Scanner/SCAN]: Scanning Mod File: / path net/minecraftforge/common/FarmlandWaterManager.class
[13Aug2026 02:00:06.795] [background-scan-handler-0/DEBUG] [net.minecraftforge.fml.loading.moddiscovery.Scanner/SCAN]: Scanning Mod File: C:\Users\mattw\Documents\Git\SampleMod\.gradle\repositories\ng_dummy_ng\net\neoforged\forge\1.20.1-47.1.106\forge-1.20.1-47.1.106.jar path net/minecraft/world/level/storage/loot/predicates/LootItemRandomChanceWithLootingCondition$Serializer.class
[13Aug2026 02:00:06.795] [background-scan-handler-0/DEBUG] [net.minecraftforge.fml.loading.moddiscovery.Scanner/SCAN]: Scanning Mod File: C:\Users\mattw\Documents\Git\SampleMod\.gradle\repositories\ng_dummy_ng\net\neoforged\forge\1.20.1-47.1.106\forge-1.20.1-47.1.106.jar path net/minecraft/world/level/storage/loot/predicates/LootItemRandomChanceCondition.class
[13Aug2026 02:00:06.796] [background-scan-handler-0/DEBUG] [net.minecraftforge.fml.loading.moddiscovery.Scanner/SCAN]: Scanning Mod File: C:\Users\mattw\Documents\Git\SampleMod\.gradle\repositories\ng_dummy_ng\net\neoforged\forge\1.20.1-47.1.106\forge-1.20.1-47.1.106.jar path net/minecraft/world/level/storage/loot/predicates/LootItemRandomChanceCondition$Serializer.class
[13Aug2026 02:00:06.796] [background-scan-handler-2/DEBUG] [net.minecraftforge.fml.loading.moddiscovery.Scanner/SCAN]: Scanning Mod File: / path net/minecraftforge/common/extensions/IForgeTransformation.class
[13Aug2026 02:00:06.796] [background-scan-handler-0/DEBUG] [net.minecraftforge.fml.loading.moddiscovery.Scanner/SCAN]: Scanning Mod File: C:\Users\mattw\Documents\Git\SampleMod\.gradle\repositories\ng_dummy_ng\net\neoforged\forge\1.20.1-47.1.106\forge-1.20.1-47.1.106.jar path net/minecraft/world/level/storage/loot/predicates/LootItemKilledByPlayerCondition.class
[13Aug2026 02:00:06.796] [background-scan-handler-2/DEBUG] [net.minecraftforge.fml.loading.moddiscovery.Scanner/SCAN]: Scanning Mod File: / path net/minecraftforge/common/extensions/IForgeTagAppender.class
[13Aug2026 02:00:06.796] [background-scan-handler-0/DEBUG] [net.minecraftforge.fml.loading.moddiscovery.Scanner/SCAN]: Scanning Mod File: C:\Users\mattw\Documents\Git\SampleMod\.gradle\repositories\ng_dummy_ng\net\neoforged\forge\1.20.1-47.1.106\forge-1.20.1-47.1.106.jar path net/minecraft/world/level/storage/loot/predicates/LootItemKilledByPlayerCondition$Serializer.class
[13Aug2026 02:00:06.796] [background-scan-handler-2/DEBUG] [net.minecraftforge.fml.loading.moddiscovery.Scanner/SCAN]: Scanning Mod File: / path net/minecraftforge/common/extensions/IForgeRecipeSerializer.class
[13Aug2026 02:00:06.796] [background-scan-handler-0/DEBUG] [net.minecraftforge.fml.loading.moddiscovery.Scanner/SCAN]: Scanning Mod File: C:\Users\mattw\Documents\Git\SampleMod\.gradle\repositories\ng_dummy_ng\net\neoforged\forge\1.20.1-47.1.106\forge-1.20.1-47.1.106.jar path net/minecraft/world/level/storage/loot/predicates/LootItemEntityPropertyCondition.class
[13Aug2026 02:00:06.798] [background-scan-handler-2/DEBUG] [net.minecraftforge.fml.loading.moddiscovery.Scanner/SCAN]: Scanning Mod File: / path net/minecraftforge/common/extensions/IForgeRawTagBuilder.class
[13Aug2026 02:00:06.798] [background-scan-handler-2/DEBUG] [net.minecraftforge.fml.loading.moddiscovery.Scanner/SCAN]: Scanning Mod File: / path net/minecraftforge/common/extensions/IForgePotion.class
[13Aug2026 02:00:06.798] [background-scan-handler-2/DEBUG] [net.minecraftforge.fml.loading.moddiscovery.Scanner/SCAN]: Scanning Mod File: / path net/minecraftforge/common/extensions/IForgePlayer.class
[13Aug2026 02:00:06.798] [background-scan-handler-0/DEBUG] [net.minecraftforge.fml.loading.moddiscovery.Scanner/SCAN]: Scanning Mod File: C:\Users\mattw\Documents\Git\SampleMod\.gradle\repositories\ng_dummy_ng\net\neoforged\forge\1.20.1-47.1.106\forge-1.20.1-47.1.106.jar path net/minecraft/world/level/storage/loot/predicates/LootItemEntityPropertyCondition$Serializer.class
[13Aug2026 02:00:06.798] [background-scan-handler-2/DEBUG] [net.minecraftforge.fml.loading.moddiscovery.Scanner/SCAN]: Scanning Mod File: / path net/minecraftforge/common/extensions/IForgePackResources.class
[13Aug2026 02:00:06.799] [background-scan-handler-0/DEBUG] [net.minecraftforge.fml.loading.moddiscovery.Scanner/SCAN]: Scanning Mod File: C:\Users\mattw\Documents\Git\SampleMod\.gradle\repositories\ng_dummy_ng\net\neoforged\forge\1.20.1-47.1.106\forge-1.20.1-47.1.106.jar path net/minecraft/world/level/storage/loot/predicates/LootItemConditionType.class
[13Aug2026 02:00:06.799] [background-scan-handler-0/DEBUG] [net.minecraftforge.fml.loading.moddiscovery.Scanner/SCAN]: Scanning Mod File: C:\Users\mattw\Documents\Git\SampleMod\.gradle\repositories\ng_dummy_ng\net\neoforged\forge\1.20.1-47.1.106\forge-1.20.1-47.1.106.jar path net/minecraft/world/level/storage/loot/predicates/LootItemConditions.class
[13Aug2026 02:00:06.799] [background-scan-handler-2/DEBUG] [net.minecraftforge.fml.loading.moddiscovery.Scanner/SCAN]: Scanning Mod File: / path net/minecraftforge/common/extensions/IForgeMobEffectInstance.class
[13Aug2026 02:00:06.799] [background-scan-handler-2/DEBUG] [net.minecraftforge.fml.loading.moddiscovery.Scanner/SCAN]: Scanning Mod File: / path net/minecraftforge/common/extensions/IForgeMobEffect.class
[13Aug2026 02:00:06.799] [background-scan-handler-0/DEBUG] [net.minecraftforge.fml.loading.moddiscovery.Scanner/SCAN]: Scanning Mod File: C:\Users\mattw\Documents\Git\SampleMod\.gradle\repositories\ng_dummy_ng\net\neoforged\forge\1.20.1-47.1.106\forge-1.20.1-47.1.106.jar path net/minecraft/world/level/storage/loot/predicates/LootItemCondition.class
[13Aug2026 02:00:06.799] [background-scan-handler-2/DEBUG] [net.minecraftforge.fml.loading.moddiscovery.Scanner/SCAN]: Scanning Mod File: / path net/minecraftforge/common/extensions/IForgeMenuType.class
[13Aug2026 02:00:06.800] [background-scan-handler-2/DEBUG] [net.minecraftforge.fml.loading.moddiscovery.Scanner/SCAN]: Scanning Mod File: / path net/minecraftforge/common/extensions/IForgeLivingEntity.class
[13Aug2026 02:00:06.800] [background-scan-handler-0/DEBUG] [net.minecraftforge.fml.loading.moddiscovery.Scanner/SCAN]: Scanning Mod File: C:\Users\mattw\Documents\Git\SampleMod\.gradle\repositories\ng_dummy_ng\net\neoforged\forge\1.20.1-47.1.106\forge-1.20.1-47.1.106.jar path net/minecraft/world/level/storage/loot/predicates/LootItemCondition$Builder.class
[13Aug2026 02:00:06.800] [background-scan-handler-2/DEBUG] [net.minecraftforge.fml.loading.moddiscovery.Scanner/SCAN]: Scanning Mod File: / path net/minecraftforge/common/extensions/IForgeLevelChunk.class
[13Aug2026 02:00:06.800] [background-scan-handler-0/DEBUG] [net.minecraftforge.fml.loading.moddiscovery.Scanner/SCAN]: Scanning Mod File: C:\Users\mattw\Documents\Git\SampleMod\.gradle\repositories\ng_dummy_ng\net\neoforged\forge\1.20.1-47.1.106\forge-1.20.1-47.1.106.jar path net/minecraft/world/level/storage/loot/predicates/LootItemBlockStatePropertyCondition.class
[13Aug2026 02:00:06.800] [background-scan-handler-0/DEBUG] [net.minecraftforge.fml.loading.moddiscovery.Scanner/SCAN]: Scanning Mod File: C:\Users\mattw\Documents\Git\SampleMod\.gradle\repositories\ng_dummy_ng\net\neoforged\forge\1.20.1-47.1.106\forge-1.20.1-47.1.106.jar path net/minecraft/world/level/storage/loot/predicates/LootItemBlockStatePropertyCondition$Serializer.class
[13Aug2026 02:00:06.802] [background-scan-handler-2/DEBUG] [net.minecraftforge.fml.loading.moddiscovery.Scanner/SCAN]: Scanning Mod File: / path net/minecraftforge/common/extensions/IForgeLevel.class
[13Aug2026 02:00:06.802] [background-scan-handler-0/DEBUG] [net.minecraftforge.fml.loading.moddiscovery.Scanner/SCAN]: Scanning Mod File: C:\Users\mattw\Documents\Git\SampleMod\.gradle\repositories\ng_dummy_ng\net\neoforged\forge\1.20.1-47.1.106\forge-1.20.1-47.1.106.jar path net/minecraft/world/level/storage/loot/predicates/LootItemBlockStatePropertyCondition$Builder.class
[13Aug2026 02:00:06.803] [background-scan-handler-0/DEBUG] [net.minecraftforge.fml.loading.moddiscovery.Scanner/SCAN]: Scanning Mod File: C:\Users\mattw\Documents\Git\SampleMod\.gradle\repositories\ng_dummy_ng\net\neoforged\forge\1.20.1-47.1.106\forge-1.20.1-47.1.106.jar path net/minecraft/world/level/storage/loot/predicates/LocationCheck.class
[13Aug2026 02:00:06.803] [background-scan-handler-2/DEBUG] [net.minecraftforge.fml.loading.moddiscovery.Scanner/SCAN]: Scanning Mod File: / path net/minecraftforge/common/extensions/IForgeItemStack.class
[13Aug2026 02:00:06.803] [background-scan-handler-0/DEBUG] [net.minecraftforge.fml.loading.moddiscovery.Scanner/SCAN]: Scanning Mod File: C:\Users\mattw\Documents\Git\SampleMod\.gradle\repositories\ng_dummy_ng\net\neoforged\forge\1.20.1-47.1.106\forge-1.20.1-47.1.106.jar path net/minecraft/world/level/storage/loot/predicates/LocationCheck$Serializer.class
[13Aug2026 02:00:06.804] [background-scan-handler-0/DEBUG] [net.minecraftforge.fml.loading.moddiscovery.Scanner/SCAN]: Scanning Mod File: C:\Users\mattw\Documents\Git\SampleMod\.gradle\repositories\ng_dummy_ng\net\neoforged\forge\1.20.1-47.1.106\forge-1.20.1-47.1.106.jar path net/minecraft/world/level/storage/loot/predicates/InvertedLootItemCondition.class
[13Aug2026 02:00:06.804] [background-scan-handler-0/DEBUG] [net.minecraftforge.fml.loading.moddiscovery.Scanner/SCAN]: Scanning Mod File: C:\Users\mattw\Documents\Git\SampleMod\.gradle\repositories\ng_dummy_ng\net\neoforged\forge\1.20.1-47.1.106\forge-1.20.1-47.1.106.jar path net/minecraft/world/level/storage/loot/predicates/InvertedLootItemCondition$Serializer.class
[13Aug2026 02:00:06.804] [background-scan-handler-0/DEBUG] [net.minecraftforge.fml.loading.moddiscovery.Scanner/SCAN]: Scanning Mod File: C:\Users\mattw\Documents\Git\SampleMod\.gradle\repositories\ng_dummy_ng\net\neoforged\forge\1.20.1-47.1.106\forge-1.20.1-47.1.106.jar path net/minecraft/world/level/storage/loot/predicates/ExplosionCondition.class
[13Aug2026 02:00:06.804] [background-scan-handler-2/DEBUG] [net.minecraftforge.fml.loading.moddiscovery.Scanner/SCAN]: Scanning Mod File: / path net/minecraftforge/common/extensions/IForgeItem.class
[13Aug2026 02:00:06.806] [background-scan-handler-0/DEBUG] [net.minecraftforge.fml.loading.moddiscovery.Scanner/SCAN]: Scanning Mod File: C:\Users\mattw\Documents\Git\SampleMod\.gradle\repositories\ng_dummy_ng\net\neoforged\forge\1.20.1-47.1.106\forge-1.20.1-47.1.106.jar path net/minecraft/world/level/storage/loot/predicates/ExplosionCondition$Serializer.class
[13Aug2026 02:00:06.806] [background-scan-handler-2/DEBUG] [net.minecraftforge.fml.loading.moddiscovery.Scanner/SCAN]: Scanning Mod File: / path net/minecraftforge/common/extensions/IForgeIntrinsicHolderTagAppender.class
[13Aug2026 02:00:06.806] [background-scan-handler-0/DEBUG] [net.minecraftforge.fml.loading.moddiscovery.Scanner/SCAN]: Scanning Mod File: C:\Users\mattw\Documents\Git\SampleMod\.gradle\repositories\ng_dummy_ng\net\neoforged\forge\1.20.1-47.1.106\forge-1.20.1-47.1.106.jar path net/minecraft/world/level/storage/loot/predicates/EntityHasScoreCondition.class
[13Aug2026 02:00:06.806] [background-scan-handler-2/DEBUG] [net.minecraftforge.fml.loading.moddiscovery.Scanner/SCAN]: Scanning Mod File: / path net/minecraftforge/common/extensions/IForgeHolderSet.class
[13Aug2026 02:00:06.806] [background-scan-handler-2/DEBUG] [net.minecraftforge.fml.loading.moddiscovery.Scanner/SCAN]: Scanning Mod File: / path net/minecraftforge/common/extensions/IForgeHolderSet$SerializationType.class
[13Aug2026 02:00:06.808] [background-scan-handler-2/DEBUG] [net.minecraftforge.fml.loading.moddiscovery.Scanner/SCAN]: Scanning Mod File: / path net/minecraftforge/common/extensions/IForgeFriendlyByteBuf.class
[13Aug2026 02:00:06.809] [background-scan-handler-2/DEBUG] [net.minecraftforge.fml.loading.moddiscovery.Scanner/SCAN]: Scanning Mod File: / path net/minecraftforge/common/extensions/IForgeFluidState.class
[13Aug2026 02:00:06.809] [background-scan-handler-2/DEBUG] [net.minecraftforge.fml.loading.moddiscovery.Scanner/SCAN]: Scanning Mod File: / path net/minecraftforge/common/extensions/IForgeFluid.class
[13Aug2026 02:00:06.809] [background-scan-handler-0/DEBUG] [net.minecraftforge.fml.loading.moddiscovery.Scanner/SCAN]: Scanning Mod File: C:\Users\mattw\Documents\Git\SampleMod\.gradle\repositories\ng_dummy_ng\net\neoforged\forge\1.20.1-47.1.106\forge-1.20.1-47.1.106.jar path net/minecraft/world/level/storage/loot/predicates/EntityHasScoreCondition$Serializer.class
[13Aug2026 02:00:06.810] [background-scan-handler-2/DEBUG] [net.minecraftforge.fml.loading.moddiscovery.Scanner/SCAN]: Scanning Mod File: / path net/minecraftforge/common/extensions/IForgeEntity.class
[13Aug2026 02:00:06.811] [background-scan-handler-0/DEBUG] [net.minecraftforge.fml.loading.moddiscovery.Scanner/SCAN]: Scanning Mod File: C:\Users\mattw\Documents\Git\SampleMod\.gradle\repositories\ng_dummy_ng\net\neoforged\forge\1.20.1-47.1.106\forge-1.20.1-47.1.106.jar path net/minecraft/world/level/storage/loot/predicates/EntityHasScoreCondition$Builder.class
[13Aug2026 02:00:06.812] [background-scan-handler-0/DEBUG] [net.minecraftforge.fml.loading.moddiscovery.Scanner/SCAN]: Scanning Mod File: C:\Users\mattw\Documents\Git\SampleMod\.gradle\repositories\ng_dummy_ng\net\neoforged\forge\1.20.1-47.1.106\forge-1.20.1-47.1.106.jar path net/minecraft/world/level/storage/loot/predicates/DamageSourceCondition.class
[13Aug2026 02:00:06.812] [background-scan-handler-2/DEBUG] [net.minecraftforge.fml.loading.moddiscovery.Scanner/SCAN]: Scanning Mod File: / path net/minecraftforge/common/extensions/IForgeEnchantment.class
[13Aug2026 02:00:06.813] [background-scan-handler-0/DEBUG] [net.minecraftforge.fml.loading.moddiscovery.Scanner/SCAN]: Scanning Mod File: C:\Users\mattw\Documents\Git\SampleMod\.gradle\repositories\ng_dummy_ng\net\neoforged\forge\1.20.1-47.1.106\forge-1.20.1-47.1.106.jar path net/minecraft/world/level/storage/loot/predicates/DamageSourceCondition$Serializer.class
[13Aug2026 02:00:06.813] [background-scan-handler-2/DEBUG] [net.minecraftforge.fml.loading.moddiscovery.Scanner/SCAN]: Scanning Mod File: / path net/minecraftforge/common/extensions/IForgeDispensibleContainerItem.class
[13Aug2026 02:00:06.813] [background-scan-handler-2/DEBUG] [net.minecraftforge.fml.loading.moddiscovery.Scanner/SCAN]: Scanning Mod File: / path net/minecraftforge/common/extensions/IForgeCommandSourceStack.class
[13Aug2026 02:00:06.816] [background-scan-handler-2/DEBUG] [net.minecraftforge.fml.loading.moddiscovery.Scanner/SCAN]: Scanning Mod File: / path net/minecraftforge/common/extensions/IForgeBucketPickup.class
[13Aug2026 02:00:06.817] [background-scan-handler-2/DEBUG] [net.minecraftforge.fml.loading.moddiscovery.Scanner/SCAN]: Scanning Mod File: / path net/minecraftforge/common/extensions/IForgeBoat.class
[13Aug2026 02:00:06.817] [background-scan-handler-2/DEBUG] [net.minecraftforge.fml.loading.moddiscovery.Scanner/SCAN]: Scanning Mod File: / path net/minecraftforge/common/extensions/IForgeBlockState.class
[13Aug2026 02:00:06.817] [background-scan-handler-0/DEBUG] [net.minecraftforge.fml.loading.moddiscovery.Scanner/SCAN]: Scanning Mod File: C:\Users\mattw\Documents\Git\SampleMod\.gradle\repositories\ng_dummy_ng\net\neoforged\forge\1.20.1-47.1.106\forge-1.20.1-47.1.106.jar path net/minecraft/world/level/storage/loot/predicates/ConditionUserBuilder.class
[13Aug2026 02:00:06.817] [background-scan-handler-0/DEBUG] [net.minecraftforge.fml.loading.moddiscovery.Scanner/SCAN]: Scanning Mod File: C:\Users\mattw\Documents\Git\SampleMod\.gradle\repositories\ng_dummy_ng\net\neoforged\forge\1.20.1-47.1.106\forge-1.20.1-47.1.106.jar path net/minecraft/world/level/storage/loot/predicates/ConditionReference.class
[13Aug2026 02:00:06.817] [background-scan-handler-0/DEBUG] [net.minecraftforge.fml.loading.moddiscovery.Scanner/SCAN]: Scanning Mod File: C:\Users\mattw\Documents\Git\SampleMod\.gradle\repositories\ng_dummy_ng\net\neoforged\forge\1.20.1-47.1.106\forge-1.20.1-47.1.106.jar path net/minecraft/world/level/storage/loot/predicates/ConditionReference$Serializer.class
[13Aug2026 02:00:06.818] [background-scan-handler-2/DEBUG] [net.minecraftforge.fml.loading.moddiscovery.Scanner/SCAN]: Scanning Mod File: / path net/minecraftforge/common/extensions/IForgeBlockGetter.class
[13Aug2026 02:00:06.818] [background-scan-handler-0/DEBUG] [net.minecraftforge.fml.loading.moddiscovery.Scanner/SCAN]: Scanning Mod File: C:\Users\mattw\Documents\Git\SampleMod\.gradle\repositories\ng_dummy_ng\net\neoforged\forge\1.20.1-47.1.106\forge-1.20.1-47.1.106.jar path net/minecraft/world/level/storage/loot/predicates/CompositeLootItemCondition.class
[13Aug2026 02:00:06.818] [background-scan-handler-2/DEBUG] [net.minecraftforge.fml.loading.moddiscovery.Scanner/SCAN]: Scanning Mod File: / path net/minecraftforge/common/extensions/IForgeBlockEntity.class
[13Aug2026 02:00:06.818] [background-scan-handler-0/DEBUG] [net.minecraftforge.fml.loading.moddiscovery.Scanner/SCAN]: Scanning Mod File: C:\Users\mattw\Documents\Git\SampleMod\.gradle\repositories\ng_dummy_ng\net\neoforged\forge\1.20.1-47.1.106\forge-1.20.1-47.1.106.jar path net/minecraft/world/level/storage/loot/predicates/CompositeLootItemCondition$Serializer.class
[13Aug2026 02:00:06.821] [background-scan-handler-2/DEBUG] [net.minecraftforge.fml.loading.moddiscovery.Scanner/SCAN]: Scanning Mod File: / path net/minecraftforge/common/extensions/IForgeBlock.class
[13Aug2026 02:00:06.823] [background-scan-handler-0/DEBUG] [net.minecraftforge.fml.loading.moddiscovery.Scanner/SCAN]: Scanning Mod File: C:\Users\mattw\Documents\Git\SampleMod\.gradle\repositories\ng_dummy_ng\net\neoforged\forge\1.20.1-47.1.106\forge-1.20.1-47.1.106.jar path net/minecraft/world/level/storage/loot/predicates/CompositeLootItemCondition$Builder.class
[13Aug2026 02:00:06.823] [background-scan-handler-0/DEBUG] [net.minecraftforge.fml.loading.moddiscovery.Scanner/SCAN]: Scanning Mod File: C:\Users\mattw\Documents\Git\SampleMod\.gradle\repositories\ng_dummy_ng\net\neoforged\forge\1.20.1-47.1.106\forge-1.20.1-47.1.106.jar path net/minecraft/world/level/storage/loot/predicates/BonusLevelTableCondition.class
[13Aug2026 02:00:06.823] [background-scan-handler-2/DEBUG] [net.minecraftforge.fml.loading.moddiscovery.Scanner/SCAN]: Scanning Mod File: / path net/minecraftforge/common/extensions/IForgeBaseRailBlock.class
[13Aug2026 02:00:06.824] [background-scan-handler-0/DEBUG] [net.minecraftforge.fml.loading.moddiscovery.Scanner/SCAN]: Scanning Mod File: C:\Users\mattw\Documents\Git\SampleMod\.gradle\repositories\ng_dummy_ng\net\neoforged\forge\1.20.1-47.1.106\forge-1.20.1-47.1.106.jar path net/minecraft/world/level/storage/loot/predicates/BonusLevelTableCondition$Serializer.class
[13Aug2026 02:00:06.824] [background-scan-handler-2/DEBUG] [net.minecraftforge.fml.loading.moddiscovery.Scanner/SCAN]: Scanning Mod File: / path net/minecraftforge/common/extensions/IForgeAdvancementBuilder.class
[13Aug2026 02:00:06.824] [background-scan-handler-0/DEBUG] [net.minecraftforge.fml.loading.moddiscovery.Scanner/SCAN]: Scanning Mod File: C:\Users\mattw\Documents\Git\SampleMod\.gradle\repositories\ng_dummy_ng\net\neoforged\forge\1.20.1-47.1.106\forge-1.20.1-47.1.106.jar path net/minecraft/world/level/storage/loot/predicates/AnyOfCondition.class
[13Aug2026 02:00:06.825] [background-scan-handler-0/DEBUG] [net.minecraftforge.fml.loading.moddiscovery.Scanner/SCAN]: Scanning Mod File: C:\Users\mattw\Documents\Git\SampleMod\.gradle\repositories\ng_dummy_ng\net\neoforged\forge\1.20.1-47.1.106\forge-1.20.1-47.1.106.jar path net/minecraft/world/level/storage/loot/predicates/AnyOfCondition$Serializer.class
[13Aug2026 02:00:06.825] [background-scan-handler-2/DEBUG] [net.minecraftforge.fml.loading.moddiscovery.Scanner/SCAN]: Scanning Mod File: / path net/minecraftforge/common/extensions/IForgeAbstractMinecart.class
[13Aug2026 02:00:06.825] [background-scan-handler-0/DEBUG] [net.minecraftforge.fml.loading.moddiscovery.Scanner/SCAN]: Scanning Mod File: C:\Users\mattw\Documents\Git\SampleMod\.gradle\repositories\ng_dummy_ng\net\neoforged\forge\1.20.1-47.1.106\forge-1.20.1-47.1.106.jar path net/minecraft/world/level/storage/loot/predicates/AnyOfCondition$Builder.class
[13Aug2026 02:00:06.826] [background-scan-handler-2/DEBUG] [net.minecraftforge.fml.loading.moddiscovery.Scanner/SCAN]: Scanning Mod File: / path net/minecraftforge/common/DungeonHooks.class
[13Aug2026 02:00:06.826] [background-scan-handler-0/DEBUG] [net.minecraftforge.fml.loading.moddiscovery.Scanner/SCAN]: Scanning Mod File: C:\Users\mattw\Documents\Git\SampleMod\.gradle\repositories\ng_dummy_ng\net\neoforged\forge\1.20.1-47.1.106\forge-1.20.1-47.1.106.jar path net/minecraft/world/level/storage/loot/predicates/AllOfCondition.class
[13Aug2026 02:00:06.826] [background-scan-handler-0/DEBUG] [net.minecraftforge.fml.loading.moddiscovery.Scanner/SCAN]: Scanning Mod File: C:\Users\mattw\Documents\Git\SampleMod\.gradle\repositories\ng_dummy_ng\net\neoforged\forge\1.20.1-47.1.106\forge-1.20.1-47.1.106.jar path net/minecraft/world/level/storage/loot/predicates/AllOfCondition$Serializer.class
[13Aug2026 02:00:06.826] [background-scan-handler-2/DEBUG] [net.minecraftforge.fml.loading.moddiscovery.Scanner/SCAN]: Scanning Mod File: / path net/minecraftforge/common/DungeonHooks$DungeonMob.class
[13Aug2026 02:00:06.828] [background-scan-handler-0/DEBUG] [net.minecraftforge.fml.loading.moddiscovery.Scanner/SCAN]: Scanning Mod File: C:\Users\mattw\Documents\Git\SampleMod\.gradle\repositories\ng_dummy_ng\net\neoforged\forge\1.20.1-47.1.106\forge-1.20.1-47.1.106.jar path net/minecraft/world/level/storage/loot/predicates/AllOfCondition$Builder.class
[13Aug2026 02:00:06.828] [background-scan-handler-2/DEBUG] [net.minecraftforge.fml.loading.moddiscovery.Scanner/SCAN]: Scanning Mod File: / path net/minecraftforge/common/data/VanillaSoundDefinitionsProvider.class
[13Aug2026 02:00:06.828] [background-scan-handler-2/DEBUG] [net.minecraftforge.fml.loading.moddiscovery.Scanner/SCAN]: Scanning Mod File: / path net/minecraftforge/common/data/SpriteSourceProvider.class
[13Aug2026 02:00:06.828] [background-scan-handler-0/DEBUG] [net.minecraftforge.fml.loading.moddiscovery.Scanner/SCAN]: Scanning Mod File: C:\Users\mattw\Documents\Git\SampleMod\.gradle\repositories\ng_dummy_ng\net\neoforged\forge\1.20.1-47.1.106\forge-1.20.1-47.1.106.jar path net/minecraft/world/level/storage/loot/parameters/package-info.class
[13Aug2026 02:00:06.828] [background-scan-handler-0/DEBUG] [net.minecraftforge.fml.loading.moddiscovery.Scanner/SCAN]: Scanning Mod File: C:\Users\mattw\Documents\Git\SampleMod\.gradle\repositories\ng_dummy_ng\net\neoforged\forge\1.20.1-47.1.106\forge-1.20.1-47.1.106.jar path net/minecraft/world/level/storage/loot/parameters/LootContextParamSets.class
[13Aug2026 02:00:06.829] [background-scan-handler-2/DEBUG] [net.minecraftforge.fml.loading.moddiscovery.Scanner/SCAN]: Scanning Mod File: / path net/minecraftforge/common/data/SpriteSourceProvider$SourceList.class
[13Aug2026 02:00:06.829] [background-scan-handler-2/DEBUG] [net.minecraftforge.fml.loading.moddiscovery.Scanner/SCAN]: Scanning Mod File: / path net/minecraftforge/common/data/SoundDefinitionsProvider.class
[13Aug2026 02:00:06.830] [background-scan-handler-0/DEBUG] [net.minecraftforge.fml.loading.moddiscovery.Scanner/SCAN]: Scanning Mod File: C:\Users\mattw\Documents\Git\SampleMod\.gradle\repositories\ng_dummy_ng\net\neoforged\forge\1.20.1-47.1.106\forge-1.20.1-47.1.106.jar path net/minecraft/world/level/storage/loot/parameters/LootContextParamSet.class
[13Aug2026 02:00:06.830] [background-scan-handler-0/DEBUG] [net.minecraftforge.fml.loading.moddiscovery.Scanner/SCAN]: Scanning Mod File: C:\Users\mattw\Documents\Git\SampleMod\.gradle\repositories\ng_dummy_ng\net\neoforged\forge\1.20.1-47.1.106\forge-1.20.1-47.1.106.jar path net/minecraft/world/level/storage/loot/parameters/LootContextParamSet$Builder.class
[13Aug2026 02:00:06.831] [background-scan-handler-2/DEBUG] [net.minecraftforge.fml.loading.moddiscovery.Scanner/SCAN]: Scanning Mod File: / path net/minecraftforge/common/data/SoundDefinitionsProvider$1.class
[13Aug2026 02:00:06.831] [background-scan-handler-2/DEBUG] [net.minecraftforge.fml.loading.moddiscovery.Scanner/SCAN]: Scanning Mod File: / path net/minecraftforge/common/data/SoundDefinition.class
[13Aug2026 02:00:06.831] [background-scan-handler-0/DEBUG] [net.minecraftforge.fml.loading.moddiscovery.Scanner/SCAN]: Scanning Mod File: C:\Users\mattw\Documents\Git\SampleMod\.gradle\repositories\ng_dummy_ng\net\neoforged\forge\1.20.1-47.1.106\forge-1.20.1-47.1.106.jar path net/minecraft/world/level/storage/loot/parameters/LootContextParams.class
[13Aug2026 02:00:06.832] [background-scan-handler-0/DEBUG] [net.minecraftforge.fml.loading.moddiscovery.Scanner/SCAN]: Scanning Mod File: C:\Users\mattw\Documents\Git\SampleMod\.gradle\repositories\ng_dummy_ng\net\neoforged\forge\1.20.1-47.1.106\forge-1.20.1-47.1.106.jar path net/minecraft/world/level/storage/loot/parameters/LootContextParam.class
[13Aug2026 02:00:06.832] [background-scan-handler-0/DEBUG] [net.minecraftforge.fml.loading.moddiscovery.Scanner/SCAN]: Scanning Mod File: C:\Users\mattw\Documents\Git\SampleMod\.gradle\repositories\ng_dummy_ng\net\neoforged\forge\1.20.1-47.1.106\forge-1.20.1-47.1.106.jar path net/minecraft/world/level/storage/loot/package-info.class
[13Aug2026 02:00:06.832] [background-scan-handler-0/DEBUG] [net.minecraftforge.fml.loading.moddiscovery.Scanner/SCAN]: Scanning Mod File: C:\Users\mattw\Documents\Git\SampleMod\.gradle\repositories\ng_dummy_ng\net\neoforged\forge\1.20.1-47.1.106\forge-1.20.1-47.1.106.jar path net/minecraft/world/level/storage/loot/LootTable.class
[13Aug2026 02:00:06.833] [background-scan-handler-2/DEBUG] [net.minecraftforge.fml.loading.moddiscovery.Scanner/SCAN]: Scanning Mod File: / path net/minecraftforge/common/data/SoundDefinition$SoundType.class
[13Aug2026 02:00:06.833] [background-scan-handler-2/DEBUG] [net.minecraftforge.fml.loading.moddiscovery.Scanner/SCAN]: Scanning Mod File: / path net/minecraftforge/common/data/SoundDefinition$Sound.class
[13Aug2026 02:00:06.835] [background-scan-handler-2/DEBUG] [net.minecraftforge.fml.loading.moddiscovery.Scanner/SCAN]: Scanning Mod File: / path net/minecraftforge/common/data/ParticleDescriptionProvider.class
[13Aug2026 02:00:06.835] [background-scan-handler-0/DEBUG] [net.minecraftforge.fml.loading.moddiscovery.Scanner/SCAN]: Scanning Mod File: C:\Users\mattw\Documents\Git\SampleMod\.gradle\repositories\ng_dummy_ng\net\neoforged\forge\1.20.1-47.1.106\forge-1.20.1-47.1.106.jar path net/minecraft/world/level/storage/loot/LootTable$Serializer.class
[13Aug2026 02:00:06.835] [background-scan-handler-0/DEBUG] [net.minecraftforge.fml.loading.moddiscovery.Scanner/SCAN]: Scanning Mod File: C:\Users\mattw\Documents\Git\SampleMod\.gradle\repositories\ng_dummy_ng\net\neoforged\forge\1.20.1-47.1.106\forge-1.20.1-47.1.106.jar path net/minecraft/world/level/storage/loot/LootTable$Builder.class
[13Aug2026 02:00:06.835] [background-scan-handler-2/DEBUG] [net.minecraftforge.fml.loading.moddiscovery.Scanner/SCAN]: Scanning Mod File: / path net/minecraftforge/common/data/ParticleDescriptionProvider$1.class
[13Aug2026 02:00:06.836] [background-scan-handler-2/DEBUG] [net.minecraftforge.fml.loading.moddiscovery.Scanner/SCAN]: Scanning Mod File: / path net/minecraftforge/common/data/package-info.class
[13Aug2026 02:00:06.836] [background-scan-handler-0/DEBUG] [net.minecraftforge.fml.loading.moddiscovery.Scanner/SCAN]: Scanning Mod File: C:\Users\mattw\Documents\Git\SampleMod\.gradle\repositories\ng_dummy_ng\net\neoforged\forge\1.20.1-47.1.106\forge-1.20.1-47.1.106.jar path net/minecraft/world/level/storage/loot/LootPool.class
[13Aug2026 02:00:06.837] [background-scan-handler-2/DEBUG] [net.minecraftforge.fml.loading.moddiscovery.Scanner/SCAN]: Scanning Mod File: / path net/minecraftforge/common/data/LanguageProvider.class
[13Aug2026 02:00:06.837] [background-scan-handler-0/DEBUG] [net.minecraftforge.fml.loading.moddiscovery.Scanner/SCAN]: Scanning Mod File: C:\Users\mattw\Documents\Git\SampleMod\.gradle\repositories\ng_dummy_ng\net\neoforged\forge\1.20.1-47.1.106\forge-1.20.1-47.1.106.jar path net/minecraft/world/level/storage/loot/LootPool$Serializer.class
[13Aug2026 02:00:06.837] [background-scan-handler-0/DEBUG] [net.minecraftforge.fml.loading.moddiscovery.Scanner/SCAN]: Scanning Mod File: C:\Users\mattw\Documents\Git\SampleMod\.gradle\repositories\ng_dummy_ng\net\neoforged\forge\1.20.1-47.1.106\forge-1.20.1-47.1.106.jar path net/minecraft/world/level/storage/loot/LootPool$Builder.class
[13Aug2026 02:00:06.837] [background-scan-handler-2/DEBUG] [net.minecraftforge.fml.loading.moddiscovery.Scanner/SCAN]: Scanning Mod File: / path net/minecraftforge/common/data/JsonCodecProvider.class
[13Aug2026 02:00:06.838] [background-scan-handler-0/DEBUG] [net.minecraftforge.fml.loading.moddiscovery.Scanner/SCAN]: Scanning Mod File: C:\Users\mattw\Documents\Git\SampleMod\.gradle\repositories\ng_dummy_ng\net\neoforged\forge\1.20.1-47.1.106\forge-1.20.1-47.1.106.jar path net/minecraft/world/level/storage/loot/LootParams.class
[13Aug2026 02:00:06.838] [background-scan-handler-2/DEBUG] [net.minecraftforge.fml.loading.moddiscovery.Scanner/SCAN]: Scanning Mod File: / path net/minecraftforge/common/data/GlobalLootModifierProvider.class
[13Aug2026 02:00:06.839] [background-scan-handler-0/DEBUG] [net.minecraftforge.fml.loading.moddiscovery.Scanner/SCAN]: Scanning Mod File: C:\Users\mattw\Documents\Git\SampleMod\.gradle\repositories\ng_dummy_ng\net\neoforged\forge\1.20.1-47.1.106\forge-1.20.1-47.1.106.jar path net/minecraft/world/level/storage/loot/LootParams$DynamicDrop.class
[13Aug2026 02:00:06.840] [background-scan-handler-2/DEBUG] [net.minecraftforge.fml.loading.moddiscovery.Scanner/SCAN]: Scanning Mod File: / path net/minecraftforge/common/data/ForgeSpriteSourceProvider.class
[13Aug2026 02:00:06.843] [background-scan-handler-0/DEBUG] [net.minecraftforge.fml.loading.moddiscovery.Scanner/SCAN]: Scanning Mod File: C:\Users\mattw\Documents\Git\SampleMod\.gradle\repositories\ng_dummy_ng\net\neoforged\forge\1.20.1-47.1.106\forge-1.20.1-47.1.106.jar path net/minecraft/world/level/storage/loot/LootParams$Builder.class
[13Aug2026 02:00:06.843] [background-scan-handler-0/DEBUG] [net.minecraftforge.fml.loading.moddiscovery.Scanner/SCAN]: Scanning Mod File: C:\Users\mattw\Documents\Git\SampleMod\.gradle\repositories\ng_dummy_ng\net\neoforged\forge\1.20.1-47.1.106\forge-1.20.1-47.1.106.jar path net/minecraft/world/level/storage/loot/LootDataType.class
[13Aug2026 02:00:06.843] [background-scan-handler-2/DEBUG] [net.minecraftforge.fml.loading.moddiscovery.Scanner/SCAN]: Scanning Mod File: / path net/minecraftforge/common/data/ForgeRecipeProvider.class
[13Aug2026 02:00:06.844] [background-scan-handler-2/DEBUG] [net.minecraftforge.fml.loading.moddiscovery.Scanner/SCAN]: Scanning Mod File: / path net/minecraftforge/common/data/ForgeLootTableProvider.class
[13Aug2026 02:00:06.846] [background-scan-handler-0/DEBUG] [net.minecraftforge.fml.loading.moddiscovery.Scanner/SCAN]: Scanning Mod File: C:\Users\mattw\Documents\Git\SampleMod\.gradle\repositories\ng_dummy_ng\net\neoforged\forge\1.20.1-47.1.106\forge-1.20.1-47.1.106.jar path net/minecraft/world/level/storage/loot/LootDataType$Validator.class
[13Aug2026 02:00:06.847] [background-scan-handler-2/DEBUG] [net.minecraftforge.fml.loading.moddiscovery.Scanner/SCAN]: Scanning Mod File: / path net/minecraftforge/common/data/ForgeItemTagsProvider.class
[13Aug2026 02:00:06.847] [background-scan-handler-0/DEBUG] [net.minecraftforge.fml.loading.moddiscovery.Scanner/SCAN]: Scanning Mod File: C:\Users\mattw\Documents\Git\SampleMod\.gradle\repositories\ng_dummy_ng\net\neoforged\forge\1.20.1-47.1.106\forge-1.20.1-47.1.106.jar path net/minecraft/world/level/storage/loot/LootDataResolver.class
[13Aug2026 02:00:06.848] [background-scan-handler-0/DEBUG] [net.minecraftforge.fml.loading.moddiscovery.Scanner/SCAN]: Scanning Mod File: C:\Users\mattw\Documents\Git\SampleMod\.gradle\repositories\ng_dummy_ng\net\neoforged\forge\1.20.1-47.1.106\forge-1.20.1-47.1.106.jar path net/minecraft/world/level/storage/loot/LootDataManager.class
[13Aug2026 02:00:06.849] [background-scan-handler-2/DEBUG] [net.minecraftforge.fml.loading.moddiscovery.Scanner/SCAN]: Scanning Mod File: / path net/minecraftforge/common/data/ForgeFluidTagsProvider.class
[13Aug2026 02:00:06.849] [background-scan-handler-0/DEBUG] [net.minecraftforge.fml.loading.moddiscovery.Scanner/SCAN]: Scanning Mod File: C:\Users\mattw\Documents\Git\SampleMod\.gradle\repositories\ng_dummy_ng\net\neoforged\forge\1.20.1-47.1.106\forge-1.20.1-47.1.106.jar path net/minecraft/world/level/storage/loot/LootDataManager$FunctionSequence.class
[13Aug2026 02:00:06.849] [background-scan-handler-2/DEBUG] [net.minecraftforge.fml.loading.moddiscovery.Scanner/SCAN]: Scanning Mod File: / path net/minecraftforge/common/data/ForgeEntityTypeTagsProvider.class
[13Aug2026 02:00:06.849] [background-scan-handler-0/DEBUG] [net.minecraftforge.fml.loading.moddiscovery.Scanner/SCAN]: Scanning Mod File: C:\Users\mattw\Documents\Git\SampleMod\.gradle\repositories\ng_dummy_ng\net\neoforged\forge\1.20.1-47.1.106\forge-1.20.1-47.1.106.jar path net/minecraft/world/level/storage/loot/LootDataManager$CompositePredicate.class
[13Aug2026 02:00:06.850] [background-scan-handler-0/DEBUG] [net.minecraftforge.fml.loading.moddiscovery.Scanner/SCAN]: Scanning Mod File: C:\Users\mattw\Documents\Git\SampleMod\.gradle\repositories\ng_dummy_ng\net\neoforged\forge\1.20.1-47.1.106\forge-1.20.1-47.1.106.jar path net/minecraft/world/level/storage/loot/LootDataManager$1.class
[13Aug2026 02:00:06.849] [background-scan-handler-2/DEBUG] [net.minecraftforge.fml.loading.moddiscovery.Scanner/SCAN]: Scanning Mod File: / path net/minecraftforge/common/data/ForgeDamageTypeTagsProvider.class
[13Aug2026 02:00:06.852] [background-scan-handler-0/DEBUG] [net.minecraftforge.fml.loading.moddiscovery.Scanner/SCAN]: Scanning Mod File: C:\Users\mattw\Documents\Git\SampleMod\.gradle\repositories\ng_dummy_ng\net\neoforged\forge\1.20.1-47.1.106\forge-1.20.1-47.1.106.jar path net/minecraft/world/level/storage/loot/LootDataId.class
[13Aug2026 02:00:06.853] [background-scan-handler-2/DEBUG] [net.minecraftforge.fml.loading.moddiscovery.Scanner/SCAN]: Scanning Mod File: / path net/minecraftforge/common/data/ForgeBlockTagsProvider.class
[13Aug2026 02:00:06.854] [background-scan-handler-2/DEBUG] [net.minecraftforge.fml.loading.moddiscovery.Scanner/SCAN]: Scanning Mod File: / path net/minecraftforge/common/data/ForgeBiomeTagsProvider.class
[13Aug2026 02:00:06.855] [background-scan-handler-0/DEBUG] [net.minecraftforge.fml.loading.moddiscovery.Scanner/SCAN]: Scanning Mod File: C:\Users\mattw\Documents\Git\SampleMod\.gradle\repositories\ng_dummy_ng\net\neoforged\forge\1.20.1-47.1.106\forge-1.20.1-47.1.106.jar path net/minecraft/world/level/storage/loot/LootContextUser.class
[13Aug2026 02:00:06.857] [background-scan-handler-2/DEBUG] [net.minecraftforge.fml.loading.moddiscovery.Scanner/SCAN]: Scanning Mod File: / path net/minecraftforge/common/data/ForgeAdvancementProvider.class
[13Aug2026 02:00:06.857] [background-scan-handler-0/DEBUG] [net.minecraftforge.fml.loading.moddiscovery.Scanner/SCAN]: Scanning Mod File: C:\Users\mattw\Documents\Git\SampleMod\.gradle\repositories\ng_dummy_ng\net\neoforged\forge\1.20.1-47.1.106\forge-1.20.1-47.1.106.jar path net/minecraft/world/level/storage/loot/LootContext.class
[13Aug2026 02:00:06.857] [background-scan-handler-2/DEBUG] [net.minecraftforge.fml.loading.moddiscovery.Scanner/SCAN]: Scanning Mod File: / path net/minecraftforge/common/data/ForgeAdvancementProvider$AdvancementGenerator.class
[13Aug2026 02:00:06.857] [background-scan-handler-0/DEBUG] [net.minecraftforge.fml.loading.moddiscovery.Scanner/SCAN]: Scanning Mod File: C:\Users\mattw\Documents\Git\SampleMod\.gradle\repositories\ng_dummy_ng\net\neoforged\forge\1.20.1-47.1.106\forge-1.20.1-47.1.106.jar path net/minecraft/world/level/storage/loot/LootContext$VisitedEntry.class
[13Aug2026 02:00:06.857] [background-scan-handler-2/DEBUG] [net.minecraftforge.fml.loading.moddiscovery.Scanner/SCAN]: Scanning Mod File: / path net/minecraftforge/common/data/ExistingFileHelper.class
[13Aug2026 02:00:06.858] [background-scan-handler-0/DEBUG] [net.minecraftforge.fml.loading.moddiscovery.Scanner/SCAN]: Scanning Mod File: C:\Users\mattw\Documents\Git\SampleMod\.gradle\repositories\ng_dummy_ng\net\neoforged\forge\1.20.1-47.1.106\forge-1.20.1-47.1.106.jar path net/minecraft/world/level/storage/loot/LootContext$EntityTarget.class
[13Aug2026 02:00:06.858] [background-scan-handler-2/DEBUG] [net.minecraftforge.fml.loading.moddiscovery.Scanner/SCAN]: Scanning Mod File: / path net/minecraftforge/common/data/ExistingFileHelper$ResourceType.class
[13Aug2026 02:00:06.858] [background-scan-handler-0/DEBUG] [net.minecraftforge.fml.loading.moddiscovery.Scanner/SCAN]: Scanning Mod File: C:\Users\mattw\Documents\Git\SampleMod\.gradle\repositories\ng_dummy_ng\net\neoforged\forge\1.20.1-47.1.106\forge-1.20.1-47.1.106.jar path net/minecraft/world/level/storage/loot/LootContext$EntityTarget$Serializer.class
[13Aug2026 02:00:06.859] [background-scan-handler-0/DEBUG] [net.minecraftforge.fml.loading.moddiscovery.Scanner/SCAN]: Scanning Mod File: C:\Users\mattw\Documents\Git\SampleMod\.gradle\repositories\ng_dummy_ng\net\neoforged\forge\1.20.1-47.1.106\forge-1.20.1-47.1.106.jar path net/minecraft/world/level/storage/loot/LootContext$Builder.class
[13Aug2026 02:00:06.859] [background-scan-handler-2/DEBUG] [net.minecraftforge.fml.loading.moddiscovery.Scanner/SCAN]: Scanning Mod File: / path net/minecraftforge/common/data/ExistingFileHelper$IResourceType.class
[13Aug2026 02:00:06.860] [background-scan-handler-2/DEBUG] [net.minecraftforge.fml.loading.moddiscovery.Scanner/SCAN]: Scanning Mod File: / path net/minecraftforge/common/data/DatapackBuiltinEntriesProvider.class
[13Aug2026 02:00:06.860] [background-scan-handler-0/DEBUG] [net.minecraftforge.fml.loading.moddiscovery.Scanner/SCAN]: Scanning Mod File: C:\Users\mattw\Documents\Git\SampleMod\.gradle\repositories\ng_dummy_ng\net\neoforged\forge\1.20.1-47.1.106\forge-1.20.1-47.1.106.jar path net/minecraft/world/level/storage/loot/IntRange.class
[13Aug2026 02:00:06.861] [background-scan-handler-0/DEBUG] [net.minecraftforge.fml.loading.moddiscovery.Scanner/SCAN]: Scanning Mod File: C:\Users\mattw\Documents\Git\SampleMod\.gradle\repositories\ng_dummy_ng\net\neoforged\forge\1.20.1-47.1.106\forge-1.20.1-47.1.106.jar path net/minecraft/world/level/storage/loot/IntRange$Serializer.class
[13Aug2026 02:00:06.862] [background-scan-handler-2/DEBUG] [net.minecraftforge.fml.loading.moddiscovery.Scanner/SCAN]: Scanning Mod File: / path net/minecraftforge/common/data/BlockTagsProvider.class
[13Aug2026 02:00:06.862] [background-scan-handler-0/DEBUG] [net.minecraftforge.fml.loading.moddiscovery.Scanner/SCAN]: Scanning Mod File: C:\Users\mattw\Documents\Git\SampleMod\.gradle\repositories\ng_dummy_ng\net\neoforged\forge\1.20.1-47.1.106\forge-1.20.1-47.1.106.jar path net/minecraft/world/level/storage/loot/IntRange$IntLimiter.class
[13Aug2026 02:00:06.863] [background-scan-handler-0/DEBUG] [net.minecraftforge.fml.loading.moddiscovery.Scanner/SCAN]: Scanning Mod File: C:\Users\mattw\Documents\Git\SampleMod\.gradle\repositories\ng_dummy_ng\net\neoforged\forge\1.20.1-47.1.106\forge-1.20.1-47.1.106.jar path net/minecraft/world/level/storage/loot/IntRange$IntChecker.class
[13Aug2026 02:00:06.863] [background-scan-handler-0/DEBUG] [net.minecraftforge.fml.loading.moddiscovery.Scanner/SCAN]: Scanning Mod File: C:\Users\mattw\Documents\Git\SampleMod\.gradle\repositories\ng_dummy_ng\net\neoforged\forge\1.20.1-47.1.106\forge-1.20.1-47.1.106.jar path net/minecraft/world/level/storage/loot/GsonAdapterFactory.class
[13Aug2026 02:00:06.863] [background-scan-handler-0/DEBUG] [net.minecraftforge.fml.loading.moddiscovery.Scanner/SCAN]: Scanning Mod File: C:\Users\mattw\Documents\Git\SampleMod\.gradle\repositories\ng_dummy_ng\net\neoforged\forge\1.20.1-47.1.106\forge-1.20.1-47.1.106.jar path net/minecraft/world/level/storage/loot/GsonAdapterFactory$JsonAdapter.class
[13Aug2026 02:00:06.863] [background-scan-handler-2/DEBUG] [net.minecraftforge.fml.loading.moddiscovery.Scanner/SCAN]: Scanning Mod File: / path net/minecraftforge/common/damagesource/IScalingFunction.class
[13Aug2026 02:00:06.866] [background-scan-handler-0/DEBUG] [net.minecraftforge.fml.loading.moddiscovery.Scanner/SCAN]: Scanning Mod File: C:\Users\mattw\Documents\Git\SampleMod\.gradle\repositories\ng_dummy_ng\net\neoforged\forge\1.20.1-47.1.106\forge-1.20.1-47.1.106.jar path net/minecraft/world/level/storage/loot/GsonAdapterFactory$InlineSerializer.class
[13Aug2026 02:00:06.867] [background-scan-handler-2/DEBUG] [net.minecraftforge.fml.loading.moddiscovery.Scanner/SCAN]: Scanning Mod File: / path net/minecraftforge/common/damagesource/IScalingFunction$1.class
[13Aug2026 02:00:06.867] [background-scan-handler-2/DEBUG] [net.minecraftforge.fml.loading.moddiscovery.Scanner/SCAN]: Scanning Mod File: / path net/minecraftforge/common/damagesource/IDeathMessageProvider.class
[13Aug2026 02:00:06.868] [background-scan-handler-0/DEBUG] [net.minecraftforge.fml.loading.moddiscovery.Scanner/SCAN]: Scanning Mod File: C:\Users\mattw\Documents\Git\SampleMod\.gradle\repositories\ng_dummy_ng\net\neoforged\forge\1.20.1-47.1.106\forge-1.20.1-47.1.106.jar path net/minecraft/world/level/storage/loot/GsonAdapterFactory$Builder.class
[13Aug2026 02:00:06.868] [background-scan-handler-2/DEBUG] [net.minecraftforge.fml.loading.moddiscovery.Scanner/SCAN]: Scanning Mod File: / path net/minecraftforge/common/CreativeModeTabRegistry.class
[13Aug2026 02:00:06.869] [background-scan-handler-2/DEBUG] [net.minecraftforge.fml.loading.moddiscovery.Scanner/SCAN]: Scanning Mod File: / path net/minecraftforge/common/CreativeModeTabRegistry$1.class
[13Aug2026 02:00:06.869] [background-scan-handler-0/DEBUG] [net.minecraftforge.fml.loading.moddiscovery.Scanner/SCAN]: Scanning Mod File: C:\Users\mattw\Documents\Git\SampleMod\.gradle\repositories\ng_dummy_ng\net\neoforged\forge\1.20.1-47.1.106\forge-1.20.1-47.1.106.jar path net/minecraft/world/level/storage/loot/functions/SmeltItemFunction.class
[13Aug2026 02:00:06.870] [background-scan-handler-0/DEBUG] [net.minecraftforge.fml.loading.moddiscovery.Scanner/SCAN]: Scanning Mod File: C:\Users\mattw\Documents\Git\SampleMod\.gradle\repositories\ng_dummy_ng\net\neoforged\forge\1.20.1-47.1.106\forge-1.20.1-47.1.106.jar path net/minecraft/world/level/storage/loot/functions/SmeltItemFunction$Serializer.class
[13Aug2026 02:00:06.870] [background-scan-handler-0/DEBUG] [net.minecraftforge.fml.loading.moddiscovery.Scanner/SCAN]: Scanning Mod File: C:\Users\mattw\Documents\Git\SampleMod\.gradle\repositories\ng_dummy_ng\net\neoforged\forge\1.20.1-47.1.106\forge-1.20.1-47.1.106.jar path net/minecraft/world/level/storage/loot/functions/SetStewEffectFunction.class
[13Aug2026 02:00:06.870] [background-scan-handler-2/DEBUG] [net.minecraftforge.fml.loading.moddiscovery.Scanner/SCAN]: Scanning Mod File: / path net/minecraftforge/common/crafting/VanillaIngredientSerializer.class
[13Aug2026 02:00:06.871] [background-scan-handler-2/DEBUG] [net.minecraftforge.fml.loading.moddiscovery.Scanner/SCAN]: Scanning Mod File: / path net/minecraftforge/common/crafting/StrictNBTIngredient.class
[13Aug2026 02:00:06.871] [background-scan-handler-0/DEBUG] [net.minecraftforge.fml.loading.moddiscovery.Scanner/SCAN]: Scanning Mod File: C:\Users\mattw\Documents\Git\SampleMod\.gradle\repositories\ng_dummy_ng\net\neoforged\forge\1.20.1-47.1.106\forge-1.20.1-47.1.106.jar path net/minecraft/world/level/storage/loot/functions/SetStewEffectFunction$Serializer.class
[13Aug2026 02:00:06.871] [background-scan-handler-2/DEBUG] [net.minecraftforge.fml.loading.moddiscovery.Scanner/SCAN]: Scanning Mod File: / path net/minecraftforge/common/crafting/StrictNBTIngredient$Serializer.class
[13Aug2026 02:00:06.871] [background-scan-handler-0/DEBUG] [net.minecraftforge.fml.loading.moddiscovery.Scanner/SCAN]: Scanning Mod File: C:\Users\mattw\Documents\Git\SampleMod\.gradle\repositories\ng_dummy_ng\net\neoforged\forge\1.20.1-47.1.106\forge-1.20.1-47.1.106.jar path net/minecraft/world/level/storage/loot/functions/SetStewEffectFunction$Builder.class
[13Aug2026 02:00:06.872] [background-scan-handler-2/DEBUG] [net.minecraftforge.fml.loading.moddiscovery.Scanner/SCAN]: Scanning Mod File: / path net/minecraftforge/common/crafting/PartialNBTIngredient.class
[13Aug2026 02:00:06.872] [background-scan-handler-0/DEBUG] [net.minecraftforge.fml.loading.moddiscovery.Scanner/SCAN]: Scanning Mod File: C:\Users\mattw\Documents\Git\SampleMod\.gradle\repositories\ng_dummy_ng\net\neoforged\forge\1.20.1-47.1.106\forge-1.20.1-47.1.106.jar path net/minecraft/world/level/storage/loot/functions/SetPotionFunction.class
[13Aug2026 02:00:06.872] [background-scan-handler-2/DEBUG] [net.minecraftforge.fml.loading.moddiscovery.Scanner/SCAN]: Scanning Mod File: / path net/minecraftforge/common/crafting/PartialNBTIngredient$Serializer.class
[13Aug2026 02:00:06.872] [background-scan-handler-0/DEBUG] [net.minecraftforge.fml.loading.moddiscovery.Scanner/SCAN]: Scanning Mod File: C:\Users\mattw\Documents\Git\SampleMod\.gradle\repositories\ng_dummy_ng\net\neoforged\forge\1.20.1-47.1.106\forge-1.20.1-47.1.106.jar path net/minecraft/world/level/storage/loot/functions/SetPotionFunction$Serializer.class
[13Aug2026 02:00:06.873] [background-scan-handler-2/DEBUG] [net.minecraftforge.fml.loading.moddiscovery.Scanner/SCAN]: Scanning Mod File: / path net/minecraftforge/common/crafting/package-info.class
[13Aug2026 02:00:06.874] [background-scan-handler-0/DEBUG] [net.minecraftforge.fml.loading.moddiscovery.Scanner/SCAN]: Scanning Mod File: C:\Users\mattw\Documents\Git\SampleMod\.gradle\repositories\ng_dummy_ng\net\neoforged\forge\1.20.1-47.1.106\forge-1.20.1-47.1.106.jar path net/minecraft/world/level/storage/loot/functions/SetNbtFunction.class
[13Aug2026 02:00:06.874] [background-scan-handler-2/DEBUG] [net.minecraftforge.fml.loading.moddiscovery.Scanner/SCAN]: Scanning Mod File: / path net/minecraftforge/common/crafting/MultiItemValue.class
[13Aug2026 02:00:06.877] [background-scan-handler-0/DEBUG] [net.minecraftforge.fml.loading.moddiscovery.Scanner/SCAN]: Scanning Mod File: C:\Users\mattw\Documents\Git\SampleMod\.gradle\repositories\ng_dummy_ng\net\neoforged\forge\1.20.1-47.1.106\forge-1.20.1-47.1.106.jar path net/minecraft/world/level/storage/loot/functions/SetNbtFunction$Serializer.class
[13Aug2026 02:00:06.878] [background-scan-handler-0/DEBUG] [net.minecraftforge.fml.loading.moddiscovery.Scanner/SCAN]: Scanning Mod File: C:\Users\mattw\Documents\Git\SampleMod\.gradle\repositories\ng_dummy_ng\net\neoforged\forge\1.20.1-47.1.106\forge-1.20.1-47.1.106.jar path net/minecraft/world/level/storage/loot/functions/SetNameFunction.class
[13Aug2026 02:00:06.880] [background-scan-handler-0/DEBUG] [net.minecraftforge.fml.loading.moddiscovery.Scanner/SCAN]: Scanning Mod File: C:\Users\mattw\Documents\Git\SampleMod\.gradle\repositories\ng_dummy_ng\net\neoforged\forge\1.20.1-47.1.106\forge-1.20.1-47.1.106.jar path net/minecraft/world/level/storage/loot/functions/SetNameFunction$Serializer.class
[13Aug2026 02:00:06.882] [background-scan-handler-2/DEBUG] [net.minecraftforge.fml.loading.moddiscovery.Scanner/SCAN]: Scanning Mod File: / path net/minecraftforge/common/crafting/IShapedRecipe.class
[13Aug2026 02:00:06.884] [background-scan-handler-0/DEBUG] [net.minecraftforge.fml.loading.moddiscovery.Scanner/SCAN]: Scanning Mod File: C:\Users\mattw\Documents\Git\SampleMod\.gradle\repositories\ng_dummy_ng\net\neoforged\forge\1.20.1-47.1.106\forge-1.20.1-47.1.106.jar path net/minecraft/world/level/storage/loot/functions/SetLoreFunction.class
[13Aug2026 02:00:06.884] [background-scan-handler-2/DEBUG] [net.minecraftforge.fml.loading.moddiscovery.Scanner/SCAN]: Scanning Mod File: / path net/minecraftforge/common/crafting/IRecipeContainer.class
[13Aug2026 02:00:06.884] [background-scan-handler-2/DEBUG] [net.minecraftforge.fml.loading.moddiscovery.Scanner/SCAN]: Scanning Mod File: / path net/minecraftforge/common/crafting/IntersectionIngredient.class
[13Aug2026 02:00:06.885] [background-scan-handler-2/DEBUG] [net.minecraftforge.fml.loading.moddiscovery.Scanner/SCAN]: Scanning Mod File: / path net/minecraftforge/common/crafting/IntersectionIngredient$Serializer.class
[13Aug2026 02:00:06.885] [background-scan-handler-2/DEBUG] [net.minecraftforge.fml.loading.moddiscovery.Scanner/SCAN]: Scanning Mod File: / path net/minecraftforge/common/crafting/IIngredientSerializer.class
[13Aug2026 02:00:06.885] [background-scan-handler-0/DEBUG] [net.minecraftforge.fml.loading.moddiscovery.Scanner/SCAN]: Scanning Mod File: C:\Users\mattw\Documents\Git\SampleMod\.gradle\repositories\ng_dummy_ng\net\neoforged\forge\1.20.1-47.1.106\forge-1.20.1-47.1.106.jar path net/minecraft/world/level/storage/loot/functions/SetLoreFunction$Serializer.class
[13Aug2026 02:00:06.885] [background-scan-handler-0/DEBUG] [net.minecraftforge.fml.loading.moddiscovery.Scanner/SCAN]: Scanning Mod File: C:\Users\mattw\Documents\Git\SampleMod\.gradle\repositories\ng_dummy_ng\net\neoforged\forge\1.20.1-47.1.106\forge-1.20.1-47.1.106.jar path net/minecraft/world/level/storage/loot/functions/SetLoreFunction$Builder.class
[13Aug2026 02:00:06.885] [background-scan-handler-0/DEBUG] [net.minecraftforge.fml.loading.moddiscovery.Scanner/SCAN]: Scanning Mod File: C:\Users\mattw\Documents\Git\SampleMod\.gradle\repositories\ng_dummy_ng\net\neoforged\forge\1.20.1-47.1.106\forge-1.20.1-47.1.106.jar path net/minecraft/world/level/storage/loot/functions/SetItemDamageFunction.class
[13Aug2026 02:00:06.887] [background-scan-handler-2/DEBUG] [net.minecraftforge.fml.loading.moddiscovery.Scanner/SCAN]: Scanning Mod File: / path net/minecraftforge/common/crafting/DifferenceIngredient.class
[13Aug2026 02:00:06.889] [background-scan-handler-0/DEBUG] [net.minecraftforge.fml.loading.moddiscovery.Scanner/SCAN]: Scanning Mod File: C:\Users\mattw\Documents\Git\SampleMod\.gradle\repositories\ng_dummy_ng\net\neoforged\forge\1.20.1-47.1.106\forge-1.20.1-47.1.106.jar path net/minecraft/world/level/storage/loot/functions/SetItemDamageFunction$Serializer.class
[13Aug2026 02:00:06.890] [background-scan-handler-2/DEBUG] [net.minecraftforge.fml.loading.moddiscovery.Scanner/SCAN]: Scanning Mod File: / path net/minecraftforge/common/crafting/DifferenceIngredient$Serializer.class
[13Aug2026 02:00:06.891] [background-scan-handler-0/DEBUG] [net.minecraftforge.fml.loading.moddiscovery.Scanner/SCAN]: Scanning Mod File: C:\Users\mattw\Documents\Git\SampleMod\.gradle\repositories\ng_dummy_ng\net\neoforged\forge\1.20.1-47.1.106\forge-1.20.1-47.1.106.jar path net/minecraft/world/level/storage/loot/functions/SetItemCountFunction.class
[13Aug2026 02:00:06.892] [background-scan-handler-2/DEBUG] [net.minecraftforge.fml.loading.moddiscovery.Scanner/SCAN]: Scanning Mod File: / path net/minecraftforge/common/crafting/CraftingHelper.class
[13Aug2026 02:00:06.893] [background-scan-handler-0/DEBUG] [net.minecraftforge.fml.loading.moddiscovery.Scanner/SCAN]: Scanning Mod File: C:\Users\mattw\Documents\Git\SampleMod\.gradle\repositories\ng_dummy_ng\net\neoforged\forge\1.20.1-47.1.106\forge-1.20.1-47.1.106.jar path net/minecraft/world/level/storage/loot/functions/SetItemCountFunction$Serializer.class
[13Aug2026 02:00:06.894] [background-scan-handler-0/DEBUG] [net.minecraftforge.fml.loading.moddiscovery.Scanner/SCAN]: Scanning Mod File: C:\Users\mattw\Documents\Git\SampleMod\.gradle\repositories\ng_dummy_ng\net\neoforged\forge\1.20.1-47.1.106\forge-1.20.1-47.1.106.jar path net/minecraft/world/level/storage/loot/functions/SetInstrumentFunction.class
[13Aug2026 02:00:06.894] [background-scan-handler-0/DEBUG] [net.minecraftforge.fml.loading.moddiscovery.Scanner/SCAN]: Scanning Mod File: C:\Users\mattw\Documents\Git\SampleMod\.gradle\repositories\ng_dummy_ng\net\neoforged\forge\1.20.1-47.1.106\forge-1.20.1-47.1.106.jar path net/minecraft/world/level/storage/loot/functions/SetInstrumentFunction$Serializer.class
[13Aug2026 02:00:06.897] [background-scan-handler-2/DEBUG] [net.minecraftforge.fml.loading.moddiscovery.Scanner/SCAN]: Scanning Mod File: / path net/minecraftforge/common/crafting/conditions/TrueCondition.class
[13Aug2026 02:00:06.897] [background-scan-handler-0/DEBUG] [net.minecraftforge.fml.loading.moddiscovery.Scanner/SCAN]: Scanning Mod File: C:\Users\mattw\Documents\Git\SampleMod\.gradle\repositories\ng_dummy_ng\net\neoforged\forge\1.20.1-47.1.106\forge-1.20.1-47.1.106.jar path net/minecraft/world/level/storage/loot/functions/SetEnchantmentsFunction.class
[13Aug2026 02:00:06.897] [background-scan-handler-2/DEBUG] [net.minecraftforge.fml.loading.moddiscovery.Scanner/SCAN]: Scanning Mod File: / path net/minecraftforge/common/crafting/conditions/TrueCondition$Serializer.class
[13Aug2026 02:00:06.897] [background-scan-handler-0/DEBUG] [net.minecraftforge.fml.loading.moddiscovery.Scanner/SCAN]: Scanning Mod File: C:\Users\mattw\Documents\Git\SampleMod\.gradle\repositories\ng_dummy_ng\net\neoforged\forge\1.20.1-47.1.106\forge-1.20.1-47.1.106.jar path net/minecraft/world/level/storage/loot/functions/SetEnchantmentsFunction$Serializer.class
[13Aug2026 02:00:06.897] [background-scan-handler-2/DEBUG] [net.minecraftforge.fml.loading.moddiscovery.Scanner/SCAN]: Scanning Mod File: / path net/minecraftforge/common/crafting/conditions/TagEmptyCondition.class
[13Aug2026 02:00:06.899] [background-scan-handler-2/DEBUG] [net.minecraftforge.fml.loading.moddiscovery.Scanner/SCAN]: Scanning Mod File: / path net/minecraftforge/common/crafting/conditions/TagEmptyCondition$Serializer.class
[13Aug2026 02:00:06.900] [background-scan-handler-0/DEBUG] [net.minecraftforge.fml.loading.moddiscovery.Scanner/SCAN]: Scanning Mod File: C:\Users\mattw\Documents\Git\SampleMod\.gradle\repositories\ng_dummy_ng\net\neoforged\forge\1.20.1-47.1.106\forge-1.20.1-47.1.106.jar path net/minecraft/world/level/storage/loot/functions/SetEnchantmentsFunction$Builder.class
[13Aug2026 02:00:06.900] [background-scan-handler-0/DEBUG] [net.minecraftforge.fml.loading.moddiscovery.Scanner/SCAN]: Scanning Mod File: C:\Users\mattw\Documents\Git\SampleMod\.gradle\repositories\ng_dummy_ng\net\neoforged\forge\1.20.1-47.1.106\forge-1.20.1-47.1.106.jar path net/minecraft/world/level/storage/loot/functions/SetContainerLootTable.class
[13Aug2026 02:00:06.901] [background-scan-handler-2/DEBUG] [net.minecraftforge.fml.loading.moddiscovery.Scanner/SCAN]: Scanning Mod File: / path net/minecraftforge/common/crafting/conditions/OrCondition.class
[13Aug2026 02:00:06.901] [background-scan-handler-2/DEBUG] [net.minecraftforge.fml.loading.moddiscovery.Scanner/SCAN]: Scanning Mod File: / path net/minecraftforge/common/crafting/conditions/OrCondition$Serializer.class
[13Aug2026 02:00:06.901] [background-scan-handler-2/DEBUG] [net.minecraftforge.fml.loading.moddiscovery.Scanner/SCAN]: Scanning Mod File: / path net/minecraftforge/common/crafting/conditions/NotCondition.class
[13Aug2026 02:00:06.902] [background-scan-handler-0/DEBUG] [net.minecraftforge.fml.loading.moddiscovery.Scanner/SCAN]: Scanning Mod File: C:\Users\mattw\Documents\Git\SampleMod\.gradle\repositories\ng_dummy_ng\net\neoforged\forge\1.20.1-47.1.106\forge-1.20.1-47.1.106.jar path net/minecraft/world/level/storage/loot/functions/SetContainerLootTable$Serializer.class
[13Aug2026 02:00:06.903] [background-scan-handler-0/DEBUG] [net.minecraftforge.fml.loading.moddiscovery.Scanner/SCAN]: Scanning Mod File: C:\Users\mattw\Documents\Git\SampleMod\.gradle\repositories\ng_dummy_ng\net\neoforged\forge\1.20.1-47.1.106\forge-1.20.1-47.1.106.jar path net/minecraft/world/level/storage/loot/functions/SetContainerContents.class
[13Aug2026 02:00:06.903] [background-scan-handler-2/DEBUG] [net.minecraftforge.fml.loading.moddiscovery.Scanner/SCAN]: Scanning Mod File: / path net/minecraftforge/common/crafting/conditions/NotCondition$Serializer.class
[13Aug2026 02:00:06.903] [background-scan-handler-0/DEBUG] [net.minecraftforge.fml.loading.moddiscovery.Scanner/SCAN]: Scanning Mod File: C:\Users\mattw\Documents\Git\SampleMod\.gradle\repositories\ng_dummy_ng\net\neoforged\forge\1.20.1-47.1.106\forge-1.20.1-47.1.106.jar path net/minecraft/world/level/storage/loot/functions/SetContainerContents$Serializer.class
[13Aug2026 02:00:06.904] [background-scan-handler-0/DEBUG] [net.minecraftforge.fml.loading.moddiscovery.Scanner/SCAN]: Scanning Mod File: C:\Users\mattw\Documents\Git\SampleMod\.gradle\repositories\ng_dummy_ng\net\neoforged\forge\1.20.1-47.1.106\forge-1.20.1-47.1.106.jar path net/minecraft/world/level/storage/loot/functions/SetContainerContents$Builder.class
[13Aug2026 02:00:06.904] [background-scan-handler-2/DEBUG] [net.minecraftforge.fml.loading.moddiscovery.Scanner/SCAN]: Scanning Mod File: / path net/minecraftforge/common/crafting/conditions/ModLoadedCondition.class
[13Aug2026 02:00:06.904] [background-scan-handler-0/DEBUG] [net.minecraftforge.fml.loading.moddiscovery.Scanner/SCAN]: Scanning Mod File: C:\Users\mattw\Documents\Git\SampleMod\.gradle\repositories\ng_dummy_ng\net\neoforged\forge\1.20.1-47.1.106\forge-1.20.1-47.1.106.jar path net/minecraft/world/level/storage/loot/functions/SetBannerPatternFunction.class
[13Aug2026 02:00:06.904] [background-scan-handler-2/DEBUG] [net.minecraftforge.fml.loading.moddiscovery.Scanner/SCAN]: Scanning Mod File: / path net/minecraftforge/common/crafting/conditions/ModLoadedCondition$Serializer.class
[13Aug2026 02:00:06.904] [background-scan-handler-2/DEBUG] [net.minecraftforge.fml.loading.moddiscovery.Scanner/SCAN]: Scanning Mod File: / path net/minecraftforge/common/crafting/conditions/ItemExistsCondition.class
[13Aug2026 02:00:06.905] [background-scan-handler-0/DEBUG] [net.minecraftforge.fml.loading.moddiscovery.Scanner/SCAN]: Scanning Mod File: C:\Users\mattw\Documents\Git\SampleMod\.gradle\repositories\ng_dummy_ng\net\neoforged\forge\1.20.1-47.1.106\forge-1.20.1-47.1.106.jar path net/minecraft/world/level/storage/loot/functions/SetBannerPatternFunction$Serializer.class
[13Aug2026 02:00:06.905] [background-scan-handler-2/DEBUG] [net.minecraftforge.fml.loading.moddiscovery.Scanner/SCAN]: Scanning Mod File: / path net/minecraftforge/common/crafting/conditions/ItemExistsCondition$Serializer.class
[13Aug2026 02:00:06.905] [background-scan-handler-0/DEBUG] [net.minecraftforge.fml.loading.moddiscovery.Scanner/SCAN]: Scanning Mod File: C:\Users\mattw\Documents\Git\SampleMod\.gradle\repositories\ng_dummy_ng\net\neoforged\forge\1.20.1-47.1.106\forge-1.20.1-47.1.106.jar path net/minecraft/world/level/storage/loot/functions/SetBannerPatternFunction$Builder.class
[13Aug2026 02:00:06.905] [background-scan-handler-0/DEBUG] [net.minecraftforge.fml.loading.moddiscovery.Scanner/SCAN]: Scanning Mod File: C:\Users\mattw\Documents\Git\SampleMod\.gradle\repositories\ng_dummy_ng\net\neoforged\forge\1.20.1-47.1.106\forge-1.20.1-47.1.106.jar path net/minecraft/world/level/storage/loot/functions/SetAttributesFunction.class
[13Aug2026 02:00:06.905] [background-scan-handler-2/DEBUG] [net.minecraftforge.fml.loading.moddiscovery.Scanner/SCAN]: Scanning Mod File: / path net/minecraftforge/common/crafting/conditions/IConditionSerializer.class
[13Aug2026 02:00:06.907] [background-scan-handler-2/DEBUG] [net.minecraftforge.fml.loading.moddiscovery.Scanner/SCAN]: Scanning Mod File: / path net/minecraftforge/common/crafting/conditions/IConditionBuilder.class
[13Aug2026 02:00:06.907] [background-scan-handler-0/DEBUG] [net.minecraftforge.fml.loading.moddiscovery.Scanner/SCAN]: Scanning Mod File: C:\Users\mattw\Documents\Git\SampleMod\.gradle\repositories\ng_dummy_ng\net\neoforged\forge\1.20.1-47.1.106\forge-1.20.1-47.1.106.jar path net/minecraft/world/level/storage/loot/functions/SetAttributesFunction$Serializer.class
[13Aug2026 02:00:06.907] [background-scan-handler-2/DEBUG] [net.minecraftforge.fml.loading.moddiscovery.Scanner/SCAN]: Scanning Mod File: / path net/minecraftforge/common/crafting/conditions/ICondition.class
[13Aug2026 02:00:06.907] [background-scan-handler-0/DEBUG] [net.minecraftforge.fml.loading.moddiscovery.Scanner/SCAN]: Scanning Mod File: C:\Users\mattw\Documents\Git\SampleMod\.gradle\repositories\ng_dummy_ng\net\neoforged\forge\1.20.1-47.1.106\forge-1.20.1-47.1.106.jar path net/minecraft/world/level/storage/loot/functions/SetAttributesFunction$ModifierBuilder.class
[13Aug2026 02:00:06.907] [background-scan-handler-2/DEBUG] [net.minecraftforge.fml.loading.moddiscovery.Scanner/SCAN]: Scanning Mod File: / path net/minecraftforge/common/crafting/conditions/ICondition$IContext.class
[13Aug2026 02:00:06.907] [background-scan-handler-2/DEBUG] [net.minecraftforge.fml.loading.moddiscovery.Scanner/SCAN]: Scanning Mod File: / path net/minecraftforge/common/crafting/conditions/ICondition$IContext$2.class
[13Aug2026 02:00:06.908] [background-scan-handler-0/DEBUG] [net.minecraftforge.fml.loading.moddiscovery.Scanner/SCAN]: Scanning Mod File: C:\Users\mattw\Documents\Git\SampleMod\.gradle\repositories\ng_dummy_ng\net\neoforged\forge\1.20.1-47.1.106\forge-1.20.1-47.1.106.jar path net/minecraft/world/level/storage/loot/functions/SetAttributesFunction$Modifier.class
[13Aug2026 02:00:06.908] [background-scan-handler-2/DEBUG] [net.minecraftforge.fml.loading.moddiscovery.Scanner/SCAN]: Scanning Mod File: / path net/minecraftforge/common/crafting/conditions/ICondition$IContext$1.class
[13Aug2026 02:00:06.908] [background-scan-handler-0/DEBUG] [net.minecraftforge.fml.loading.moddiscovery.Scanner/SCAN]: Scanning Mod File: C:\Users\mattw\Documents\Git\SampleMod\.gradle\repositories\ng_dummy_ng\net\neoforged\forge\1.20.1-47.1.106\forge-1.20.1-47.1.106.jar path net/minecraft/world/level/storage/loot/functions/SetAttributesFunction$Builder.class
[13Aug2026 02:00:06.908] [background-scan-handler-2/DEBUG] [net.minecraftforge.fml.loading.moddiscovery.Scanner/SCAN]: Scanning Mod File: / path net/minecraftforge/common/crafting/conditions/FalseCondition.class
[13Aug2026 02:00:06.909] [background-scan-handler-0/DEBUG] [net.minecraftforge.fml.loading.moddiscovery.Scanner/SCAN]: Scanning Mod File: C:\Users\mattw\Documents\Git\SampleMod\.gradle\repositories\ng_dummy_ng\net\neoforged\forge\1.20.1-47.1.106\forge-1.20.1-47.1.106.jar path net/minecraft/world/level/storage/loot/functions/SetAttributesFunction$1.class
[13Aug2026 02:00:06.909] [background-scan-handler-2/DEBUG] [net.minecraftforge.fml.loading.moddiscovery.Scanner/SCAN]: Scanning Mod File: / path net/minecraftforge/common/crafting/conditions/FalseCondition$Serializer.class
[13Aug2026 02:00:06.909] [background-scan-handler-2/DEBUG] [net.minecraftforge.fml.loading.moddiscovery.Scanner/SCAN]: Scanning Mod File: / path net/minecraftforge/common/crafting/conditions/ConditionContext.class
[13Aug2026 02:00:06.910] [background-scan-handler-0/DEBUG] [net.minecraftforge.fml.loading.moddiscovery.Scanner/SCAN]: Scanning Mod File: C:\Users\mattw\Documents\Git\SampleMod\.gradle\repositories\ng_dummy_ng\net\neoforged\forge\1.20.1-47.1.106\forge-1.20.1-47.1.106.jar path net/minecraft/world/level/storage/loot/functions/package-info.class
[13Aug2026 02:00:06.911] [background-scan-handler-0/DEBUG] [net.minecraftforge.fml.loading.moddiscovery.Scanner/SCAN]: Scanning Mod File: C:\Users\mattw\Documents\Git\SampleMod\.gradle\repositories\ng_dummy_ng\net\neoforged\forge\1.20.1-47.1.106\forge-1.20.1-47.1.106.jar path net/minecraft/world/level/storage/loot/functions/LootItemFunctionType.class
[13Aug2026 02:00:06.911] [background-scan-handler-2/DEBUG] [net.minecraftforge.fml.loading.moddiscovery.Scanner/SCAN]: Scanning Mod File: / path net/minecraftforge/common/crafting/conditions/AndCondition.class
[13Aug2026 02:00:06.912] [background-scan-handler-2/DEBUG] [net.minecraftforge.fml.loading.moddiscovery.Scanner/SCAN]: Scanning Mod File: / path net/minecraftforge/common/crafting/conditions/AndCondition$Serializer.class
[13Aug2026 02:00:06.912] [background-scan-handler-0/DEBUG] [net.minecraftforge.fml.loading.moddiscovery.Scanner/SCAN]: Scanning Mod File: C:\Users\mattw\Documents\Git\SampleMod\.gradle\repositories\ng_dummy_ng\net\neoforged\forge\1.20.1-47.1.106\forge-1.20.1-47.1.106.jar path net/minecraft/world/level/storage/loot/functions/LootItemFunctions.class
[13Aug2026 02:00:06.912] [background-scan-handler-2/DEBUG] [net.minecraftforge.fml.loading.moddiscovery.Scanner/SCAN]: Scanning Mod File: / path net/minecraftforge/common/crafting/ConditionalRecipe.class
[13Aug2026 02:00:06.913] [background-scan-handler-2/DEBUG] [net.minecraftforge.fml.loading.moddiscovery.Scanner/SCAN]: Scanning Mod File: / path net/minecraftforge/common/crafting/ConditionalRecipe$Serializer.class
[13Aug2026 02:00:06.914] [background-scan-handler-0/DEBUG] [net.minecraftforge.fml.loading.moddiscovery.Scanner/SCAN]: Scanning Mod File: C:\Users\mattw\Documents\Git\SampleMod\.gradle\repositories\ng_dummy_ng\net\neoforged\forge\1.20.1-47.1.106\forge-1.20.1-47.1.106.jar path net/minecraft/world/level/storage/loot/functions/LootItemFunction.class
[13Aug2026 02:00:06.914] [background-scan-handler-0/DEBUG] [net.minecraftforge.fml.loading.moddiscovery.Scanner/SCAN]: Scanning Mod File: C:\Users\mattw\Documents\Git\SampleMod\.gradle\repositories\ng_dummy_ng\net\neoforged\forge\1.20.1-47.1.106\forge-1.20.1-47.1.106.jar path net/minecraft/world/level/storage/loot/functions/LootItemFunction$Builder.class
[13Aug2026 02:00:06.914] [background-scan-handler-0/DEBUG] [net.minecraftforge.fml.loading.moddiscovery.Scanner/SCAN]: Scanning Mod File: C:\Users\mattw\Documents\Git\SampleMod\.gradle\repositories\ng_dummy_ng\net\neoforged\forge\1.20.1-47.1.106\forge-1.20.1-47.1.106.jar path net/minecraft/world/level/storage/loot/functions/LootItemConditionalFunction.class
[13Aug2026 02:00:06.915] [background-scan-handler-2/DEBUG] [net.minecraftforge.fml.loading.moddiscovery.Scanner/SCAN]: Scanning Mod File: / path net/minecraftforge/common/crafting/ConditionalRecipe$Finished.class
[13Aug2026 02:00:06.915] [background-scan-handler-0/DEBUG] [net.minecraftforge.fml.loading.moddiscovery.Scanner/SCAN]: Scanning Mod File: C:\Users\mattw\Documents\Git\SampleMod\.gradle\repositories\ng_dummy_ng\net\neoforged\forge\1.20.1-47.1.106\forge-1.20.1-47.1.106.jar path net/minecraft/world/level/storage/loot/functions/LootItemConditionalFunction$Serializer.class
[13Aug2026 02:00:06.917] [background-scan-handler-2/DEBUG] [net.minecraftforge.fml.loading.moddiscovery.Scanner/SCAN]: Scanning Mod File: / path net/minecraftforge/common/crafting/ConditionalRecipe$Builder.class
[13Aug2026 02:00:06.918] [background-scan-handler-0/DEBUG] [net.minecraftforge.fml.loading.moddiscovery.Scanner/SCAN]: Scanning Mod File: C:\Users\mattw\Documents\Git\SampleMod\.gradle\repositories\ng_dummy_ng\net\neoforged\forge\1.20.1-47.1.106\forge-1.20.1-47.1.106.jar path net/minecraft/world/level/storage/loot/functions/LootItemConditionalFunction$DummyBuilder.class
[13Aug2026 02:00:06.918] [background-scan-handler-0/DEBUG] [net.minecraftforge.fml.loading.moddiscovery.Scanner/SCAN]: Scanning Mod File: C:\Users\mattw\Documents\Git\SampleMod\.gradle\repositories\ng_dummy_ng\net\neoforged\forge\1.20.1-47.1.106\forge-1.20.1-47.1.106.jar path net/minecraft/world/level/storage/loot/functions/LootItemConditionalFunction$Builder.class
[13Aug2026 02:00:06.919] [background-scan-handler-0/DEBUG] [net.minecraftforge.fml.loading.moddiscovery.Scanner/SCAN]: Scanning Mod File: C:\Users\mattw\Documents\Git\SampleMod\.gradle\repositories\ng_dummy_ng\net\neoforged\forge\1.20.1-47.1.106\forge-1.20.1-47.1.106.jar path net/minecraft/world/level/storage/loot/functions/LootingEnchantFunction.class
[13Aug2026 02:00:06.920] [background-scan-handler-2/DEBUG] [net.minecraftforge.fml.loading.moddiscovery.Scanner/SCAN]: Scanning Mod File: / path net/minecraftforge/common/crafting/ConditionalAdvancement.class
[13Aug2026 02:00:06.920] [background-scan-handler-2/DEBUG] [net.minecraftforge.fml.loading.moddiscovery.Scanner/SCAN]: Scanning Mod File: / path net/minecraftforge/common/crafting/ConditionalAdvancement$Builder.class
[13Aug2026 02:00:06.920] [background-scan-handler-0/DEBUG] [net.minecraftforge.fml.loading.moddiscovery.Scanner/SCAN]: Scanning Mod File: C:\Users\mattw\Documents\Git\SampleMod\.gradle\repositories\ng_dummy_ng\net\neoforged\forge\1.20.1-47.1.106\forge-1.20.1-47.1.106.jar path net/minecraft/world/level/storage/loot/functions/LootingEnchantFunction$Serializer.class
[13Aug2026 02:00:06.921] [background-scan-handler-2/DEBUG] [net.minecraftforge.fml.loading.moddiscovery.Scanner/SCAN]: Scanning Mod File: / path net/minecraftforge/common/crafting/CompoundIngredient.class
[13Aug2026 02:00:06.921] [background-scan-handler-2/DEBUG] [net.minecraftforge.fml.loading.moddiscovery.Scanner/SCAN]: Scanning Mod File: / path net/minecraftforge/common/crafting/CompoundIngredient$Serializer.class
[13Aug2026 02:00:06.922] [background-scan-handler-0/DEBUG] [net.minecraftforge.fml.loading.moddiscovery.Scanner/SCAN]: Scanning Mod File: C:\Users\mattw\Documents\Git\SampleMod\.gradle\repositories\ng_dummy_ng\net\neoforged\forge\1.20.1-47.1.106\forge-1.20.1-47.1.106.jar path net/minecraft/world/level/storage/loot/functions/LootingEnchantFunction$Builder.class
[13Aug2026 02:00:06.922] [background-scan-handler-2/DEBUG] [net.minecraftforge.fml.loading.moddiscovery.Scanner/SCAN]: Scanning Mod File: / path net/minecraftforge/common/crafting/AbstractIngredient.class
[13Aug2026 02:00:06.922] [background-scan-handler-0/DEBUG] [net.minecraftforge.fml.loading.moddiscovery.Scanner/SCAN]: Scanning Mod File: C:\Users\mattw\Documents\Git\SampleMod\.gradle\repositories\ng_dummy_ng\net\neoforged\forge\1.20.1-47.1.106\forge-1.20.1-47.1.106.jar path net/minecraft/world/level/storage/loot/functions/LimitCount.class
[13Aug2026 02:00:06.923] [background-scan-handler-0/DEBUG] [net.minecraftforge.fml.loading.moddiscovery.Scanner/SCAN]: Scanning Mod File: C:\Users\mattw\Documents\Git\SampleMod\.gradle\repositories\ng_dummy_ng\net\neoforged\forge\1.20.1-47.1.106\forge-1.20.1-47.1.106.jar path net/minecraft/world/level/storage/loot/functions/LimitCount$Serializer.class
[13Aug2026 02:00:06.923] [background-scan-handler-2/DEBUG] [net.minecraftforge.fml.loading.moddiscovery.Scanner/SCAN]: Scanning Mod File: / path net/minecraftforge/common/command/IEntitySelectorType.class
[13Aug2026 02:00:06.923] [background-scan-handler-2/DEBUG] [net.minecraftforge.fml.loading.moddiscovery.Scanner/SCAN]: Scanning Mod File: / path net/minecraftforge/common/command/EntitySelectorManager.class
[13Aug2026 02:00:06.924] [background-scan-handler-0/DEBUG] [net.minecraftforge.fml.loading.moddiscovery.Scanner/SCAN]: Scanning Mod File: C:\Users\mattw\Documents\Git\SampleMod\.gradle\repositories\ng_dummy_ng\net\neoforged\forge\1.20.1-47.1.106\forge-1.20.1-47.1.106.jar path net/minecraft/world/level/storage/loot/functions/FunctionUserBuilder.class
[13Aug2026 02:00:06.924] [background-scan-handler-2/DEBUG] [net.minecraftforge.fml.loading.moddiscovery.Scanner/SCAN]: Scanning Mod File: / path net/minecraftforge/common/capabilities/RegisterCapabilitiesEvent.class
[13Aug2026 02:00:06.925] [background-scan-handler-2/DEBUG] [net.minecraftforge.fml.loading.moddiscovery.Scanner/SCAN]: Scanning Mod File: / path net/minecraftforge/common/capabilities/ICapabilitySerializable.class
[13Aug2026 02:00:06.925] [background-scan-handler-2/DEBUG] [net.minecraftforge.fml.loading.moddiscovery.Scanner/SCAN]: Scanning Mod File: / path net/minecraftforge/common/capabilities/ICapabilityProviderImpl.class
[13Aug2026 02:00:06.925] [background-scan-handler-0/DEBUG] [net.minecraftforge.fml.loading.moddiscovery.Scanner/SCAN]: Scanning Mod File: C:\Users\mattw\Documents\Git\SampleMod\.gradle\repositories\ng_dummy_ng\net\neoforged\forge\1.20.1-47.1.106\forge-1.20.1-47.1.106.jar path net/minecraft/world/level/storage/loot/functions/FunctionReference.class
[13Aug2026 02:00:06.925] [background-scan-handler-0/DEBUG] [net.minecraftforge.fml.loading.moddiscovery.Scanner/SCAN]: Scanning Mod File: C:\Users\mattw\Documents\Git\SampleMod\.gradle\repositories\ng_dummy_ng\net\neoforged\forge\1.20.1-47.1.106\forge-1.20.1-47.1.106.jar path net/minecraft/world/level/storage/loot/functions/FunctionReference$Serializer.class
[13Aug2026 02:00:06.926] [background-scan-handler-2/DEBUG] [net.minecraftforge.fml.loading.moddiscovery.Scanner/SCAN]: Scanning Mod File: / path net/minecraftforge/common/capabilities/ICapabilityProvider.class
[13Aug2026 02:00:06.926] [background-scan-handler-2/DEBUG] [net.minecraftforge.fml.loading.moddiscovery.Scanner/SCAN]: Scanning Mod File: / path net/minecraftforge/common/capabilities/ForgeCapabilities.class
[13Aug2026 02:00:06.926] [background-scan-handler-2/DEBUG] [net.minecraftforge.fml.loading.moddiscovery.Scanner/SCAN]: Scanning Mod File: / path net/minecraftforge/common/capabilities/ForgeCapabilities$4.class
[13Aug2026 02:00:06.926] [background-scan-handler-2/DEBUG] [net.minecraftforge.fml.loading.moddiscovery.Scanner/SCAN]: Scanning Mod File: / path net/minecraftforge/common/capabilities/ForgeCapabilities$3.class
[13Aug2026 02:00:06.927] [background-scan-handler-0/DEBUG] [net.minecraftforge.fml.loading.moddiscovery.Scanner/SCAN]: Scanning Mod File: C:\Users\mattw\Documents\Git\SampleMod\.gradle\repositories\ng_dummy_ng\net\neoforged\forge\1.20.1-47.1.106\forge-1.20.1-47.1.106.jar path net/minecraft/world/level/storage/loot/functions/FillPlayerHead.class
[13Aug2026 02:00:06.928] [background-scan-handler-2/DEBUG] [net.minecraftforge.fml.loading.moddiscovery.Scanner/SCAN]: Scanning Mod File: / path net/minecraftforge/common/capabilities/ForgeCapabilities$2.class
[13Aug2026 02:00:06.928] [background-scan-handler-2/DEBUG] [net.minecraftforge.fml.loading.moddiscovery.Scanner/SCAN]: Scanning Mod File: / path net/minecraftforge/common/capabilities/ForgeCapabilities$1.class
[13Aug2026 02:00:06.929] [background-scan-handler-2/DEBUG] [net.minecraftforge.fml.loading.moddiscovery.Scanner/SCAN]: Scanning Mod File: / path net/minecraftforge/common/capabilities/CapabilityToken.class
[13Aug2026 02:00:06.927] [background-scan-handler-0/DEBUG] [net.minecraftforge.fml.loading.moddiscovery.Scanner/SCAN]: Scanning Mod File: C:\Users\mattw\Documents\Git\SampleMod\.gradle\repositories\ng_dummy_ng\net\neoforged\forge\1.20.1-47.1.106\forge-1.20.1-47.1.106.jar path net/minecraft/world/level/storage/loot/functions/FillPlayerHead$Serializer.class
[13Aug2026 02:00:06.935] [background-scan-handler-0/DEBUG] [net.minecraftforge.fml.loading.moddiscovery.Scanner/SCAN]: Scanning Mod File: C:\Users\mattw\Documents\Git\SampleMod\.gradle\repositories\ng_dummy_ng\net\neoforged\forge\1.20.1-47.1.106\forge-1.20.1-47.1.106.jar path net/minecraft/world/level/storage/loot/functions/ExplorationMapFunction.class
[13Aug2026 02:00:06.939] [background-scan-handler-2/DEBUG] [net.minecraftforge.fml.loading.moddiscovery.Scanner/SCAN]: Scanning Mod File: / path net/minecraftforge/common/capabilities/CapabilityProvider.class
[13Aug2026 02:00:06.940] [background-scan-handler-0/DEBUG] [net.minecraftforge.fml.loading.moddiscovery.Scanner/SCAN]: Scanning Mod File: C:\Users\mattw\Documents\Git\SampleMod\.gradle\repositories\ng_dummy_ng\net\neoforged\forge\1.20.1-47.1.106\forge-1.20.1-47.1.106.jar path net/minecraft/world/level/storage/loot/functions/ExplorationMapFunction$Serializer.class
[13Aug2026 02:00:06.941] [background-scan-handler-0/DEBUG] [net.minecraftforge.fml.loading.moddiscovery.Scanner/SCAN]: Scanning Mod File: C:\Users\mattw\Documents\Git\SampleMod\.gradle\repositories\ng_dummy_ng\net\neoforged\forge\1.20.1-47.1.106\forge-1.20.1-47.1.106.jar path net/minecraft/world/level/storage/loot/functions/ExplorationMapFunction$Builder.class
[13Aug2026 02:00:06.941] [background-scan-handler-2/DEBUG] [net.minecraftforge.fml.loading.moddiscovery.Scanner/SCAN]: Scanning Mod File: / path net/minecraftforge/common/capabilities/CapabilityProvider$AsField.class
[13Aug2026 02:00:06.942] [background-scan-handler-2/DEBUG] [net.minecraftforge.fml.loading.moddiscovery.Scanner/SCAN]: Scanning Mod File: / path net/minecraftforge/common/capabilities/CapabilityManager.class
[13Aug2026 02:00:06.946] [background-scan-handler-0/DEBUG] [net.minecraftforge.fml.loading.moddiscovery.Scanner/SCAN]: Scanning Mod File: C:\Users\mattw\Documents\Git\SampleMod\.gradle\repositories\ng_dummy_ng\net\neoforged\forge\1.20.1-47.1.106\forge-1.20.1-47.1.106.jar path net/minecraft/world/level/storage/loot/functions/EnchantWithLevelsFunction.class
[13Aug2026 02:00:06.947] [background-scan-handler-0/DEBUG] [net.minecraftforge.fml.loading.moddiscovery.Scanner/SCAN]: Scanning Mod File: C:\Users\mattw\Documents\Git\SampleMod\.gradle\repositories\ng_dummy_ng\net\neoforged\forge\1.20.1-47.1.106\forge-1.20.1-47.1.106.jar path net/minecraft/world/level/storage/loot/functions/EnchantWithLevelsFunction$Serializer.class
[13Aug2026 02:00:06.950] [background-scan-handler-2/DEBUG] [net.minecraftforge.fml.loading.moddiscovery.Scanner/SCAN]: Scanning Mod File: / path net/minecraftforge/common/capabilities/CapabilityDispatcher.class
[13Aug2026 02:00:06.950] [background-scan-handler-0/DEBUG] [net.minecraftforge.fml.loading.moddiscovery.Scanner/SCAN]: Scanning Mod File: C:\Users\mattw\Documents\Git\SampleMod\.gradle\repositories\ng_dummy_ng\net\neoforged\forge\1.20.1-47.1.106\forge-1.20.1-47.1.106.jar path net/minecraft/world/level/storage/loot/functions/EnchantWithLevelsFunction$Builder.class
[13Aug2026 02:00:06.952] [background-scan-handler-2/DEBUG] [net.minecraftforge.fml.loading.moddiscovery.Scanner/SCAN]: Scanning Mod File: / path net/minecraftforge/common/capabilities/Capability.class
[13Aug2026 02:00:06.952] [background-scan-handler-0/DEBUG] [net.minecraftforge.fml.loading.moddiscovery.Scanner/SCAN]: Scanning Mod File: C:\Users\mattw\Documents\Git\SampleMod\.gradle\repositories\ng_dummy_ng\net\neoforged\forge\1.20.1-47.1.106\forge-1.20.1-47.1.106.jar path net/minecraft/world/level/storage/loot/functions/EnchantRandomlyFunction.class
[13Aug2026 02:00:06.953] [background-scan-handler-2/DEBUG] [net.minecraftforge.fml.loading.moddiscovery.Scanner/SCAN]: Scanning Mod File: / path net/minecraftforge/common/capabilities/AutoRegisterCapability.class
[13Aug2026 02:00:06.953] [background-scan-handler-0/DEBUG] [net.minecraftforge.fml.loading.moddiscovery.Scanner/SCAN]: Scanning Mod File: C:\Users\mattw\Documents\Git\SampleMod\.gradle\repositories\ng_dummy_ng\net\neoforged\forge\1.20.1-47.1.106\forge-1.20.1-47.1.106.jar path net/minecraft/world/level/storage/loot/functions/EnchantRandomlyFunction$Serializer.class
[13Aug2026 02:00:06.953] [background-scan-handler-2/DEBUG] [net.minecraftforge.fml.loading.moddiscovery.Scanner/SCAN]: Scanning Mod File: / path net/minecraftforge/common/brewing/VanillaBrewingRecipe.class
[13Aug2026 02:00:06.954] [background-scan-handler-0/DEBUG] [net.minecraftforge.fml.loading.moddiscovery.Scanner/SCAN]: Scanning Mod File: C:\Users\mattw\Documents\Git\SampleMod\.gradle\repositories\ng_dummy_ng\net\neoforged\forge\1.20.1-47.1.106\forge-1.20.1-47.1.106.jar path net/minecraft/world/level/storage/loot/functions/EnchantRandomlyFunction$Builder.class
[13Aug2026 02:00:06.954] [background-scan-handler-0/DEBUG] [net.minecraftforge.fml.loading.moddiscovery.Scanner/SCAN]: Scanning Mod File: C:\Users\mattw\Documents\Git\SampleMod\.gradle\repositories\ng_dummy_ng\net\neoforged\forge\1.20.1-47.1.106\forge-1.20.1-47.1.106.jar path net/minecraft/world/level/storage/loot/functions/CopyNbtFunction.class
[13Aug2026 02:00:06.955] [background-scan-handler-2/DEBUG] [net.minecraftforge.fml.loading.moddiscovery.Scanner/SCAN]: Scanning Mod File: / path net/minecraftforge/common/brewing/package-info.class
[13Aug2026 02:00:06.955] [background-scan-handler-0/DEBUG] [net.minecraftforge.fml.loading.moddiscovery.Scanner/SCAN]: Scanning Mod File: C:\Users\mattw\Documents\Git\SampleMod\.gradle\repositories\ng_dummy_ng\net\neoforged\forge\1.20.1-47.1.106\forge-1.20.1-47.1.106.jar path net/minecraft/world/level/storage/loot/functions/CopyNbtFunction$Serializer.class
[13Aug2026 02:00:06.956] [background-scan-handler-2/DEBUG] [net.minecraftforge.fml.loading.moddiscovery.Scanner/SCAN]: Scanning Mod File: / path net/minecraftforge/common/brewing/IBrewingRecipe.class
[13Aug2026 02:00:06.956] [background-scan-handler-0/DEBUG] [net.minecraftforge.fml.loading.moddiscovery.Scanner/SCAN]: Scanning Mod File: C:\Users\mattw\Documents\Git\SampleMod\.gradle\repositories\ng_dummy_ng\net\neoforged\forge\1.20.1-47.1.106\forge-1.20.1-47.1.106.jar path net/minecraft/world/level/storage/loot/functions/CopyNbtFunction$MergeStrategy.class
[13Aug2026 02:00:06.958] [background-scan-handler-2/DEBUG] [net.minecraftforge.fml.loading.moddiscovery.Scanner/SCAN]: Scanning Mod File: / path net/minecraftforge/common/brewing/BrewingRecipeRegistry.class
[13Aug2026 02:00:06.958] [background-scan-handler-0/DEBUG] [net.minecraftforge.fml.loading.moddiscovery.Scanner/SCAN]: Scanning Mod File: C:\Users\mattw\Documents\Git\SampleMod\.gradle\repositories\ng_dummy_ng\net\neoforged\forge\1.20.1-47.1.106\forge-1.20.1-47.1.106.jar path net/minecraft/world/level/storage/loot/functions/CopyNbtFunction$MergeStrategy$3.class
[13Aug2026 02:00:06.963] [background-scan-handler-2/DEBUG] [net.minecraftforge.fml.loading.moddiscovery.Scanner/SCAN]: Scanning Mod File: / path net/minecraftforge/common/brewing/BrewingRecipe.class
[13Aug2026 02:00:06.965] [background-scan-handler-2/DEBUG] [net.minecraftforge.fml.loading.moddiscovery.Scanner/SCAN]: Scanning Mod File: / path net/minecraftforge/common/BiomeManager.class
[13Aug2026 02:00:06.970] [background-scan-handler-2/DEBUG] [net.minecraftforge.fml.loading.moddiscovery.Scanner/SCAN]: Scanning Mod File: / path net/minecraftforge/common/BiomeManager$TrackedList.class
[13Aug2026 02:00:06.970] [background-scan-handler-0/DEBUG] [net.minecraftforge.fml.loading.moddiscovery.Scanner/SCAN]: Scanning Mod File: C:\Users\mattw\Documents\Git\SampleMod\.gradle\repositories\ng_dummy_ng\net\neoforged\forge\1.20.1-47.1.106\forge-1.20.1-47.1.106.jar path net/minecraft/world/level/storage/loot/functions/CopyNbtFunction$MergeStrategy$2.class
[13Aug2026 02:00:06.971] [background-scan-handler-0/DEBUG] [net.minecraftforge.fml.loading.moddiscovery.Scanner/SCAN]: Scanning Mod File: C:\Users\mattw\Documents\Git\SampleMod\.gradle\repositories\ng_dummy_ng\net\neoforged\forge\1.20.1-47.1.106\forge-1.20.1-47.1.106.jar path net/minecraft/world/level/storage/loot/functions/CopyNbtFunction$MergeStrategy$1.class
[13Aug2026 02:00:06.971] [background-scan-handler-0/DEBUG] [net.minecraftforge.fml.loading.moddiscovery.Scanner/SCAN]: Scanning Mod File: C:\Users\mattw\Documents\Git\SampleMod\.gradle\repositories\ng_dummy_ng\net\neoforged\forge\1.20.1-47.1.106\forge-1.20.1-47.1.106.jar path net/minecraft/world/level/storage/loot/functions/CopyNbtFunction$CopyOperation.class
[13Aug2026 02:00:06.972] [background-scan-handler-0/DEBUG] [net.minecraftforge.fml.loading.moddiscovery.Scanner/SCAN]: Scanning Mod File: C:\Users\mattw\Documents\Git\SampleMod\.gradle\repositories\ng_dummy_ng\net\neoforged\forge\1.20.1-47.1.106\forge-1.20.1-47.1.106.jar path net/minecraft/world/level/storage/loot/functions/CopyNbtFunction$Builder.class
[13Aug2026 02:00:06.972] [background-scan-handler-0/DEBUG] [net.minecraftforge.fml.loading.moddiscovery.Scanner/SCAN]: Scanning Mod File: C:\Users\mattw\Documents\Git\SampleMod\.gradle\repositories\ng_dummy_ng\net\neoforged\forge\1.20.1-47.1.106\forge-1.20.1-47.1.106.jar path net/minecraft/world/level/storage/loot/functions/CopyNameFunction.class
[13Aug2026 02:00:06.973] [background-scan-handler-0/DEBUG] [net.minecraftforge.fml.loading.moddiscovery.Scanner/SCAN]: Scanning Mod File: C:\Users\mattw\Documents\Git\SampleMod\.gradle\repositories\ng_dummy_ng\net\neoforged\forge\1.20.1-47.1.106\forge-1.20.1-47.1.106.jar path net/minecraft/world/level/storage/loot/functions/CopyNameFunction$Serializer.class
[13Aug2026 02:00:06.973] [background-scan-handler-0/DEBUG] [net.minecraftforge.fml.loading.moddiscovery.Scanner/SCAN]: Scanning Mod File: C:\Users\mattw\Documents\Git\SampleMod\.gradle\repositories\ng_dummy_ng\net\neoforged\forge\1.20.1-47.1.106\forge-1.20.1-47.1.106.jar path net/minecraft/world/level/storage/loot/functions/CopyNameFunction$NameSource.class
[13Aug2026 02:00:06.973] [background-scan-handler-2/DEBUG] [net.minecraftforge.fml.loading.moddiscovery.Scanner/SCAN]: Scanning Mod File: / path net/minecraftforge/common/BiomeManager$BiomeType.class
[13Aug2026 02:00:06.973] [background-scan-handler-2/DEBUG] [net.minecraftforge.fml.loading.moddiscovery.Scanner/SCAN]: Scanning Mod File: / path net/minecraftforge/common/BiomeManager$BiomeEntry.class
[13Aug2026 02:00:06.974] [background-scan-handler-2/DEBUG] [net.minecraftforge.fml.loading.moddiscovery.Scanner/SCAN]: Scanning Mod File: / path net/minecraftforge/common/BasicItemListing.class
[13Aug2026 02:00:06.974] [background-scan-handler-0/DEBUG] [net.minecraftforge.fml.loading.moddiscovery.Scanner/SCAN]: Scanning Mod File: C:\Users\mattw\Documents\Git\SampleMod\.gradle\repositories\ng_dummy_ng\net\neoforged\forge\1.20.1-47.1.106\forge-1.20.1-47.1.106.jar path net/minecraft/world/level/storage/loot/functions/CopyBlockState.class
[13Aug2026 02:00:06.975] [background-scan-handler-0/DEBUG] [net.minecraftforge.fml.loading.moddiscovery.Scanner/SCAN]: Scanning Mod File: C:\Users\mattw\Documents\Git\SampleMod\.gradle\repositories\ng_dummy_ng\net\neoforged\forge\1.20.1-47.1.106\forge-1.20.1-47.1.106.jar path net/minecraft/world/level/storage/loot/functions/CopyBlockState$Serializer.class
[13Aug2026 02:00:06.976] [background-scan-handler-0/DEBUG] [net.minecraftforge.fml.loading.moddiscovery.Scanner/SCAN]: Scanning Mod File: C:\Users\mattw\Documents\Git\SampleMod\.gradle\repositories\ng_dummy_ng\net\neoforged\forge\1.20.1-47.1.106\forge-1.20.1-47.1.106.jar path net/minecraft/world/level/storage/loot/functions/CopyBlockState$Builder.class
[13Aug2026 02:00:06.977] [background-scan-handler-0/DEBUG] [net.minecraftforge.fml.loading.moddiscovery.Scanner/SCAN]: Scanning Mod File: C:\Users\mattw\Documents\Git\SampleMod\.gradle\repositories\ng_dummy_ng\net\neoforged\forge\1.20.1-47.1.106\forge-1.20.1-47.1.106.jar path net/minecraft/world/level/storage/loot/functions/ApplyExplosionDecay.class
[13Aug2026 02:00:06.977] [background-scan-handler-2/DEBUG] [net.minecraftforge.fml.loading.moddiscovery.Scanner/SCAN]: Scanning Mod File: / path net/minecraftforge/client/textures/UnitTextureAtlasSprite.class
[13Aug2026 02:00:06.977] [background-scan-handler-2/DEBUG] [net.minecraftforge.fml.loading.moddiscovery.Scanner/SCAN]: Scanning Mod File: / path net/minecraftforge/client/textures/TextureAtlasSpriteLoaderManager.class
[13Aug2026 02:00:06.978] [background-scan-handler-0/DEBUG] [net.minecraftforge.fml.loading.moddiscovery.Scanner/SCAN]: Scanning Mod File: C:\Users\mattw\Documents\Git\SampleMod\.gradle\repositories\ng_dummy_ng\net\neoforged\forge\1.20.1-47.1.106\forge-1.20.1-47.1.106.jar path net/minecraft/world/level/storage/loot/functions/ApplyExplosionDecay$Serializer.class
[13Aug2026 02:00:06.978] [background-scan-handler-0/DEBUG] [net.minecraftforge.fml.loading.moddiscovery.Scanner/SCAN]: Scanning Mod File: C:\Users\mattw\Documents\Git\SampleMod\.gradle\repositories\ng_dummy_ng\net\neoforged\forge\1.20.1-47.1.106\forge-1.20.1-47.1.106.jar path net/minecraft/world/level/storage/loot/functions/ApplyBonusCount.class
[13Aug2026 02:00:06.979] [background-scan-handler-0/DEBUG] [net.minecraftforge.fml.loading.moddiscovery.Scanner/SCAN]: Scanning Mod File: C:\Users\mattw\Documents\Git\SampleMod\.gradle\repositories\ng_dummy_ng\net\neoforged\forge\1.20.1-47.1.106\forge-1.20.1-47.1.106.jar path net/minecraft/world/level/storage/loot/functions/ApplyBonusCount$UniformBonusCount.class
[13Aug2026 02:00:06.979] [background-scan-handler-0/DEBUG] [net.minecraftforge.fml.loading.moddiscovery.Scanner/SCAN]: Scanning Mod File: C:\Users\mattw\Documents\Git\SampleMod\.gradle\repositories\ng_dummy_ng\net\neoforged\forge\1.20.1-47.1.106\forge-1.20.1-47.1.106.jar path net/minecraft/world/level/storage/loot/functions/ApplyBonusCount$Serializer.class
[13Aug2026 02:00:06.979] [background-scan-handler-2/DEBUG] [net.minecraftforge.fml.loading.moddiscovery.Scanner/SCAN]: Scanning Mod File: / path net/minecraftforge/client/textures/ITextureAtlasSpriteLoader.class
[13Aug2026 02:00:06.980] [background-scan-handler-0/DEBUG] [net.minecraftforge.fml.loading.moddiscovery.Scanner/SCAN]: Scanning Mod File: C:\Users\mattw\Documents\Git\SampleMod\.gradle\repositories\ng_dummy_ng\net\neoforged\forge\1.20.1-47.1.106\forge-1.20.1-47.1.106.jar path net/minecraft/world/level/storage/loot/functions/ApplyBonusCount$OreDrops.class
[13Aug2026 02:00:06.980] [background-scan-handler-2/DEBUG] [net.minecraftforge.fml.loading.moddiscovery.Scanner/SCAN]: Scanning Mod File: / path net/minecraftforge/client/textures/ForgeTextureMetadata.class
[13Aug2026 02:00:06.980] [background-scan-handler-0/DEBUG] [net.minecraftforge.fml.loading.moddiscovery.Scanner/SCAN]: Scanning Mod File: C:\Users\mattw\Documents\Git\SampleMod\.gradle\repositories\ng_dummy_ng\net\neoforged\forge\1.20.1-47.1.106\forge-1.20.1-47.1.106.jar path net/minecraft/world/level/storage/loot/functions/ApplyBonusCount$FormulaDeserializer.class
[13Aug2026 02:00:06.980] [background-scan-handler-2/DEBUG] [net.minecraftforge.fml.loading.moddiscovery.Scanner/SCAN]: Scanning Mod File: / path net/minecraftforge/client/textures/ForgeTextureMetadata$Serializer.class
[13Aug2026 02:00:06.980] [background-scan-handler-0/DEBUG] [net.minecraftforge.fml.loading.moddiscovery.Scanner/SCAN]: Scanning Mod File: C:\Users\mattw\Documents\Git\SampleMod\.gradle\repositories\ng_dummy_ng\net\neoforged\forge\1.20.1-47.1.106\forge-1.20.1-47.1.106.jar path net/minecraft/world/level/storage/loot/functions/ApplyBonusCount$Formula.class
[13Aug2026 02:00:06.981] [background-scan-handler-2/DEBUG] [net.minecraftforge.fml.loading.moddiscovery.Scanner/SCAN]: Scanning Mod File: / path net/minecraftforge/client/StencilManager.class
[13Aug2026 02:00:06.981] [background-scan-handler-0/DEBUG] [net.minecraftforge.fml.loading.moddiscovery.Scanner/SCAN]: Scanning Mod File: C:\Users\mattw\Documents\Git\SampleMod\.gradle\repositories\ng_dummy_ng\net\neoforged\forge\1.20.1-47.1.106\forge-1.20.1-47.1.106.jar path net/minecraft/world/level/storage/loot/functions/ApplyBonusCount$BinomialWithBonusCount.class
[13Aug2026 02:00:06.981] [background-scan-handler-2/DEBUG] [net.minecraftforge.fml.loading.moddiscovery.Scanner/SCAN]: Scanning Mod File: / path net/minecraftforge/client/settings/KeyModifier.class
[13Aug2026 02:00:06.981] [background-scan-handler-0/DEBUG] [net.minecraftforge.fml.loading.moddiscovery.Scanner/SCAN]: Scanning Mod File: C:\Users\mattw\Documents\Git\SampleMod\.gradle\repositories\ng_dummy_ng\net\neoforged\forge\1.20.1-47.1.106\forge-1.20.1-47.1.106.jar path net/minecraft/world/level/storage/loot/entries/TagEntry.class
[13Aug2026 02:00:06.981] [background-scan-handler-2/DEBUG] [net.minecraftforge.fml.loading.moddiscovery.Scanner/SCAN]: Scanning Mod File: / path net/minecraftforge/client/settings/KeyModifier$4.class
[13Aug2026 02:00:06.982] [background-scan-handler-2/DEBUG] [net.minecraftforge.fml.loading.moddiscovery.Scanner/SCAN]: Scanning Mod File: / path net/minecraftforge/client/settings/KeyModifier$3.class
[13Aug2026 02:00:06.982] [background-scan-handler-2/DEBUG] [net.minecraftforge.fml.loading.moddiscovery.Scanner/SCAN]: Scanning Mod File: / path net/minecraftforge/client/settings/KeyModifier$2.class
[13Aug2026 02:00:06.982] [background-scan-handler-0/DEBUG] [net.minecraftforge.fml.loading.moddiscovery.Scanner/SCAN]: Scanning Mod File: C:\Users\mattw\Documents\Git\SampleMod\.gradle\repositories\ng_dummy_ng\net\neoforged\forge\1.20.1-47.1.106\forge-1.20.1-47.1.106.jar path net/minecraft/world/level/storage/loot/entries/TagEntry$Serializer.class
[13Aug2026 02:00:06.982] [background-scan-handler-0/DEBUG] [net.minecraftforge.fml.loading.moddiscovery.Scanner/SCAN]: Scanning Mod File: C:\Users\mattw\Documents\Git\SampleMod\.gradle\repositories\ng_dummy_ng\net\neoforged\forge\1.20.1-47.1.106\forge-1.20.1-47.1.106.jar path net/minecraft/world/level/storage/loot/entries/TagEntry$1.class
[13Aug2026 02:00:06.983] [background-scan-handler-2/DEBUG] [net.minecraftforge.fml.loading.moddiscovery.Scanner/SCAN]: Scanning Mod File: / path net/minecraftforge/client/settings/KeyModifier$1.class
[13Aug2026 02:00:06.983] [background-scan-handler-0/DEBUG] [net.minecraftforge.fml.loading.moddiscovery.Scanner/SCAN]: Scanning Mod File: C:\Users\mattw\Documents\Git\SampleMod\.gradle\repositories\ng_dummy_ng\net\neoforged\forge\1.20.1-47.1.106\forge-1.20.1-47.1.106.jar path net/minecraft/world/level/storage/loot/entries/SequentialEntry.class
[13Aug2026 02:00:06.983] [background-scan-handler-2/DEBUG] [net.minecraftforge.fml.loading.moddiscovery.Scanner/SCAN]: Scanning Mod File: / path net/minecraftforge/client/settings/KeyMappingLookup.class
[13Aug2026 02:00:06.983] [background-scan-handler-0/DEBUG] [net.minecraftforge.fml.loading.moddiscovery.Scanner/SCAN]: Scanning Mod File: C:\Users\mattw\Documents\Git\SampleMod\.gradle\repositories\ng_dummy_ng\net\neoforged\forge\1.20.1-47.1.106\forge-1.20.1-47.1.106.jar path net/minecraft/world/level/storage/loot/entries/SequentialEntry$Builder.class
[13Aug2026 02:00:06.984] [background-scan-handler-2/DEBUG] [net.minecraftforge.fml.loading.moddiscovery.Scanner/SCAN]: Scanning Mod File: / path net/minecraftforge/client/settings/KeyConflictContext.class
[13Aug2026 02:00:06.984] [background-scan-handler-0/DEBUG] [net.minecraftforge.fml.loading.moddiscovery.Scanner/SCAN]: Scanning Mod File: C:\Users\mattw\Documents\Git\SampleMod\.gradle\repositories\ng_dummy_ng\net\neoforged\forge\1.20.1-47.1.106\forge-1.20.1-47.1.106.jar path net/minecraft/world/level/storage/loot/entries/package-info.class
[13Aug2026 02:00:06.984] [background-scan-handler-2/DEBUG] [net.minecraftforge.fml.loading.moddiscovery.Scanner/SCAN]: Scanning Mod File: / path net/minecraftforge/client/settings/KeyConflictContext$3.class
[13Aug2026 02:00:06.984] [background-scan-handler-0/DEBUG] [net.minecraftforge.fml.loading.moddiscovery.Scanner/SCAN]: Scanning Mod File: C:\Users\mattw\Documents\Git\SampleMod\.gradle\repositories\ng_dummy_ng\net\neoforged\forge\1.20.1-47.1.106\forge-1.20.1-47.1.106.jar path net/minecraft/world/level/storage/loot/entries/LootTableReference.class
[13Aug2026 02:00:06.985] [background-scan-handler-2/DEBUG] [net.minecraftforge.fml.loading.moddiscovery.Scanner/SCAN]: Scanning Mod File: / path net/minecraftforge/client/settings/KeyConflictContext$2.class
[13Aug2026 02:00:06.985] [background-scan-handler-0/DEBUG] [net.minecraftforge.fml.loading.moddiscovery.Scanner/SCAN]: Scanning Mod File: C:\Users\mattw\Documents\Git\SampleMod\.gradle\repositories\ng_dummy_ng\net\neoforged\forge\1.20.1-47.1.106\forge-1.20.1-47.1.106.jar path net/minecraft/world/level/storage/loot/entries/LootTableReference$Serializer.class
[13Aug2026 02:00:06.985] [background-scan-handler-2/DEBUG] [net.minecraftforge.fml.loading.moddiscovery.Scanner/SCAN]: Scanning Mod File: / path net/minecraftforge/client/settings/KeyConflictContext$1.class
[13Aug2026 02:00:06.985] [background-scan-handler-2/DEBUG] [net.minecraftforge.fml.loading.moddiscovery.Scanner/SCAN]: Scanning Mod File: / path net/minecraftforge/client/settings/IKeyConflictContext.class
[13Aug2026 02:00:06.987] [background-scan-handler-2/DEBUG] [net.minecraftforge.fml.loading.moddiscovery.Scanner/SCAN]: Scanning Mod File: / path net/minecraftforge/client/RenderTypeHelper.class
[13Aug2026 02:00:06.987] [background-scan-handler-0/DEBUG] [net.minecraftforge.fml.loading.moddiscovery.Scanner/SCAN]: Scanning Mod File: C:\Users\mattw\Documents\Git\SampleMod\.gradle\repositories\ng_dummy_ng\net\neoforged\forge\1.20.1-47.1.106\forge-1.20.1-47.1.106.jar path net/minecraft/world/level/storage/loot/entries/LootPoolSingletonContainer.class
[13Aug2026 02:00:06.988] [background-scan-handler-0/DEBUG] [net.minecraftforge.fml.loading.moddiscovery.Scanner/SCAN]: Scanning Mod File: C:\Users\mattw\Documents\Git\SampleMod\.gradle\repositories\ng_dummy_ng\net\neoforged\forge\1.20.1-47.1.106\forge-1.20.1-47.1.106.jar path net/minecraft/world/level/storage/loot/entries/LootPoolSingletonContainer$Serializer.class
[13Aug2026 02:00:06.988] [background-scan-handler-2/DEBUG] [net.minecraftforge.fml.loading.moddiscovery.Scanner/SCAN]: Scanning Mod File: / path net/minecraftforge/client/RenderTypeGroup.class
[13Aug2026 02:00:06.988] [background-scan-handler-0/DEBUG] [net.minecraftforge.fml.loading.moddiscovery.Scanner/SCAN]: Scanning Mod File: C:\Users\mattw\Documents\Git\SampleMod\.gradle\repositories\ng_dummy_ng\net\neoforged\forge\1.20.1-47.1.106\forge-1.20.1-47.1.106.jar path net/minecraft/world/level/storage/loot/entries/LootPoolSingletonContainer$EntryConstructor.class
[13Aug2026 02:00:06.988] [background-scan-handler-2/DEBUG] [net.minecraftforge.fml.loading.moddiscovery.Scanner/SCAN]: Scanning Mod File: / path net/minecraftforge/client/RecipeBookManager.class
[13Aug2026 02:00:06.989] [background-scan-handler-2/DEBUG] [net.minecraftforge.fml.loading.moddiscovery.Scanner/SCAN]: Scanning Mod File: / path net/minecraftforge/client/PresetEditorManager.class
[13Aug2026 02:00:06.989] [background-scan-handler-0/DEBUG] [net.minecraftforge.fml.loading.moddiscovery.Scanner/SCAN]: Scanning Mod File: C:\Users\mattw\Documents\Git\SampleMod\.gradle\repositories\ng_dummy_ng\net\neoforged\forge\1.20.1-47.1.106\forge-1.20.1-47.1.106.jar path net/minecraft/world/level/storage/loot/entries/LootPoolSingletonContainer$EntryBase.class
[13Aug2026 02:00:06.989] [background-scan-handler-0/DEBUG] [net.minecraftforge.fml.loading.moddiscovery.Scanner/SCAN]: Scanning Mod File: C:\Users\mattw\Documents\Git\SampleMod\.gradle\repositories\ng_dummy_ng\net\neoforged\forge\1.20.1-47.1.106\forge-1.20.1-47.1.106.jar path net/minecraft/world/level/storage/loot/entries/LootPoolSingletonContainer$DummyBuilder.class
[13Aug2026 02:00:06.990] [background-scan-handler-2/DEBUG] [net.minecraftforge.fml.loading.moddiscovery.Scanner/SCAN]: Scanning Mod File: / path net/minecraftforge/client/NamedRenderTypeManager.class
[13Aug2026 02:00:06.990] [background-scan-handler-0/DEBUG] [net.minecraftforge.fml.loading.moddiscovery.Scanner/SCAN]: Scanning Mod File: C:\Users\mattw\Documents\Git\SampleMod\.gradle\repositories\ng_dummy_ng\net\neoforged\forge\1.20.1-47.1.106\forge-1.20.1-47.1.106.jar path net/minecraft/world/level/storage/loot/entries/LootPoolSingletonContainer$Builder.class
[13Aug2026 02:00:06.990] [background-scan-handler-2/DEBUG] [net.minecraftforge.fml.loading.moddiscovery.Scanner/SCAN]: Scanning Mod File: / path net/minecraftforge/client/model/SimpleModelState.class
[13Aug2026 02:00:06.991] [background-scan-handler-0/DEBUG] [net.minecraftforge.fml.loading.moddiscovery.Scanner/SCAN]: Scanning Mod File: C:\Users\mattw\Documents\Git\SampleMod\.gradle\repositories\ng_dummy_ng\net\neoforged\forge\1.20.1-47.1.106\forge-1.20.1-47.1.106.jar path net/minecraft/world/level/storage/loot/entries/LootPoolSingletonContainer$1.class
[13Aug2026 02:00:06.991] [background-scan-handler-0/DEBUG] [net.minecraftforge.fml.loading.moddiscovery.Scanner/SCAN]: Scanning Mod File: C:\Users\mattw\Documents\Git\SampleMod\.gradle\repositories\ng_dummy_ng\net\neoforged\forge\1.20.1-47.1.106\forge-1.20.1-47.1.106.jar path net/minecraft/world/level/storage/loot/entries/LootPoolEntryType.class
[13Aug2026 02:00:06.992] [background-scan-handler-2/DEBUG] [net.minecraftforge.fml.loading.moddiscovery.Scanner/SCAN]: Scanning Mod File: / path net/minecraftforge/client/model/SeparateTransformsModel.class
[13Aug2026 02:00:06.992] [background-scan-handler-0/DEBUG] [net.minecraftforge.fml.loading.moddiscovery.Scanner/SCAN]: Scanning Mod File: C:\Users\mattw\Documents\Git\SampleMod\.gradle\repositories\ng_dummy_ng\net\neoforged\forge\1.20.1-47.1.106\forge-1.20.1-47.1.106.jar path net/minecraft/world/level/storage/loot/entries/LootPoolEntryContainer.class
[13Aug2026 02:00:06.993] [background-scan-handler-0/DEBUG] [net.minecraftforge.fml.loading.moddiscovery.Scanner/SCAN]: Scanning Mod File: C:\Users\mattw\Documents\Git\SampleMod\.gradle\repositories\ng_dummy_ng\net\neoforged\forge\1.20.1-47.1.106\forge-1.20.1-47.1.106.jar path net/minecraft/world/level/storage/loot/entries/LootPoolEntryContainer$Serializer.class
[13Aug2026 02:00:06.995] [background-scan-handler-0/DEBUG] [net.minecraftforge.fml.loading.moddiscovery.Scanner/SCAN]: Scanning Mod File: C:\Users\mattw\Documents\Git\SampleMod\.gradle\repositories\ng_dummy_ng\net\neoforged\forge\1.20.1-47.1.106\forge-1.20.1-47.1.106.jar path net/minecraft/world/level/storage/loot/entries/LootPoolEntryContainer$Builder.class
[13Aug2026 02:00:06.999] [background-scan-handler-2/DEBUG] [net.minecraftforge.fml.loading.moddiscovery.Scanner/SCAN]: Scanning Mod File: / path net/minecraftforge/client/model/SeparateTransformsModel$Loader.class
[13Aug2026 02:00:06.999] [background-scan-handler-0/DEBUG] [net.minecraftforge.fml.loading.moddiscovery.Scanner/SCAN]: Scanning Mod File: C:\Users\mattw\Documents\Git\SampleMod\.gradle\repositories\ng_dummy_ng\net\neoforged\forge\1.20.1-47.1.106\forge-1.20.1-47.1.106.jar path net/minecraft/world/level/storage/loot/entries/LootPoolEntry.class
[13Aug2026 02:00:07.000] [background-scan-handler-2/DEBUG] [net.minecraftforge.fml.loading.moddiscovery.Scanner/SCAN]: Scanning Mod File: / path net/minecraftforge/client/model/SeparateTransformsModel$Baked.class
[13Aug2026 02:00:07.000] [background-scan-handler-0/DEBUG] [net.minecraftforge.fml.loading.moddiscovery.Scanner/SCAN]: Scanning Mod File: C:\Users\mattw\Documents\Git\SampleMod\.gradle\repositories\ng_dummy_ng\net\neoforged\forge\1.20.1-47.1.106\forge-1.20.1-47.1.106.jar path net/minecraft/world/level/storage/loot/entries/LootPoolEntries.class
[13Aug2026 02:00:07.001] [background-scan-handler-0/DEBUG] [net.minecraftforge.fml.loading.moddiscovery.Scanner/SCAN]: Scanning Mod File: C:\Users\mattw\Documents\Git\SampleMod\.gradle\repositories\ng_dummy_ng\net\neoforged\forge\1.20.1-47.1.106\forge-1.20.1-47.1.106.jar path net/minecraft/world/level/storage/loot/entries/LootItem.class
[13Aug2026 02:00:07.001] [background-scan-handler-0/DEBUG] [net.minecraftforge.fml.loading.moddiscovery.Scanner/SCAN]: Scanning Mod File: C:\Users\mattw\Documents\Git\SampleMod\.gradle\repositories\ng_dummy_ng\net\neoforged\forge\1.20.1-47.1.106\forge-1.20.1-47.1.106.jar path net/minecraft/world/level/storage/loot/entries/LootItem$Serializer.class
[13Aug2026 02:00:07.001] [background-scan-handler-2/DEBUG] [net.minecraftforge.fml.loading.moddiscovery.Scanner/SCAN]: Scanning Mod File: / path net/minecraftforge/client/model/renderable/ITextureRenderTypeLookup.class
[13Aug2026 02:00:07.003] [background-scan-handler-2/DEBUG] [net.minecraftforge.fml.loading.moddiscovery.Scanner/SCAN]: Scanning Mod File: / path net/minecraftforge/client/model/renderable/IRenderable.class
[13Aug2026 02:00:07.004] [background-scan-handler-0/DEBUG] [net.minecraftforge.fml.loading.moddiscovery.Scanner/SCAN]: Scanning Mod File: C:\Users\mattw\Documents\Git\SampleMod\.gradle\repositories\ng_dummy_ng\net\neoforged\forge\1.20.1-47.1.106\forge-1.20.1-47.1.106.jar path net/minecraft/world/level/storage/loot/entries/EntryGroup.class
[13Aug2026 02:00:07.004] [background-scan-handler-2/DEBUG] [net.minecraftforge.fml.loading.moddiscovery.Scanner/SCAN]: Scanning Mod File: / path net/minecraftforge/client/model/renderable/CompositeRenderable.class
[13Aug2026 02:00:07.004] [background-scan-handler-0/DEBUG] [net.minecraftforge.fml.loading.moddiscovery.Scanner/SCAN]: Scanning Mod File: C:\Users\mattw\Documents\Git\SampleMod\.gradle\repositories\ng_dummy_ng\net\neoforged\forge\1.20.1-47.1.106\forge-1.20.1-47.1.106.jar path net/minecraft/world/level/storage/loot/entries/EntryGroup$Builder.class
[13Aug2026 02:00:07.004] [background-scan-handler-2/DEBUG] [net.minecraftforge.fml.loading.moddiscovery.Scanner/SCAN]: Scanning Mod File: / path net/minecraftforge/client/model/renderable/CompositeRenderable$Transforms.class
[13Aug2026 02:00:07.004] [background-scan-handler-0/DEBUG] [net.minecraftforge.fml.loading.moddiscovery.Scanner/SCAN]: Scanning Mod File: C:\Users\mattw\Documents\Git\SampleMod\.gradle\repositories\ng_dummy_ng\net\neoforged\forge\1.20.1-47.1.106\forge-1.20.1-47.1.106.jar path net/minecraft/world/level/storage/loot/entries/EmptyLootItem.class
[13Aug2026 02:00:07.005] [background-scan-handler-2/DEBUG] [net.minecraftforge.fml.loading.moddiscovery.Scanner/SCAN]: Scanning Mod File: / path net/minecraftforge/client/model/renderable/CompositeRenderable$PartBuilder.class
[13Aug2026 02:00:07.005] [background-scan-handler-0/DEBUG] [net.minecraftforge.fml.loading.moddiscovery.Scanner/SCAN]: Scanning Mod File: C:\Users\mattw\Documents\Git\SampleMod\.gradle\repositories\ng_dummy_ng\net\neoforged\forge\1.20.1-47.1.106\forge-1.20.1-47.1.106.jar path net/minecraft/world/level/storage/loot/entries/EmptyLootItem$Serializer.class
[13Aug2026 02:00:07.005] [background-scan-handler-2/DEBUG] [net.minecraftforge.fml.loading.moddiscovery.Scanner/SCAN]: Scanning Mod File: / path net/minecraftforge/client/model/renderable/CompositeRenderable$Mesh.class
[13Aug2026 02:00:07.005] [background-scan-handler-0/DEBUG] [net.minecraftforge.fml.loading.moddiscovery.Scanner/SCAN]: Scanning Mod File: C:\Users\mattw\Documents\Git\SampleMod\.gradle\repositories\ng_dummy_ng\net\neoforged\forge\1.20.1-47.1.106\forge-1.20.1-47.1.106.jar path net/minecraft/world/level/storage/loot/entries/DynamicLoot.class
[13Aug2026 02:00:07.005] [background-scan-handler-0/DEBUG] [net.minecraftforge.fml.loading.moddiscovery.Scanner/SCAN]: Scanning Mod File: C:\Users\mattw\Documents\Git\SampleMod\.gradle\repositories\ng_dummy_ng\net\neoforged\forge\1.20.1-47.1.106\forge-1.20.1-47.1.106.jar path net/minecraft/world/level/storage/loot/entries/DynamicLoot$Serializer.class
[13Aug2026 02:00:07.005] [background-scan-handler-2/DEBUG] [net.minecraftforge.fml.loading.moddiscovery.Scanner/SCAN]: Scanning Mod File: / path net/minecraftforge/client/model/renderable/CompositeRenderable$Component.class
[13Aug2026 02:00:07.006] [background-scan-handler-2/DEBUG] [net.minecraftforge.fml.loading.moddiscovery.Scanner/SCAN]: Scanning Mod File: / path net/minecraftforge/client/model/renderable/CompositeRenderable$Builder.class
[13Aug2026 02:00:07.007] [background-scan-handler-2/DEBUG] [net.minecraftforge.fml.loading.moddiscovery.Scanner/SCAN]: Scanning Mod File: / path net/minecraftforge/client/model/renderable/BakedModelRenderable.class
[13Aug2026 02:00:07.007] [background-scan-handler-0/DEBUG] [net.minecraftforge.fml.loading.moddiscovery.Scanner/SCAN]: Scanning Mod File: C:\Users\mattw\Documents\Git\SampleMod\.gradle\repositories\ng_dummy_ng\net\neoforged\forge\1.20.1-47.1.106\forge-1.20.1-47.1.106.jar path net/minecraft/world/level/storage/loot/entries/CompositeEntryBase.class
[13Aug2026 02:00:07.007] [background-scan-handler-2/DEBUG] [net.minecraftforge.fml.loading.moddiscovery.Scanner/SCAN]: Scanning Mod File: / path net/minecraftforge/client/model/renderable/BakedModelRenderable$Context.class
[13Aug2026 02:00:07.008] [background-scan-handler-0/DEBUG] [net.minecraftforge.fml.loading.moddiscovery.Scanner/SCAN]: Scanning Mod File: C:\Users\mattw\Documents\Git\SampleMod\.gradle\repositories\ng_dummy_ng\net\neoforged\forge\1.20.1-47.1.106\forge-1.20.1-47.1.106.jar path net/minecraft/world/level/storage/loot/entries/CompositeEntryBase$CompositeEntryConstructor.class
[13Aug2026 02:00:07.008] [background-scan-handler-0/DEBUG] [net.minecraftforge.fml.loading.moddiscovery.Scanner/SCAN]: Scanning Mod File: C:\Users\mattw\Documents\Git\SampleMod\.gradle\repositories\ng_dummy_ng\net\neoforged\forge\1.20.1-47.1.106\forge-1.20.1-47.1.106.jar path net/minecraft/world/level/storage/loot/entries/CompositeEntryBase$1.class
[13Aug2026 02:00:07.008] [background-scan-handler-0/DEBUG] [net.minecraftforge.fml.loading.moddiscovery.Scanner/SCAN]: Scanning Mod File: C:\Users\mattw\Documents\Git\SampleMod\.gradle\repositories\ng_dummy_ng\net\neoforged\forge\1.20.1-47.1.106\forge-1.20.1-47.1.106.jar path net/minecraft/world/level/storage/loot/entries/ComposableEntryContainer.class
[13Aug2026 02:00:07.008] [background-scan-handler-2/DEBUG] [net.minecraftforge.fml.loading.moddiscovery.Scanner/SCAN]: Scanning Mod File: / path net/minecraftforge/client/model/QuadTransformers.class
[13Aug2026 02:00:07.009] [background-scan-handler-0/DEBUG] [net.minecraftforge.fml.loading.moddiscovery.Scanner/SCAN]: Scanning Mod File: C:\Users\mattw\Documents\Git\SampleMod\.gradle\repositories\ng_dummy_ng\net\neoforged\forge\1.20.1-47.1.106\forge-1.20.1-47.1.106.jar path net/minecraft/world/level/storage/loot/entries/AlternativesEntry.class
[13Aug2026 02:00:07.009] [background-scan-handler-2/DEBUG] [net.minecraftforge.fml.loading.moddiscovery.Scanner/SCAN]: Scanning Mod File: / path net/minecraftforge/client/model/pipeline/VertexConsumerWrapper.class
[13Aug2026 02:00:07.009] [background-scan-handler-0/DEBUG] [net.minecraftforge.fml.loading.moddiscovery.Scanner/SCAN]: Scanning Mod File: C:\Users\mattw\Documents\Git\SampleMod\.gradle\repositories\ng_dummy_ng\net\neoforged\forge\1.20.1-47.1.106\forge-1.20.1-47.1.106.jar path net/minecraft/world/level/storage/loot/entries/AlternativesEntry$Builder.class
[13Aug2026 02:00:07.009] [background-scan-handler-2/DEBUG] [net.minecraftforge.fml.loading.moddiscovery.Scanner/SCAN]: Scanning Mod File: / path net/minecraftforge/client/model/pipeline/TransformingVertexPipeline.class
[13Aug2026 02:00:07.009] [background-scan-handler-2/DEBUG] [net.minecraftforge.fml.loading.moddiscovery.Scanner/SCAN]: Scanning Mod File: / path net/minecraftforge/client/model/pipeline/RemappingVertexPipeline.class
[13Aug2026 02:00:07.009] [background-scan-handler-0/DEBUG] [net.minecraftforge.fml.loading.moddiscovery.Scanner/SCAN]: Scanning Mod File: C:\Users\mattw\Documents\Git\SampleMod\.gradle\repositories\ng_dummy_ng\net\neoforged\forge\1.20.1-47.1.106\forge-1.20.1-47.1.106.jar path net/minecraft/world/level/storage/loot/Deserializers.class
[13Aug2026 02:00:07.010] [background-scan-handler-0/DEBUG] [net.minecraftforge.fml.loading.moddiscovery.Scanner/SCAN]: Scanning Mod File: C:\Users\mattw\Documents\Git\SampleMod\.gradle\repositories\ng_dummy_ng\net\neoforged\forge\1.20.1-47.1.106\forge-1.20.1-47.1.106.jar path net/minecraft/world/level/storage/loot/BuiltInLootTables.class
[13Aug2026 02:00:07.010] [background-scan-handler-2/DEBUG] [net.minecraftforge.fml.loading.moddiscovery.Scanner/SCAN]: Scanning Mod File: / path net/minecraftforge/client/model/pipeline/QuadBakingVertexConsumer.class
[13Aug2026 02:00:07.011] [background-scan-handler-0/DEBUG] [net.minecraftforge.fml.loading.moddiscovery.Scanner/SCAN]: Scanning Mod File: C:\Users\mattw\Documents\Git\SampleMod\.gradle\repositories\ng_dummy_ng\net\neoforged\forge\1.20.1-47.1.106\forge-1.20.1-47.1.106.jar path net/minecraft/world/level/storage/LevelVersion.class
[13Aug2026 02:00:07.011] [background-scan-handler-2/DEBUG] [net.minecraftforge.fml.loading.moddiscovery.Scanner/SCAN]: Scanning Mod File: / path net/minecraftforge/client/model/pipeline/QuadBakingVertexConsumer$Buffered.class
[13Aug2026 02:00:07.011] [background-scan-handler-2/DEBUG] [net.minecraftforge.fml.loading.moddiscovery.Scanner/SCAN]: Scanning Mod File: / path net/minecraftforge/client/model/pipeline/package-info.class
[13Aug2026 02:00:07.012] [background-scan-handler-0/DEBUG] [net.minecraftforge.fml.loading.moddiscovery.Scanner/SCAN]: Scanning Mod File: C:\Users\mattw\Documents\Git\SampleMod\.gradle\repositories\ng_dummy_ng\net\neoforged\forge\1.20.1-47.1.106\forge-1.20.1-47.1.106.jar path net/minecraft/world/level/storage/LevelSummary.class
[13Aug2026 02:00:07.012] [background-scan-handler-2/DEBUG] [net.minecraftforge.fml.loading.moddiscovery.Scanner/SCAN]: Scanning Mod File: / path net/minecraftforge/client/model/package-info.class
[13Aug2026 02:00:07.012] [background-scan-handler-0/DEBUG] [net.minecraftforge.fml.loading.moddiscovery.Scanner/SCAN]: Scanning Mod File: C:\Users\mattw\Documents\Git\SampleMod\.gradle\repositories\ng_dummy_ng\net\neoforged\forge\1.20.1-47.1.106\forge-1.20.1-47.1.106.jar path net/minecraft/world/level/storage/LevelSummary$SymlinkLevelSummary.class
[13Aug2026 02:00:07.012] [background-scan-handler-2/DEBUG] [net.minecraftforge.fml.loading.moddiscovery.Scanner/SCAN]: Scanning Mod File: / path net/minecraftforge/client/model/obj/package-info.class
[13Aug2026 02:00:07.013] [background-scan-handler-2/DEBUG] [net.minecraftforge.fml.loading.moddiscovery.Scanner/SCAN]: Scanning Mod File: / path net/minecraftforge/client/model/obj/ObjTokenizer.class
[13Aug2026 02:00:07.013] [background-scan-handler-0/DEBUG] [net.minecraftforge.fml.loading.moddiscovery.Scanner/SCAN]: Scanning Mod File: C:\Users\mattw\Documents\Git\SampleMod\.gradle\repositories\ng_dummy_ng\net\neoforged\forge\1.20.1-47.1.106\forge-1.20.1-47.1.106.jar path net/minecraft/world/level/storage/LevelSummary$BackupStatus.class
[13Aug2026 02:00:07.014] [background-scan-handler-2/DEBUG] [net.minecraftforge.fml.loading.moddiscovery.Scanner/SCAN]: Scanning Mod File: / path net/minecraftforge/client/model/obj/ObjModel.class
[13Aug2026 02:00:07.014] [background-scan-handler-0/DEBUG] [net.minecraftforge.fml.loading.moddiscovery.Scanner/SCAN]: Scanning Mod File: C:\Users\mattw\Documents\Git\SampleMod\.gradle\repositories\ng_dummy_ng\net\neoforged\forge\1.20.1-47.1.106\forge-1.20.1-47.1.106.jar path net/minecraft/world/level/storage/LevelStorageSource.class
[13Aug2026 02:00:07.015] [background-scan-handler-0/DEBUG] [net.minecraftforge.fml.loading.moddiscovery.Scanner/SCAN]: Scanning Mod File: C:\Users\mattw\Documents\Git\SampleMod\.gradle\repositories\ng_dummy_ng\net\neoforged\forge\1.20.1-47.1.106\forge-1.20.1-47.1.106.jar path net/minecraft/world/level/storage/LevelStorageSource$LevelStorageAccess.class
[13Aug2026 02:00:07.015] [background-scan-handler-2/DEBUG] [net.minecraftforge.fml.loading.moddiscovery.Scanner/SCAN]: Scanning Mod File: / path net/minecraftforge/client/model/obj/ObjModel$ModelSettings.class
[13Aug2026 02:00:07.015] [background-scan-handler-0/DEBUG] [net.minecraftforge.fml.loading.moddiscovery.Scanner/SCAN]: Scanning Mod File: C:\Users\mattw\Documents\Git\SampleMod\.gradle\repositories\ng_dummy_ng\net\neoforged\forge\1.20.1-47.1.106\forge-1.20.1-47.1.106.jar path net/minecraft/world/level/storage/LevelStorageSource$LevelStorageAccess$2.class
[13Aug2026 02:00:07.016] [background-scan-handler-2/DEBUG] [net.minecraftforge.fml.loading.moddiscovery.Scanner/SCAN]: Scanning Mod File: / path net/minecraftforge/client/model/obj/ObjModel$ModelObject.class
[13Aug2026 02:00:07.016] [background-scan-handler-0/DEBUG] [net.minecraftforge.fml.loading.moddiscovery.Scanner/SCAN]: Scanning Mod File: C:\Users\mattw\Documents\Git\SampleMod\.gradle\repositories\ng_dummy_ng\net\neoforged\forge\1.20.1-47.1.106\forge-1.20.1-47.1.106.jar path net/minecraft/world/level/storage/LevelStorageSource$LevelStorageAccess$1.class
[13Aug2026 02:00:07.016] [background-scan-handler-2/DEBUG] [net.minecraftforge.fml.loading.moddiscovery.Scanner/SCAN]: Scanning Mod File: / path net/minecraftforge/client/model/obj/ObjModel$ModelMesh.class
[13Aug2026 02:00:07.016] [background-scan-handler-0/DEBUG] [net.minecraftforge.fml.loading.moddiscovery.Scanner/SCAN]: Scanning Mod File: C:\Users\mattw\Documents\Git\SampleMod\.gradle\repositories\ng_dummy_ng\net\neoforged\forge\1.20.1-47.1.106\forge-1.20.1-47.1.106.jar path net/minecraft/world/level/storage/LevelStorageSource$LevelDirectory.class
[13Aug2026 02:00:07.017] [background-scan-handler-2/DEBUG] [net.minecraftforge.fml.loading.moddiscovery.Scanner/SCAN]: Scanning Mod File: / path net/minecraftforge/client/model/obj/ObjModel$ModelGroup.class
[13Aug2026 02:00:07.017] [background-scan-handler-0/DEBUG] [net.minecraftforge.fml.loading.moddiscovery.Scanner/SCAN]: Scanning Mod File: C:\Users\mattw\Documents\Git\SampleMod\.gradle\repositories\ng_dummy_ng\net\neoforged\forge\1.20.1-47.1.106\forge-1.20.1-47.1.106.jar path net/minecraft/world/level/storage/LevelStorageSource$LevelCandidates.class
[13Aug2026 02:00:07.018] [background-scan-handler-2/DEBUG] [net.minecraftforge.fml.loading.moddiscovery.Scanner/SCAN]: Scanning Mod File: / path net/minecraftforge/client/model/obj/ObjMaterialLibrary.class
[13Aug2026 02:00:07.018] [background-scan-handler-0/DEBUG] [net.minecraftforge.fml.loading.moddiscovery.Scanner/SCAN]: Scanning Mod File: C:\Users\mattw\Documents\Git\SampleMod\.gradle\repositories\ng_dummy_ng\net\neoforged\forge\1.20.1-47.1.106\forge-1.20.1-47.1.106.jar path net/minecraft/world/level/storage/LevelStorageException.class
[13Aug2026 02:00:07.018] [background-scan-handler-0/DEBUG] [net.minecraftforge.fml.loading.moddiscovery.Scanner/SCAN]: Scanning Mod File: C:\Users\mattw\Documents\Git\SampleMod\.gradle\repositories\ng_dummy_ng\net\neoforged\forge\1.20.1-47.1.106\forge-1.20.1-47.1.106.jar path net/minecraft/world/level/storage/LevelResource.class
[13Aug2026 02:00:07.018] [background-scan-handler-2/DEBUG] [net.minecraftforge.fml.loading.moddiscovery.Scanner/SCAN]: Scanning Mod File: / path net/minecraftforge/client/model/obj/ObjMaterialLibrary$Material.class
[13Aug2026 02:00:07.018] [background-scan-handler-2/DEBUG] [net.minecraftforge.fml.loading.moddiscovery.Scanner/SCAN]: Scanning Mod File: / path net/minecraftforge/client/model/obj/ObjLoader.class
[13Aug2026 02:00:07.019] [background-scan-handler-0/DEBUG] [net.minecraftforge.fml.loading.moddiscovery.Scanner/SCAN]: Scanning Mod File: C:\Users\mattw\Documents\Git\SampleMod\.gradle\repositories\ng_dummy_ng\net\neoforged\forge\1.20.1-47.1.106\forge-1.20.1-47.1.106.jar path net/minecraft/world/level/storage/LevelData.class
[13Aug2026 02:00:07.019] [background-scan-handler-0/DEBUG] [net.minecraftforge.fml.loading.moddiscovery.Scanner/SCAN]: Scanning Mod File: C:\Users\mattw\Documents\Git\SampleMod\.gradle\repositories\ng_dummy_ng\net\neoforged\forge\1.20.1-47.1.106\forge-1.20.1-47.1.106.jar path net/minecraft/world/level/storage/DimensionDataStorage.class
[13Aug2026 02:00:07.019] [background-scan-handler-2/DEBUG] [net.minecraftforge.fml.loading.moddiscovery.Scanner/SCAN]: Scanning Mod File: / path net/minecraftforge/client/model/lighting/SmoothQuadLighter.class
[13Aug2026 02:00:07.021] [background-scan-handler-0/DEBUG] [net.minecraftforge.fml.loading.moddiscovery.Scanner/SCAN]: Scanning Mod File: C:\Users\mattw\Documents\Git\SampleMod\.gradle\repositories\ng_dummy_ng\net\neoforged\forge\1.20.1-47.1.106\forge-1.20.1-47.1.106.jar path net/minecraft/world/level/storage/DerivedLevelData.class
[13Aug2026 02:00:07.021] [background-scan-handler-2/DEBUG] [net.minecraftforge.fml.loading.moddiscovery.Scanner/SCAN]: Scanning Mod File: / path net/minecraftforge/client/model/lighting/QuadLighter.class
[13Aug2026 02:00:07.023] [background-scan-handler-0/DEBUG] [net.minecraftforge.fml.loading.moddiscovery.Scanner/SCAN]: Scanning Mod File: C:\Users\mattw\Documents\Git\SampleMod\.gradle\repositories\ng_dummy_ng\net\neoforged\forge\1.20.1-47.1.106\forge-1.20.1-47.1.106.jar path net/minecraft/world/level/storage/DataVersion.class
[13Aug2026 02:00:07.023] [background-scan-handler-2/DEBUG] [net.minecraftforge.fml.loading.moddiscovery.Scanner/SCAN]: Scanning Mod File: / path net/minecraftforge/client/model/lighting/ForgeModelBlockRenderer.class
[13Aug2026 02:00:07.023] [background-scan-handler-0/DEBUG] [net.minecraftforge.fml.loading.moddiscovery.Scanner/SCAN]: Scanning Mod File: C:\Users\mattw\Documents\Git\SampleMod\.gradle\repositories\ng_dummy_ng\net\neoforged\forge\1.20.1-47.1.106\forge-1.20.1-47.1.106.jar path net/minecraft/world/level/storage/CommandStorage.class
[13Aug2026 02:00:07.025] [background-scan-handler-2/DEBUG] [net.minecraftforge.fml.loading.moddiscovery.Scanner/SCAN]: Scanning Mod File: / path net/minecraftforge/client/model/lighting/FlatQuadLighter.class
[13Aug2026 02:00:07.025] [background-scan-handler-2/DEBUG] [net.minecraftforge.fml.loading.moddiscovery.Scanner/SCAN]: Scanning Mod File: / path net/minecraftforge/client/model/ItemLayerModel.class
[13Aug2026 02:00:07.025] [background-scan-handler-2/DEBUG] [net.minecraftforge.fml.loading.moddiscovery.Scanner/SCAN]: Scanning Mod File: / path net/minecraftforge/client/model/ItemLayerModel$Loader.class
[13Aug2026 02:00:07.027] [background-scan-handler-2/DEBUG] [net.minecraftforge.fml.loading.moddiscovery.Scanner/SCAN]: Scanning Mod File: / path net/minecraftforge/client/model/IQuadTransformer.class
[13Aug2026 02:00:07.027] [background-scan-handler-0/DEBUG] [net.minecraftforge.fml.loading.moddiscovery.Scanner/SCAN]: Scanning Mod File: C:\Users\mattw\Documents\Git\SampleMod\.gradle\repositories\ng_dummy_ng\net\neoforged\forge\1.20.1-47.1.106\forge-1.20.1-47.1.106.jar path net/minecraft/world/level/storage/CommandStorage$Container.class
[13Aug2026 02:00:07.028] [background-scan-handler-2/DEBUG] [net.minecraftforge.fml.loading.moddiscovery.Scanner/SCAN]: Scanning Mod File: / path net/minecraftforge/client/model/IModelBuilder.class
[13Aug2026 02:00:07.028] [background-scan-handler-0/DEBUG] [net.minecraftforge.fml.loading.moddiscovery.Scanner/SCAN]: Scanning Mod File: C:\Users\mattw\Documents\Git\SampleMod\.gradle\repositories\ng_dummy_ng\net\neoforged\forge\1.20.1-47.1.106\forge-1.20.1-47.1.106.jar path net/minecraft/world/level/SpawnData.class
[13Aug2026 02:00:07.028] [background-scan-handler-2/DEBUG] [net.minecraftforge.fml.loading.moddiscovery.Scanner/SCAN]: Scanning Mod File: / path net/minecraftforge/client/model/IModelBuilder$Simple.class
[13Aug2026 02:00:07.028] [background-scan-handler-0/DEBUG] [net.minecraftforge.fml.loading.moddiscovery.Scanner/SCAN]: Scanning Mod File: C:\Users\mattw\Documents\Git\SampleMod\.gradle\repositories\ng_dummy_ng\net\neoforged\forge\1.20.1-47.1.106\forge-1.20.1-47.1.106.jar path net/minecraft/world/level/SpawnData$CustomSpawnRules.class
[13Aug2026 02:00:07.029] [background-scan-handler-2/DEBUG] [net.minecraftforge.fml.loading.moddiscovery.Scanner/SCAN]: Scanning Mod File: / path net/minecraftforge/client/model/IModelBuilder$Collecting.class
[13Aug2026 02:00:07.029] [background-scan-handler-0/DEBUG] [net.minecraftforge.fml.loading.moddiscovery.Scanner/SCAN]: Scanning Mod File: C:\Users\mattw\Documents\Git\SampleMod\.gradle\repositories\ng_dummy_ng\net\neoforged\forge\1.20.1-47.1.106\forge-1.20.1-47.1.106.jar path net/minecraft/world/level/SignalGetter.class
[13Aug2026 02:00:07.029] [background-scan-handler-2/DEBUG] [net.minecraftforge.fml.loading.moddiscovery.Scanner/SCAN]: Scanning Mod File: / path net/minecraftforge/client/model/IDynamicBakedModel.class
[13Aug2026 02:00:07.031] [background-scan-handler-0/DEBUG] [net.minecraftforge.fml.loading.moddiscovery.Scanner/SCAN]: Scanning Mod File: C:\Users\mattw\Documents\Git\SampleMod\.gradle\repositories\ng_dummy_ng\net\neoforged\forge\1.20.1-47.1.106\forge-1.20.1-47.1.106.jar path net/minecraft/world/level/ServerLevelAccessor.class
[13Aug2026 02:00:07.034] [background-scan-handler-2/DEBUG] [net.minecraftforge.fml.loading.moddiscovery.Scanner/SCAN]: Scanning Mod File: / path net/minecraftforge/client/model/geometry/UnbakedGeometryHelper.class
[13Aug2026 02:00:07.044] [background-scan-handler-0/DEBUG] [net.minecraftforge.fml.loading.moddiscovery.Scanner/SCAN]: Scanning Mod File: C:\Users\mattw\Documents\Git\SampleMod\.gradle\repositories\ng_dummy_ng\net\neoforged\forge\1.20.1-47.1.106\forge-1.20.1-47.1.106.jar path net/minecraft/world/level/saveddata/SavedData.class
[13Aug2026 02:00:07.045] [background-scan-handler-0/DEBUG] [net.minecraftforge.fml.loading.moddiscovery.Scanner/SCAN]: Scanning Mod File: C:\Users\mattw\Documents\Git\SampleMod\.gradle\repositories\ng_dummy_ng\net\neoforged\forge\1.20.1-47.1.106\forge-1.20.1-47.1.106.jar path net/minecraft/world/level/saveddata/package-info.class
[13Aug2026 02:00:07.046] [background-scan-handler-2/DEBUG] [net.minecraftforge.fml.loading.moddiscovery.Scanner/SCAN]: Scanning Mod File: / path net/minecraftforge/client/model/geometry/StandaloneGeometryBakingContext.class
[13Aug2026 02:00:07.046] [background-scan-handler-0/DEBUG] [net.minecraftforge.fml.loading.moddiscovery.Scanner/SCAN]: Scanning Mod File: C:\Users\mattw\Documents\Git\SampleMod\.gradle\repositories\ng_dummy_ng\net\neoforged\forge\1.20.1-47.1.106\forge-1.20.1-47.1.106.jar path net/minecraft/world/level/saveddata/maps/package-info.class
[13Aug2026 02:00:07.047] [background-scan-handler-0/DEBUG] [net.minecraftforge.fml.loading.moddiscovery.Scanner/SCAN]: Scanning Mod File: C:\Users\mattw\Documents\Git\SampleMod\.gradle\repositories\ng_dummy_ng\net\neoforged\forge\1.20.1-47.1.106\forge-1.20.1-47.1.106.jar path net/minecraft/world/level/saveddata/maps/MapItemSavedData.class
[13Aug2026 02:00:07.048] [background-scan-handler-2/DEBUG] [net.minecraftforge.fml.loading.moddiscovery.Scanner/SCAN]: Scanning Mod File: / path net/minecraftforge/client/model/geometry/StandaloneGeometryBakingContext$Builder.class
[13Aug2026 02:00:07.050] [background-scan-handler-2/DEBUG] [net.minecraftforge.fml.loading.moddiscovery.Scanner/SCAN]: Scanning Mod File: / path net/minecraftforge/client/model/geometry/SimpleUnbakedGeometry.class
[13Aug2026 02:00:07.050] [background-scan-handler-2/DEBUG] [net.minecraftforge.fml.loading.moddiscovery.Scanner/SCAN]: Scanning Mod File: / path net/minecraftforge/client/model/geometry/IUnbakedGeometry.class
[13Aug2026 02:00:07.053] [background-scan-handler-2/DEBUG] [net.minecraftforge.fml.loading.moddiscovery.Scanner/SCAN]: Scanning Mod File: / path net/minecraftforge/client/model/geometry/IGeometryLoader.class
[13Aug2026 02:00:07.057] [background-scan-handler-2/DEBUG] [net.minecraftforge.fml.loading.moddiscovery.Scanner/SCAN]: Scanning Mod File: / path net/minecraftforge/client/model/geometry/IGeometryBakingContext.class
[13Aug2026 02:00:07.057] [background-scan-handler-0/DEBUG] [net.minecraftforge.fml.loading.moddiscovery.Scanner/SCAN]: Scanning Mod File: C:\Users\mattw\Documents\Git\SampleMod\.gradle\repositories\ng_dummy_ng\net\neoforged\forge\1.20.1-47.1.106\forge-1.20.1-47.1.106.jar path net/minecraft/world/level/saveddata/maps/MapItemSavedData$MapPatch.class
[13Aug2026 02:00:07.057] [background-scan-handler-2/DEBUG] [net.minecraftforge.fml.loading.moddiscovery.Scanner/SCAN]: Scanning Mod File: / path net/minecraftforge/client/model/geometry/GeometryLoaderManager.class
[13Aug2026 02:00:07.057] [background-scan-handler-0/DEBUG] [net.minecraftforge.fml.loading.moddiscovery.Scanner/SCAN]: Scanning Mod File: C:\Users\mattw\Documents\Git\SampleMod\.gradle\repositories\ng_dummy_ng\net\neoforged\forge\1.20.1-47.1.106\forge-1.20.1-47.1.106.jar path net/minecraft/world/level/saveddata/maps/MapItemSavedData$HoldingPlayer.class
[13Aug2026 02:00:07.058] [background-scan-handler-0/DEBUG] [net.minecraftforge.fml.loading.moddiscovery.Scanner/SCAN]: Scanning Mod File: C:\Users\mattw\Documents\Git\SampleMod\.gradle\repositories\ng_dummy_ng\net\neoforged\forge\1.20.1-47.1.106\forge-1.20.1-47.1.106.jar path net/minecraft/world/level/saveddata/maps/MapIndex.class
[13Aug2026 02:00:07.059] [background-scan-handler-0/DEBUG] [net.minecraftforge.fml.loading.moddiscovery.Scanner/SCAN]: Scanning Mod File: C:\Users\mattw\Documents\Git\SampleMod\.gradle\repositories\ng_dummy_ng\net\neoforged\forge\1.20.1-47.1.106\forge-1.20.1-47.1.106.jar path net/minecraft/world/level/saveddata/maps/MapFrame.class
[13Aug2026 02:00:07.060] [background-scan-handler-0/DEBUG] [net.minecraftforge.fml.loading.moddiscovery.Scanner/SCAN]: Scanning Mod File: C:\Users\mattw\Documents\Git\SampleMod\.gradle\repositories\ng_dummy_ng\net\neoforged\forge\1.20.1-47.1.106\forge-1.20.1-47.1.106.jar path net/minecraft/world/level/saveddata/maps/MapDecoration.class
[13Aug2026 02:00:07.060] [background-scan-handler-2/DEBUG] [net.minecraftforge.fml.loading.moddiscovery.Scanner/SCAN]: Scanning Mod File: / path net/minecraftforge/client/model/geometry/BlockGeometryBakingContext.class
[13Aug2026 02:00:07.060] [background-scan-handler-0/DEBUG] [net.minecraftforge.fml.loading.moddiscovery.Scanner/SCAN]: Scanning Mod File: C:\Users\mattw\Documents\Git\SampleMod\.gradle\repositories\ng_dummy_ng\net\neoforged\forge\1.20.1-47.1.106\forge-1.20.1-47.1.106.jar path net/minecraft/world/level/saveddata/maps/MapDecoration$Type.class
[13Aug2026 02:00:07.068] [background-scan-handler-0/DEBUG] [net.minecraftforge.fml.loading.moddiscovery.Scanner/SCAN]: Scanning Mod File: C:\Users\mattw\Documents\Git\SampleMod\.gradle\repositories\ng_dummy_ng\net\neoforged\forge\1.20.1-47.1.106\forge-1.20.1-47.1.106.jar path net/minecraft/world/level/saveddata/maps/MapBanner.class
[13Aug2026 02:00:07.069] [background-scan-handler-0/DEBUG] [net.minecraftforge.fml.loading.moddiscovery.Scanner/SCAN]: Scanning Mod File: C:\Users\mattw\Documents\Git\SampleMod\.gradle\repositories\ng_dummy_ng\net\neoforged\forge\1.20.1-47.1.106\forge-1.20.1-47.1.106.jar path net/minecraft/world/level/saveddata/maps/MapBanner$1.class
[13Aug2026 02:00:07.069] [background-scan-handler-2/DEBUG] [net.minecraftforge.fml.loading.moddiscovery.Scanner/SCAN]: Scanning Mod File: / path net/minecraftforge/client/model/geometry/BlockGeometryBakingContext$VisibilityData.class
[13Aug2026 02:00:07.071] [background-scan-handler-2/DEBUG] [net.minecraftforge.fml.loading.moddiscovery.Scanner/SCAN]: Scanning Mod File: / path net/minecraftforge/client/model/generators/VariantBlockStateBuilder.class
[13Aug2026 02:00:07.073] [background-scan-handler-0/DEBUG] [net.minecraftforge.fml.loading.moddiscovery.Scanner/SCAN]: Scanning Mod File: C:\Users\mattw\Documents\Git\SampleMod\.gradle\repositories\ng_dummy_ng\net\neoforged\forge\1.20.1-47.1.106\forge-1.20.1-47.1.106.jar path net/minecraft/world/level/redstone/Redstone.class
[13Aug2026 02:00:07.073] [background-scan-handler-2/DEBUG] [net.minecraftforge.fml.loading.moddiscovery.Scanner/SCAN]: Scanning Mod File: / path net/minecraftforge/client/model/generators/VariantBlockStateBuilder$PartialBlockstate.class
[13Aug2026 02:00:07.075] [background-scan-handler-2/DEBUG] [net.minecraftforge.fml.loading.moddiscovery.Scanner/SCAN]: Scanning Mod File: / path net/minecraftforge/client/model/generators/MultiPartBlockStateBuilder.class
[13Aug2026 02:00:07.075] [background-scan-handler-2/DEBUG] [net.minecraftforge.fml.loading.moddiscovery.Scanner/SCAN]: Scanning Mod File: / path net/minecraftforge/client/model/generators/MultiPartBlockStateBuilder$PartBuilder.class
[13Aug2026 02:00:07.077] [background-scan-handler-0/DEBUG] [net.minecraftforge.fml.loading.moddiscovery.Scanner/SCAN]: Scanning Mod File: C:\Users\mattw\Documents\Git\SampleMod\.gradle\repositories\ng_dummy_ng\net\neoforged\forge\1.20.1-47.1.106\forge-1.20.1-47.1.106.jar path net/minecraft/world/level/redstone/package-info.class
[13Aug2026 02:00:07.077] [background-scan-handler-0/DEBUG] [net.minecraftforge.fml.loading.moddiscovery.Scanner/SCAN]: Scanning Mod File: C:\Users\mattw\Documents\Git\SampleMod\.gradle\repositories\ng_dummy_ng\net\neoforged\forge\1.20.1-47.1.106\forge-1.20.1-47.1.106.jar path net/minecraft/world/level/redstone/NeighborUpdater.class
[13Aug2026 02:00:07.077] [background-scan-handler-2/DEBUG] [net.minecraftforge.fml.loading.moddiscovery.Scanner/SCAN]: Scanning Mod File: / path net/minecraftforge/client/model/generators/MultiPartBlockStateBuilder$PartBuilder$ConditionGroup.class
[13Aug2026 02:00:07.077] [background-scan-handler-0/DEBUG] [net.minecraftforge.fml.loading.moddiscovery.Scanner/SCAN]: Scanning Mod File: C:\Users\mattw\Documents\Git\SampleMod\.gradle\repositories\ng_dummy_ng\net\neoforged\forge\1.20.1-47.1.106\forge-1.20.1-47.1.106.jar path net/minecraft/world/level/redstone/InstantNeighborUpdater.class
[13Aug2026 02:00:07.078] [background-scan-handler-0/DEBUG] [net.minecraftforge.fml.loading.moddiscovery.Scanner/SCAN]: Scanning Mod File: C:\Users\mattw\Documents\Git\SampleMod\.gradle\repositories\ng_dummy_ng\net\neoforged\forge\1.20.1-47.1.106\forge-1.20.1-47.1.106.jar path net/minecraft/world/level/redstone/CollectingNeighborUpdater.class
[13Aug2026 02:00:07.079] [background-scan-handler-0/DEBUG] [net.minecraftforge.fml.loading.moddiscovery.Scanner/SCAN]: Scanning Mod File: C:\Users\mattw\Documents\Git\SampleMod\.gradle\repositories\ng_dummy_ng\net\neoforged\forge\1.20.1-47.1.106\forge-1.20.1-47.1.106.jar path net/minecraft/world/level/redstone/CollectingNeighborUpdater$SimpleNeighborUpdate.class
[13Aug2026 02:00:07.078] [background-scan-handler-2/DEBUG] [net.minecraftforge.fml.loading.moddiscovery.Scanner/SCAN]: Scanning Mod File: / path net/minecraftforge/client/model/generators/ModelProvider.class
[13Aug2026 02:00:07.079] [background-scan-handler-0/DEBUG] [net.minecraftforge.fml.loading.moddiscovery.Scanner/SCAN]: Scanning Mod File: C:\Users\mattw\Documents\Git\SampleMod\.gradle\repositories\ng_dummy_ng\net\neoforged\forge\1.20.1-47.1.106\forge-1.20.1-47.1.106.jar path net/minecraft/world/level/redstone/CollectingNeighborUpdater$ShapeUpdate.class
[13Aug2026 02:00:07.081] [background-scan-handler-2/DEBUG] [net.minecraftforge.fml.loading.moddiscovery.Scanner/SCAN]: Scanning Mod File: / path net/minecraftforge/client/model/generators/ModelFile.class
[13Aug2026 02:00:07.081] [background-scan-handler-0/DEBUG] [net.minecraftforge.fml.loading.moddiscovery.Scanner/SCAN]: Scanning Mod File: C:\Users\mattw\Documents\Git\SampleMod\.gradle\repositories\ng_dummy_ng\net\neoforged\forge\1.20.1-47.1.106\forge-1.20.1-47.1.106.jar path net/minecraft/world/level/redstone/CollectingNeighborUpdater$NeighborUpdates.class
[13Aug2026 02:00:07.081] [background-scan-handler-2/DEBUG] [net.minecraftforge.fml.loading.moddiscovery.Scanner/SCAN]: Scanning Mod File: / path net/minecraftforge/client/model/generators/ModelFile$UncheckedModelFile.class
[13Aug2026 02:00:07.082] [background-scan-handler-0/DEBUG] [net.minecraftforge.fml.loading.moddiscovery.Scanner/SCAN]: Scanning Mod File: C:\Users\mattw\Documents\Git\SampleMod\.gradle\repositories\ng_dummy_ng\net\neoforged\forge\1.20.1-47.1.106\forge-1.20.1-47.1.106.jar path net/minecraft/world/level/redstone/CollectingNeighborUpdater$MultiNeighborUpdate.class
[13Aug2026 02:00:07.082] [background-scan-handler-2/DEBUG] [net.minecraftforge.fml.loading.moddiscovery.Scanner/SCAN]: Scanning Mod File: / path net/minecraftforge/client/model/generators/ModelFile$ExistingModelFile.class
[13Aug2026 02:00:07.084] [background-scan-handler-0/DEBUG] [net.minecraftforge.fml.loading.moddiscovery.Scanner/SCAN]: Scanning Mod File: C:\Users\mattw\Documents\Git\SampleMod\.gradle\repositories\ng_dummy_ng\net\neoforged\forge\1.20.1-47.1.106\forge-1.20.1-47.1.106.jar path net/minecraft/world/level/redstone/CollectingNeighborUpdater$FullNeighborUpdate.class
[13Aug2026 02:00:07.084] [background-scan-handler-0/DEBUG] [net.minecraftforge.fml.loading.moddiscovery.Scanner/SCAN]: Scanning Mod File: C:\Users\mattw\Documents\Git\SampleMod\.gradle\repositories\ng_dummy_ng\net\neoforged\forge\1.20.1-47.1.106\forge-1.20.1-47.1.106.jar path net/minecraft/world/level/PotentialCalculator.class
[13Aug2026 02:00:07.085] [background-scan-handler-0/DEBUG] [net.minecraftforge.fml.loading.moddiscovery.Scanner/SCAN]: Scanning Mod File: C:\Users\mattw\Documents\Git\SampleMod\.gradle\repositories\ng_dummy_ng\net\neoforged\forge\1.20.1-47.1.106\forge-1.20.1-47.1.106.jar path net/minecraft/world/level/PotentialCalculator$PointCharge.class
[13Aug2026 02:00:07.085] [background-scan-handler-2/DEBUG] [net.minecraftforge.fml.loading.moddiscovery.Scanner/SCAN]: Scanning Mod File: / path net/minecraftforge/client/model/generators/ModelBuilder.class
[13Aug2026 02:00:07.085] [background-scan-handler-0/DEBUG] [net.minecraftforge.fml.loading.moddiscovery.Scanner/SCAN]: Scanning Mod File: C:\Users\mattw\Documents\Git\SampleMod\.gradle\repositories\ng_dummy_ng\net\neoforged\forge\1.20.1-47.1.106\forge-1.20.1-47.1.106.jar path net/minecraft/world/level/portal/PortalShape.class
[13Aug2026 02:00:07.087] [background-scan-handler-0/DEBUG] [net.minecraftforge.fml.loading.moddiscovery.Scanner/SCAN]: Scanning Mod File: C:\Users\mattw\Documents\Git\SampleMod\.gradle\repositories\ng_dummy_ng\net\neoforged\forge\1.20.1-47.1.106\forge-1.20.1-47.1.106.jar path net/minecraft/world/level/portal/PortalInfo.class
[13Aug2026 02:00:07.087] [background-scan-handler-0/DEBUG] [net.minecraftforge.fml.loading.moddiscovery.Scanner/SCAN]: Scanning Mod File: C:\Users\mattw\Documents\Git\SampleMod\.gradle\repositories\ng_dummy_ng\net\neoforged\forge\1.20.1-47.1.106\forge-1.20.1-47.1.106.jar path net/minecraft/world/level/portal/PortalForcer.class
[13Aug2026 02:00:07.087] [background-scan-handler-2/DEBUG] [net.minecraftforge.fml.loading.moddiscovery.Scanner/SCAN]: Scanning Mod File: / path net/minecraftforge/client/model/generators/ModelBuilder$TransformsBuilder.class
[13Aug2026 02:00:07.088] [background-scan-handler-2/DEBUG] [net.minecraftforge.fml.loading.moddiscovery.Scanner/SCAN]: Scanning Mod File: / path net/minecraftforge/client/model/generators/ModelBuilder$TransformsBuilder$TransformVecBuilder.class
[13Aug2026 02:00:07.088] [background-scan-handler-2/DEBUG] [net.minecraftforge.fml.loading.moddiscovery.Scanner/SCAN]: Scanning Mod File: / path net/minecraftforge/client/model/generators/ModelBuilder$RootTransformsBuilder.class
[13Aug2026 02:00:07.088] [background-scan-handler-0/DEBUG] [net.minecraftforge.fml.loading.moddiscovery.Scanner/SCAN]: Scanning Mod File: C:\Users\mattw\Documents\Git\SampleMod\.gradle\repositories\ng_dummy_ng\net\neoforged\forge\1.20.1-47.1.106\forge-1.20.1-47.1.106.jar path net/minecraft/world/level/portal/package-info.class
[13Aug2026 02:00:07.089] [background-scan-handler-0/DEBUG] [net.minecraftforge.fml.loading.moddiscovery.Scanner/SCAN]: Scanning Mod File: C:\Users\mattw\Documents\Git\SampleMod\.gradle\repositories\ng_dummy_ng\net\neoforged\forge\1.20.1-47.1.106\forge-1.20.1-47.1.106.jar path net/minecraft/world/level/PathNavigationRegion.class
[13Aug2026 02:00:07.089] [background-scan-handler-2/DEBUG] [net.minecraftforge.fml.loading.moddiscovery.Scanner/SCAN]: Scanning Mod File: / path net/minecraftforge/client/model/generators/ModelBuilder$FaceRotation.class
[13Aug2026 02:00:07.090] [background-scan-handler-2/DEBUG] [net.minecraftforge.fml.loading.moddiscovery.Scanner/SCAN]: Scanning Mod File: / path net/minecraftforge/client/model/generators/ModelBuilder$ElementBuilder.class
[13Aug2026 02:00:07.090] [background-scan-handler-0/DEBUG] [net.minecraftforge.fml.loading.moddiscovery.Scanner/SCAN]: Scanning Mod File: C:\Users\mattw\Documents\Git\SampleMod\.gradle\repositories\ng_dummy_ng\net\neoforged\forge\1.20.1-47.1.106\forge-1.20.1-47.1.106.jar path net/minecraft/world/level/pathfinder/WalkNodeEvaluator.class
[13Aug2026 02:00:07.092] [background-scan-handler-0/DEBUG] [net.minecraftforge.fml.loading.moddiscovery.Scanner/SCAN]: Scanning Mod File: C:\Users\mattw\Documents\Git\SampleMod\.gradle\repositories\ng_dummy_ng\net\neoforged\forge\1.20.1-47.1.106\forge-1.20.1-47.1.106.jar path net/minecraft/world/level/pathfinder/Target.class
[13Aug2026 02:00:07.092] [background-scan-handler-0/DEBUG] [net.minecraftforge.fml.loading.moddiscovery.Scanner/SCAN]: Scanning Mod File: C:\Users\mattw\Documents\Git\SampleMod\.gradle\repositories\ng_dummy_ng\net\neoforged\forge\1.20.1-47.1.106\forge-1.20.1-47.1.106.jar path net/minecraft/world/level/pathfinder/SwimNodeEvaluator.class
[13Aug2026 02:00:07.093] [background-scan-handler-0/DEBUG] [net.minecraftforge.fml.loading.moddiscovery.Scanner/SCAN]: Scanning Mod File: C:\Users\mattw\Documents\Git\SampleMod\.gradle\repositories\ng_dummy_ng\net\neoforged\forge\1.20.1-47.1.106\forge-1.20.1-47.1.106.jar path net/minecraft/world/level/pathfinder/PathFinder.class
[13Aug2026 02:00:07.093] [background-scan-handler-2/DEBUG] [net.minecraftforge.fml.loading.moddiscovery.Scanner/SCAN]: Scanning Mod File: / path net/minecraftforge/client/model/generators/ModelBuilder$ElementBuilder$RotationBuilder.class
[13Aug2026 02:00:07.094] [background-scan-handler-2/DEBUG] [net.minecraftforge.fml.loading.moddiscovery.Scanner/SCAN]: Scanning Mod File: / path net/minecraftforge/client/model/generators/ModelBuilder$ElementBuilder$FaceBuilder.class
[13Aug2026 02:00:07.094] [background-scan-handler-0/DEBUG] [net.minecraftforge.fml.loading.moddiscovery.Scanner/SCAN]: Scanning Mod File: C:\Users\mattw\Documents\Git\SampleMod\.gradle\repositories\ng_dummy_ng\net\neoforged\forge\1.20.1-47.1.106\forge-1.20.1-47.1.106.jar path net/minecraft/world/level/pathfinder/PathComputationType.class
[13Aug2026 02:00:07.095] [background-scan-handler-0/DEBUG] [net.minecraftforge.fml.loading.moddiscovery.Scanner/SCAN]: Scanning Mod File: C:\Users\mattw\Documents\Git\SampleMod\.gradle\repositories\ng_dummy_ng\net\neoforged\forge\1.20.1-47.1.106\forge-1.20.1-47.1.106.jar path net/minecraft/world/level/pathfinder/Path.class
[13Aug2026 02:00:07.096] [background-scan-handler-0/DEBUG] [net.minecraftforge.fml.loading.moddiscovery.Scanner/SCAN]: Scanning Mod File: C:\Users\mattw\Documents\Git\SampleMod\.gradle\repositories\ng_dummy_ng\net\neoforged\forge\1.20.1-47.1.106\forge-1.20.1-47.1.106.jar path net/minecraft/world/level/pathfinder/package-info.class
[13Aug2026 02:00:07.096] [background-scan-handler-0/DEBUG] [net.minecraftforge.fml.loading.moddiscovery.Scanner/SCAN]: Scanning Mod File: C:\Users\mattw\Documents\Git\SampleMod\.gradle\repositories\ng_dummy_ng\net\neoforged\forge\1.20.1-47.1.106\forge-1.20.1-47.1.106.jar path net/minecraft/world/level/pathfinder/NodeEvaluator.class
[13Aug2026 02:00:07.097] [background-scan-handler-2/DEBUG] [net.minecraftforge.fml.loading.moddiscovery.Scanner/SCAN]: Scanning Mod File: / path net/minecraftforge/client/model/generators/loaders/SeparateTransformsModelBuilder.class
[13Aug2026 02:00:07.097] [background-scan-handler-2/DEBUG] [net.minecraftforge.fml.loading.moddiscovery.Scanner/SCAN]: Scanning Mod File: / path net/minecraftforge/client/model/generators/loaders/ObjModelBuilder.class
[13Aug2026 02:00:07.098] [background-scan-handler-2/DEBUG] [net.minecraftforge.fml.loading.moddiscovery.Scanner/SCAN]: Scanning Mod File: / path net/minecraftforge/client/model/generators/loaders/ItemLayerModelBuilder.class
[13Aug2026 02:00:07.098] [background-scan-handler-0/DEBUG] [net.minecraftforge.fml.loading.moddiscovery.Scanner/SCAN]: Scanning Mod File: C:\Users\mattw\Documents\Git\SampleMod\.gradle\repositories\ng_dummy_ng\net\neoforged\forge\1.20.1-47.1.106\forge-1.20.1-47.1.106.jar path net/minecraft/world/level/pathfinder/Node.class
[13Aug2026 02:00:07.098] [background-scan-handler-2/DEBUG] [net.minecraftforge.fml.loading.moddiscovery.Scanner/SCAN]: Scanning Mod File: / path net/minecraftforge/client/model/generators/loaders/DynamicFluidContainerModelBuilder.class
[13Aug2026 02:00:07.099] [background-scan-handler-2/DEBUG] [net.minecraftforge.fml.loading.moddiscovery.Scanner/SCAN]: Scanning Mod File: / path net/minecraftforge/client/model/generators/loaders/CompositeModelBuilder.class
[13Aug2026 02:00:07.099] [background-scan-handler-0/DEBUG] [net.minecraftforge.fml.loading.moddiscovery.Scanner/SCAN]: Scanning Mod File: C:\Users\mattw\Documents\Git\SampleMod\.gradle\repositories\ng_dummy_ng\net\neoforged\forge\1.20.1-47.1.106\forge-1.20.1-47.1.106.jar path net/minecraft/world/level/pathfinder/FlyNodeEvaluator.class
[13Aug2026 02:00:07.100] [background-scan-handler-2/DEBUG] [net.minecraftforge.fml.loading.moddiscovery.Scanner/SCAN]: Scanning Mod File: / path net/minecraftforge/client/model/generators/ItemModelProvider.class
[13Aug2026 02:00:07.102] [background-scan-handler-2/DEBUG] [net.minecraftforge.fml.loading.moddiscovery.Scanner/SCAN]: Scanning Mod File: / path net/minecraftforge/client/model/generators/ItemModelBuilder.class
[13Aug2026 02:00:07.104] [background-scan-handler-0/DEBUG] [net.minecraftforge.fml.loading.moddiscovery.Scanner/SCAN]: Scanning Mod File: C:\Users\mattw\Documents\Git\SampleMod\.gradle\repositories\ng_dummy_ng\net\neoforged\forge\1.20.1-47.1.106\forge-1.20.1-47.1.106.jar path net/minecraft/world/level/pathfinder/BlockPathTypes.class
[13Aug2026 02:00:07.104] [background-scan-handler-2/DEBUG] [net.minecraftforge.fml.loading.moddiscovery.Scanner/SCAN]: Scanning Mod File: / path net/minecraftforge/client/model/generators/ItemModelBuilder$OverrideBuilder.class
[13Aug2026 02:00:07.104] [background-scan-handler-0/DEBUG] [net.minecraftforge.fml.loading.moddiscovery.Scanner/SCAN]: Scanning Mod File: C:\Users\mattw\Documents\Git\SampleMod\.gradle\repositories\ng_dummy_ng\net\neoforged\forge\1.20.1-47.1.106\forge-1.20.1-47.1.106.jar path net/minecraft/world/level/pathfinder/BinaryHeap.class
[13Aug2026 02:00:07.104] [background-scan-handler-2/DEBUG] [net.minecraftforge.fml.loading.moddiscovery.Scanner/SCAN]: Scanning Mod File: / path net/minecraftforge/client/model/generators/IGeneratedBlockState.class
[13Aug2026 02:00:07.104] [background-scan-handler-0/DEBUG] [net.minecraftforge.fml.loading.moddiscovery.Scanner/SCAN]: Scanning Mod File: C:\Users\mattw\Documents\Git\SampleMod\.gradle\repositories\ng_dummy_ng\net\neoforged\forge\1.20.1-47.1.106\forge-1.20.1-47.1.106.jar path net/minecraft/world/level/pathfinder/AmphibiousNodeEvaluator.class
[13Aug2026 02:00:07.104] [background-scan-handler-2/DEBUG] [net.minecraftforge.fml.loading.moddiscovery.Scanner/SCAN]: Scanning Mod File: / path net/minecraftforge/client/model/generators/CustomLoaderBuilder.class
[13Aug2026 02:00:07.105] [background-scan-handler-0/DEBUG] [net.minecraftforge.fml.loading.moddiscovery.Scanner/SCAN]: Scanning Mod File: C:\Users\mattw\Documents\Git\SampleMod\.gradle\repositories\ng_dummy_ng\net\neoforged\forge\1.20.1-47.1.106\forge-1.20.1-47.1.106.jar path net/minecraft/world/level/package-info.class
[13Aug2026 02:00:07.106] [background-scan-handler-2/DEBUG] [net.minecraftforge.fml.loading.moddiscovery.Scanner/SCAN]: Scanning Mod File: / path net/minecraftforge/client/model/generators/ConfiguredModel.class
[13Aug2026 02:00:07.107] [background-scan-handler-0/DEBUG] [net.minecraftforge.fml.loading.moddiscovery.Scanner/SCAN]: Scanning Mod File: C:\Users\mattw\Documents\Git\SampleMod\.gradle\repositories\ng_dummy_ng\net\neoforged\forge\1.20.1-47.1.106\forge-1.20.1-47.1.106.jar path net/minecraft/world/level/NoiseColumn.class
[13Aug2026 02:00:07.107] [background-scan-handler-2/DEBUG] [net.minecraftforge.fml.loading.moddiscovery.Scanner/SCAN]: Scanning Mod File: / path net/minecraftforge/client/model/generators/ConfiguredModel$Builder.class
[13Aug2026 02:00:07.107] [background-scan-handler-0/DEBUG] [net.minecraftforge.fml.loading.moddiscovery.Scanner/SCAN]: Scanning Mod File: C:\Users\mattw\Documents\Git\SampleMod\.gradle\repositories\ng_dummy_ng\net\neoforged\forge\1.20.1-47.1.106\forge-1.20.1-47.1.106.jar path net/minecraft/world/level/NaturalSpawner.class
[13Aug2026 02:00:07.108] [background-scan-handler-2/DEBUG] [net.minecraftforge.fml.loading.moddiscovery.Scanner/SCAN]: Scanning Mod File: / path net/minecraftforge/client/model/generators/BlockStateProvider.class
[13Aug2026 02:00:07.110] [background-scan-handler-0/DEBUG] [net.minecraftforge.fml.loading.moddiscovery.Scanner/SCAN]: Scanning Mod File: C:\Users\mattw\Documents\Git\SampleMod\.gradle\repositories\ng_dummy_ng\net\neoforged\forge\1.20.1-47.1.106\forge-1.20.1-47.1.106.jar path net/minecraft/world/level/NaturalSpawner$SpawnState.class
[13Aug2026 02:00:07.110] [background-scan-handler-2/DEBUG] [net.minecraftforge.fml.loading.moddiscovery.Scanner/SCAN]: Scanning Mod File: / path net/minecraftforge/client/model/generators/BlockStateProvider$ConfiguredModelList.class
[13Aug2026 02:00:07.112] [background-scan-handler-2/DEBUG] [net.minecraftforge.fml.loading.moddiscovery.Scanner/SCAN]: Scanning Mod File: / path net/minecraftforge/client/model/generators/BlockStateProvider$2.class
[13Aug2026 02:00:07.112] [background-scan-handler-0/DEBUG] [net.minecraftforge.fml.loading.moddiscovery.Scanner/SCAN]: Scanning Mod File: C:\Users\mattw\Documents\Git\SampleMod\.gradle\repositories\ng_dummy_ng\net\neoforged\forge\1.20.1-47.1.106\forge-1.20.1-47.1.106.jar path net/minecraft/world/level/NaturalSpawner$SpawnPredicate.class
[13Aug2026 02:00:07.113] [background-scan-handler-2/DEBUG] [net.minecraftforge.fml.loading.moddiscovery.Scanner/SCAN]: Scanning Mod File: / path net/minecraftforge/client/model/generators/BlockStateProvider$1.class
[13Aug2026 02:00:07.115] [background-scan-handler-0/DEBUG] [net.minecraftforge.fml.loading.moddiscovery.Scanner/SCAN]: Scanning Mod File: C:\Users\mattw\Documents\Git\SampleMod\.gradle\repositories\ng_dummy_ng\net\neoforged\forge\1.20.1-47.1.106\forge-1.20.1-47.1.106.jar path net/minecraft/world/level/NaturalSpawner$ChunkGetter.class
[13Aug2026 02:00:07.115] [background-scan-handler-2/DEBUG] [net.minecraftforge.fml.loading.moddiscovery.Scanner/SCAN]: Scanning Mod File: / path net/minecraftforge/client/model/generators/BlockModelProvider.class
[13Aug2026 02:00:07.115] [background-scan-handler-0/DEBUG] [net.minecraftforge.fml.loading.moddiscovery.Scanner/SCAN]: Scanning Mod File: C:\Users\mattw\Documents\Git\SampleMod\.gradle\repositories\ng_dummy_ng\net\neoforged\forge\1.20.1-47.1.106\forge-1.20.1-47.1.106.jar path net/minecraft/world/level/NaturalSpawner$AfterSpawnCallback.class
[13Aug2026 02:00:07.115] [background-scan-handler-2/DEBUG] [net.minecraftforge.fml.loading.moddiscovery.Scanner/SCAN]: Scanning Mod File: / path net/minecraftforge/client/model/generators/BlockModelBuilder.class
[13Aug2026 02:00:07.116] [background-scan-handler-2/DEBUG] [net.minecraftforge.fml.loading.moddiscovery.Scanner/SCAN]: Scanning Mod File: / path net/minecraftforge/client/model/ForgeItemModelShaper.class
[13Aug2026 02:00:07.116] [background-scan-handler-2/DEBUG] [net.minecraftforge.fml.loading.moddiscovery.Scanner/SCAN]: Scanning Mod File: / path net/minecraftforge/client/model/ForgeFaceData.class
[13Aug2026 02:00:07.119] [background-scan-handler-2/DEBUG] [net.minecraftforge.fml.loading.moddiscovery.Scanner/SCAN]: Scanning Mod File: / path net/minecraftforge/client/model/ExtendedBlockModelDeserializer.class
[13Aug2026 02:00:07.119] [background-scan-handler-0/DEBUG] [net.minecraftforge.fml.loading.moddiscovery.Scanner/SCAN]: Scanning Mod File: C:\Users\mattw\Documents\Git\SampleMod\.gradle\repositories\ng_dummy_ng\net\neoforged\forge\1.20.1-47.1.106\forge-1.20.1-47.1.106.jar path net/minecraft/world/level/NaturalSpawner$1.class
[13Aug2026 02:00:07.120] [background-scan-handler-2/DEBUG] [net.minecraftforge.fml.loading.moddiscovery.Scanner/SCAN]: Scanning Mod File: / path net/minecraftforge/client/model/EmptyModel.class
[13Aug2026 02:00:07.120] [background-scan-handler-0/DEBUG] [net.minecraftforge.fml.loading.moddiscovery.Scanner/SCAN]: Scanning Mod File: C:\Users\mattw\Documents\Git\SampleMod\.gradle\repositories\ng_dummy_ng\net\neoforged\forge\1.20.1-47.1.106\forge-1.20.1-47.1.106.jar path net/minecraft/world/level/material/WaterFluid.class
[13Aug2026 02:00:07.120] [background-scan-handler-2/DEBUG] [net.minecraftforge.fml.loading.moddiscovery.Scanner/SCAN]: Scanning Mod File: / path net/minecraftforge/client/model/EmptyModel$Baked.class
[13Aug2026 02:00:07.120] [background-scan-handler-0/DEBUG] [net.minecraftforge.fml.loading.moddiscovery.Scanner/SCAN]: Scanning Mod File: C:\Users\mattw\Documents\Git\SampleMod\.gradle\repositories\ng_dummy_ng\net\neoforged\forge\1.20.1-47.1.106\forge-1.20.1-47.1.106.jar path net/minecraft/world/level/material/WaterFluid$Source.class
[13Aug2026 02:00:07.121] [background-scan-handler-0/DEBUG] [net.minecraftforge.fml.loading.moddiscovery.Scanner/SCAN]: Scanning Mod File: C:\Users\mattw\Documents\Git\SampleMod\.gradle\repositories\ng_dummy_ng\net\neoforged\forge\1.20.1-47.1.106\forge-1.20.1-47.1.106.jar path net/minecraft/world/level/material/WaterFluid$Flowing.class
[13Aug2026 02:00:07.121] [background-scan-handler-2/DEBUG] [net.minecraftforge.fml.loading.moddiscovery.Scanner/SCAN]: Scanning Mod File: / path net/minecraftforge/client/model/ElementsModel.class
[13Aug2026 02:00:07.121] [background-scan-handler-2/DEBUG] [net.minecraftforge.fml.loading.moddiscovery.Scanner/SCAN]: Scanning Mod File: / path net/minecraftforge/client/model/ElementsModel$Loader.class
[13Aug2026 02:00:07.121] [background-scan-handler-0/DEBUG] [net.minecraftforge.fml.loading.moddiscovery.Scanner/SCAN]: Scanning Mod File: C:\Users\mattw\Documents\Git\SampleMod\.gradle\repositories\ng_dummy_ng\net\neoforged\forge\1.20.1-47.1.106\forge-1.20.1-47.1.106.jar path net/minecraft/world/level/material/PushReaction.class
[13Aug2026 02:00:07.122] [background-scan-handler-2/DEBUG] [net.minecraftforge.fml.loading.moddiscovery.Scanner/SCAN]: Scanning Mod File: / path net/minecraftforge/client/model/DynamicFluidContainerModel.class
[13Aug2026 02:00:07.122] [background-scan-handler-0/DEBUG] [net.minecraftforge.fml.loading.moddiscovery.Scanner/SCAN]: Scanning Mod File: C:\Users\mattw\Documents\Git\SampleMod\.gradle\repositories\ng_dummy_ng\net\neoforged\forge\1.20.1-47.1.106\forge-1.20.1-47.1.106.jar path net/minecraft/world/level/material/package-info.class
[13Aug2026 02:00:07.123] [background-scan-handler-0/DEBUG] [net.minecraftforge.fml.loading.moddiscovery.Scanner/SCAN]: Scanning Mod File: C:\Users\mattw\Documents\Git\SampleMod\.gradle\repositories\ng_dummy_ng\net\neoforged\forge\1.20.1-47.1.106\forge-1.20.1-47.1.106.jar path net/minecraft/world/level/material/MapColor.class
[13Aug2026 02:00:07.123] [background-scan-handler-2/DEBUG] [net.minecraftforge.fml.loading.moddiscovery.Scanner/SCAN]: Scanning Mod File: / path net/minecraftforge/client/model/DynamicFluidContainerModel$Loader.class
[13Aug2026 02:00:07.124] [background-scan-handler-2/DEBUG] [net.minecraftforge.fml.loading.moddiscovery.Scanner/SCAN]: Scanning Mod File: / path net/minecraftforge/client/model/DynamicFluidContainerModel$ContainedFluidOverrideHandler.class
[13Aug2026 02:00:07.124] [background-scan-handler-0/DEBUG] [net.minecraftforge.fml.loading.moddiscovery.Scanner/SCAN]: Scanning Mod File: C:\Users\mattw\Documents\Git\SampleMod\.gradle\repositories\ng_dummy_ng\net\neoforged\forge\1.20.1-47.1.106\forge-1.20.1-47.1.106.jar path net/minecraft/world/level/material/MapColor$Brightness.class
[13Aug2026 02:00:07.125] [background-scan-handler-0/DEBUG] [net.minecraftforge.fml.loading.moddiscovery.Scanner/SCAN]: Scanning Mod File: C:\Users\mattw\Documents\Git\SampleMod\.gradle\repositories\ng_dummy_ng\net\neoforged\forge\1.20.1-47.1.106\forge-1.20.1-47.1.106.jar path net/minecraft/world/level/material/LavaFluid.class
[13Aug2026 02:00:07.126] [background-scan-handler-2/DEBUG] [net.minecraftforge.fml.loading.moddiscovery.Scanner/SCAN]: Scanning Mod File: / path net/minecraftforge/client/model/DynamicFluidContainerModel$Colors.class
[13Aug2026 02:00:07.127] [background-scan-handler-2/DEBUG] [net.minecraftforge.fml.loading.moddiscovery.Scanner/SCAN]: Scanning Mod File: / path net/minecraftforge/client/model/data/MultipartModelData.class
[13Aug2026 02:00:07.129] [background-scan-handler-2/DEBUG] [net.minecraftforge.fml.loading.moddiscovery.Scanner/SCAN]: Scanning Mod File: / path net/minecraftforge/client/model/data/MultipartModelData$Builder.class
[13Aug2026 02:00:07.129] [background-scan-handler-0/DEBUG] [net.minecraftforge.fml.loading.moddiscovery.Scanner/SCAN]: Scanning Mod File: C:\Users\mattw\Documents\Git\SampleMod\.gradle\repositories\ng_dummy_ng\net\neoforged\forge\1.20.1-47.1.106\forge-1.20.1-47.1.106.jar path net/minecraft/world/level/material/LavaFluid$Source.class
[13Aug2026 02:00:07.129] [background-scan-handler-0/DEBUG] [net.minecraftforge.fml.loading.moddiscovery.Scanner/SCAN]: Scanning Mod File: C:\Users\mattw\Documents\Git\SampleMod\.gradle\repositories\ng_dummy_ng\net\neoforged\forge\1.20.1-47.1.106\forge-1.20.1-47.1.106.jar path net/minecraft/world/level/material/LavaFluid$Flowing.class
[13Aug2026 02:00:07.130] [background-scan-handler-0/DEBUG] [net.minecraftforge.fml.loading.moddiscovery.Scanner/SCAN]: Scanning Mod File: C:\Users\mattw\Documents\Git\SampleMod\.gradle\repositories\ng_dummy_ng\net\neoforged\forge\1.20.1-47.1.106\forge-1.20.1-47.1.106.jar path net/minecraft/world/level/material/FogType.class
[13Aug2026 02:00:07.130] [background-scan-handler-0/DEBUG] [net.minecraftforge.fml.loading.moddiscovery.Scanner/SCAN]: Scanning Mod File: C:\Users\mattw\Documents\Git\SampleMod\.gradle\repositories\ng_dummy_ng\net\neoforged\forge\1.20.1-47.1.106\forge-1.20.1-47.1.106.jar path net/minecraft/world/level/material/FluidState.class
[13Aug2026 02:00:07.133] [background-scan-handler-2/DEBUG] [net.minecraftforge.fml.loading.moddiscovery.Scanner/SCAN]: Scanning Mod File: / path net/minecraftforge/client/model/data/ModelProperty.class
[13Aug2026 02:00:07.133] [background-scan-handler-0/DEBUG] [net.minecraftforge.fml.loading.moddiscovery.Scanner/SCAN]: Scanning Mod File: C:\Users\mattw\Documents\Git\SampleMod\.gradle\repositories\ng_dummy_ng\net\neoforged\forge\1.20.1-47.1.106\forge-1.20.1-47.1.106.jar path net/minecraft/world/level/material/Fluids.class
[13Aug2026 02:00:07.134] [background-scan-handler-2/DEBUG] [net.minecraftforge.fml.loading.moddiscovery.Scanner/SCAN]: Scanning Mod File: / path net/minecraftforge/client/model/data/ModelDataManager.class
[13Aug2026 02:00:07.134] [background-scan-handler-0/DEBUG] [net.minecraftforge.fml.loading.moddiscovery.Scanner/SCAN]: Scanning Mod File: C:\Users\mattw\Documents\Git\SampleMod\.gradle\repositories\ng_dummy_ng\net\neoforged\forge\1.20.1-47.1.106\forge-1.20.1-47.1.106.jar path net/minecraft/world/level/material/Fluid.class
[13Aug2026 02:00:07.135] [background-scan-handler-0/DEBUG] [net.minecraftforge.fml.loading.moddiscovery.Scanner/SCAN]: Scanning Mod File: C:\Users\mattw\Documents\Git\SampleMod\.gradle\repositories\ng_dummy_ng\net\neoforged\forge\1.20.1-47.1.106\forge-1.20.1-47.1.106.jar path net/minecraft/world/level/material/FlowingFluid.class
[13Aug2026 02:00:07.135] [background-scan-handler-2/DEBUG] [net.minecraftforge.fml.loading.moddiscovery.Scanner/SCAN]: Scanning Mod File: / path net/minecraftforge/client/model/data/ModelData.class
[13Aug2026 02:00:07.135] [background-scan-handler-2/DEBUG] [net.minecraftforge.fml.loading.moddiscovery.Scanner/SCAN]: Scanning Mod File: / path net/minecraftforge/client/model/data/ModelData$Builder.class
[13Aug2026 02:00:07.135] [background-scan-handler-2/DEBUG] [net.minecraftforge.fml.loading.moddiscovery.Scanner/SCAN]: Scanning Mod File: / path net/minecraftforge/client/model/CompositeModel.class
[13Aug2026 02:00:07.138] [background-scan-handler-2/DEBUG] [net.minecraftforge.fml.loading.moddiscovery.Scanner/SCAN]: Scanning Mod File: / path net/minecraftforge/client/model/CompositeModel$Loader.class
[13Aug2026 02:00:07.138] [background-scan-handler-0/DEBUG] [net.minecraftforge.fml.loading.moddiscovery.Scanner/SCAN]: Scanning Mod File: C:\Users\mattw\Documents\Git\SampleMod\.gradle\repositories\ng_dummy_ng\net\neoforged\forge\1.20.1-47.1.106\forge-1.20.1-47.1.106.jar path net/minecraft/world/level/material/FlowingFluid$1.class
[13Aug2026 02:00:07.140] [background-scan-handler-2/DEBUG] [net.minecraftforge.fml.loading.moddiscovery.Scanner/SCAN]: Scanning Mod File: / path net/minecraftforge/client/model/CompositeModel$Data.class
[13Aug2026 02:00:07.148] [background-scan-handler-0/DEBUG] [net.minecraftforge.fml.loading.moddiscovery.Scanner/SCAN]: Scanning Mod File: C:\Users\mattw\Documents\Git\SampleMod\.gradle\repositories\ng_dummy_ng\net\neoforged\forge\1.20.1-47.1.106\forge-1.20.1-47.1.106.jar path net/minecraft/world/level/material/EmptyFluid.class
[13Aug2026 02:00:07.149] [background-scan-handler-2/DEBUG] [net.minecraftforge.fml.loading.moddiscovery.Scanner/SCAN]: Scanning Mod File: / path net/minecraftforge/client/model/CompositeModel$Data$Builder.class
[13Aug2026 02:00:07.149] [background-scan-handler-0/DEBUG] [net.minecraftforge.fml.loading.moddiscovery.Scanner/SCAN]: Scanning Mod File: C:\Users\mattw\Documents\Git\SampleMod\.gradle\repositories\ng_dummy_ng\net\neoforged\forge\1.20.1-47.1.106\forge-1.20.1-47.1.106.jar path net/minecraft/world/level/LocalMobCapCalculator.class
[13Aug2026 02:00:07.150] [background-scan-handler-0/DEBUG] [net.minecraftforge.fml.loading.moddiscovery.Scanner/SCAN]: Scanning Mod File: C:\Users\mattw\Documents\Git\SampleMod\.gradle\repositories\ng_dummy_ng\net\neoforged\forge\1.20.1-47.1.106\forge-1.20.1-47.1.106.jar path net/minecraft/world/level/LocalMobCapCalculator$MobCounts.class
[13Aug2026 02:00:07.151] [background-scan-handler-0/DEBUG] [net.minecraftforge.fml.loading.moddiscovery.Scanner/SCAN]: Scanning Mod File: C:\Users\mattw\Documents\Git\SampleMod\.gradle\repositories\ng_dummy_ng\net\neoforged\forge\1.20.1-47.1.106\forge-1.20.1-47.1.106.jar path net/minecraft/world/level/LightLayer.class
[13Aug2026 02:00:07.152] [background-scan-handler-2/DEBUG] [net.minecraftforge.fml.loading.moddiscovery.Scanner/SCAN]: Scanning Mod File: / path net/minecraftforge/client/model/CompositeModel$Baked.class
[13Aug2026 02:00:07.153] [background-scan-handler-0/DEBUG] [net.minecraftforge.fml.loading.moddiscovery.Scanner/SCAN]: Scanning Mod File: C:\Users\mattw\Documents\Git\SampleMod\.gradle\repositories\ng_dummy_ng\net\neoforged\forge\1.20.1-47.1.106\forge-1.20.1-47.1.106.jar path net/minecraft/world/level/lighting/SpatialLongSet.class
[13Aug2026 02:00:07.157] [background-scan-handler-2/DEBUG] [net.minecraftforge.fml.loading.moddiscovery.Scanner/SCAN]: Scanning Mod File: / path net/minecraftforge/client/model/CompositeModel$Baked$Builder.class
[13Aug2026 02:00:07.157] [background-scan-handler-0/DEBUG] [net.minecraftforge.fml.loading.moddiscovery.Scanner/SCAN]: Scanning Mod File: C:\Users\mattw\Documents\Git\SampleMod\.gradle\repositories\ng_dummy_ng\net\neoforged\forge\1.20.1-47.1.106\forge-1.20.1-47.1.106.jar path net/minecraft/world/level/lighting/SpatialLongSet$InternalMap.class
[13Aug2026 02:00:07.157] [background-scan-handler-2/DEBUG] [net.minecraftforge.fml.loading.moddiscovery.Scanner/SCAN]: Scanning Mod File: / path net/minecraftforge/client/model/BakedModelWrapper.class
[13Aug2026 02:00:07.158] [background-scan-handler-0/DEBUG] [net.minecraftforge.fml.loading.moddiscovery.Scanner/SCAN]: Scanning Mod File: C:\Users\mattw\Documents\Git\SampleMod\.gradle\repositories\ng_dummy_ng\net\neoforged\forge\1.20.1-47.1.106\forge-1.20.1-47.1.106.jar path net/minecraft/world/level/lighting/SkyLightSectionStorage.class
[13Aug2026 02:00:07.158] [background-scan-handler-2/DEBUG] [net.minecraftforge.fml.loading.moddiscovery.Scanner/SCAN]: Scanning Mod File: / path net/minecraftforge/client/loading/NoVizFallback.class
[13Aug2026 02:00:07.159] [background-scan-handler-2/DEBUG] [net.minecraftforge.fml.loading.moddiscovery.Scanner/SCAN]: Scanning Mod File: / path net/minecraftforge/client/loading/ForgeLoadingOverlay.class
[13Aug2026 02:00:07.158] [background-scan-handler-0/DEBUG] [net.minecraftforge.fml.loading.moddiscovery.Scanner/SCAN]: Scanning Mod File: C:\Users\mattw\Documents\Git\SampleMod\.gradle\repositories\ng_dummy_ng\net\neoforged\forge\1.20.1-47.1.106\forge-1.20.1-47.1.106.jar path net/minecraft/world/level/lighting/SkyLightSectionStorage$SkyDataLayerStorageMap.class
[13Aug2026 02:00:07.159] [background-scan-handler-0/DEBUG] [net.minecraftforge.fml.loading.moddiscovery.Scanner/SCAN]: Scanning Mod File: C:\Users\mattw\Documents\Git\SampleMod\.gradle\repositories\ng_dummy_ng\net\neoforged\forge\1.20.1-47.1.106\forge-1.20.1-47.1.106.jar path net/minecraft/world/level/lighting/SkyLightEngine.class
[13Aug2026 02:00:07.160] [background-scan-handler-2/DEBUG] [net.minecraftforge.fml.loading.moddiscovery.Scanner/SCAN]: Scanning Mod File: / path net/minecraftforge/client/loading/ClientModLoader.class
[13Aug2026 02:00:07.160] [background-scan-handler-0/DEBUG] [net.minecraftforge.fml.loading.moddiscovery.Scanner/SCAN]: Scanning Mod File: C:\Users\mattw\Documents\Git\SampleMod\.gradle\repositories\ng_dummy_ng\net\neoforged\forge\1.20.1-47.1.106\forge-1.20.1-47.1.106.jar path net/minecraft/world/level/lighting/SkyLightEngine$1.class
[13Aug2026 02:00:07.161] [background-scan-handler-2/DEBUG] [net.minecraftforge.fml.loading.moddiscovery.Scanner/SCAN]: Scanning Mod File: / path net/minecraftforge/client/ItemDecoratorHandler.class
[13Aug2026 02:00:07.163] [background-scan-handler-0/DEBUG] [net.minecraftforge.fml.loading.moddiscovery.Scanner/SCAN]: Scanning Mod File: C:\Users\mattw\Documents\Git\SampleMod\.gradle\repositories\ng_dummy_ng\net\neoforged\forge\1.20.1-47.1.106\forge-1.20.1-47.1.106.jar path net/minecraft/world/level/lighting/package-info.class
[13Aug2026 02:00:07.163] [background-scan-handler-2/DEBUG] [net.minecraftforge.fml.loading.moddiscovery.Scanner/SCAN]: Scanning Mod File: / path net/minecraftforge/client/IItemDecorator.class
[13Aug2026 02:00:07.164] [background-scan-handler-2/DEBUG] [net.minecraftforge.fml.loading.moddiscovery.Scanner/SCAN]: Scanning Mod File: / path net/minecraftforge/client/IArmPoseTransformer.class
[13Aug2026 02:00:07.165] [background-scan-handler-0/DEBUG] [net.minecraftforge.fml.loading.moddiscovery.Scanner/SCAN]: Scanning Mod File: C:\Users\mattw\Documents\Git\SampleMod\.gradle\repositories\ng_dummy_ng\net\neoforged\forge\1.20.1-47.1.106\forge-1.20.1-47.1.106.jar path net/minecraft/world/level/lighting/LightEventListener.class
[13Aug2026 02:00:07.165] [background-scan-handler-2/DEBUG] [net.minecraftforge.fml.loading.moddiscovery.Scanner/SCAN]: Scanning Mod File: / path net/minecraftforge/client/gui/widget/UnicodeGlyphButton.class
[13Aug2026 02:00:07.165] [background-scan-handler-2/DEBUG] [net.minecraftforge.fml.loading.moddiscovery.Scanner/SCAN]: Scanning Mod File: / path net/minecraftforge/client/gui/widget/ScrollPanel.class
[13Aug2026 02:00:07.165] [background-scan-handler-0/DEBUG] [net.minecraftforge.fml.loading.moddiscovery.Scanner/SCAN]: Scanning Mod File: C:\Users\mattw\Documents\Git\SampleMod\.gradle\repositories\ng_dummy_ng\net\neoforged\forge\1.20.1-47.1.106\forge-1.20.1-47.1.106.jar path net/minecraft/world/level/lighting/LightEngine.class
[13Aug2026 02:00:07.169] [background-scan-handler-2/DEBUG] [net.minecraftforge.fml.loading.moddiscovery.Scanner/SCAN]: Scanning Mod File: / path net/minecraftforge/client/gui/widget/ModListWidget.class
[13Aug2026 02:00:07.169] [background-scan-handler-0/DEBUG] [net.minecraftforge.fml.loading.moddiscovery.Scanner/SCAN]: Scanning Mod File: C:\Users\mattw\Documents\Git\SampleMod\.gradle\repositories\ng_dummy_ng\net\neoforged\forge\1.20.1-47.1.106\forge-1.20.1-47.1.106.jar path net/minecraft/world/level/lighting/LightEngine$QueueEntry.class
[13Aug2026 02:00:07.169] [background-scan-handler-0/DEBUG] [net.minecraftforge.fml.loading.moddiscovery.Scanner/SCAN]: Scanning Mod File: C:\Users\mattw\Documents\Git\SampleMod\.gradle\repositories\ng_dummy_ng\net\neoforged\forge\1.20.1-47.1.106\forge-1.20.1-47.1.106.jar path net/minecraft/world/level/lighting/LevelLightEngine.class
[13Aug2026 02:00:07.170] [background-scan-handler-0/DEBUG] [net.minecraftforge.fml.loading.moddiscovery.Scanner/SCAN]: Scanning Mod File: C:\Users\mattw\Documents\Git\SampleMod\.gradle\repositories\ng_dummy_ng\net\neoforged\forge\1.20.1-47.1.106\forge-1.20.1-47.1.106.jar path net/minecraft/world/level/lighting/LeveledPriorityQueue.class
[13Aug2026 02:00:07.169] [background-scan-handler-2/DEBUG] [net.minecraftforge.fml.loading.moddiscovery.Scanner/SCAN]: Scanning Mod File: / path net/minecraftforge/client/gui/widget/ModListWidget$ModEntry.class
[13Aug2026 02:00:07.173] [background-scan-handler-2/DEBUG] [net.minecraftforge.fml.loading.moddiscovery.Scanner/SCAN]: Scanning Mod File: / path net/minecraftforge/client/gui/widget/ForgeSlider.class
[13Aug2026 02:00:07.171] [background-scan-handler-0/DEBUG] [net.minecraftforge.fml.loading.moddiscovery.Scanner/SCAN]: Scanning Mod File: C:\Users\mattw\Documents\Git\SampleMod\.gradle\repositories\ng_dummy_ng\net\neoforged\forge\1.20.1-47.1.106\forge-1.20.1-47.1.106.jar path net/minecraft/world/level/lighting/LeveledPriorityQueue$1.class
[13Aug2026 02:00:07.173] [background-scan-handler-2/DEBUG] [net.minecraftforge.fml.loading.moddiscovery.Scanner/SCAN]: Scanning Mod File: / path net/minecraftforge/client/gui/widget/ExtendedButton.class
[13Aug2026 02:00:07.174] [background-scan-handler-0/DEBUG] [net.minecraftforge.fml.loading.moddiscovery.Scanner/SCAN]: Scanning Mod File: C:\Users\mattw\Documents\Git\SampleMod\.gradle\repositories\ng_dummy_ng\net\neoforged\forge\1.20.1-47.1.106\forge-1.20.1-47.1.106.jar path net/minecraft/world/level/lighting/LayerLightSectionStorage.class
[13Aug2026 02:00:07.176] [background-scan-handler-0/DEBUG] [net.minecraftforge.fml.loading.moddiscovery.Scanner/SCAN]: Scanning Mod File: C:\Users\mattw\Documents\Git\SampleMod\.gradle\repositories\ng_dummy_ng\net\neoforged\forge\1.20.1-47.1.106\forge-1.20.1-47.1.106.jar path net/minecraft/world/level/lighting/LayerLightSectionStorage$SectionType.class
[13Aug2026 02:00:07.178] [background-scan-handler-0/DEBUG] [net.minecraftforge.fml.loading.moddiscovery.Scanner/SCAN]: Scanning Mod File: C:\Users\mattw\Documents\Git\SampleMod\.gradle\repositories\ng_dummy_ng\net\neoforged\forge\1.20.1-47.1.106\forge-1.20.1-47.1.106.jar path net/minecraft/world/level/lighting/LayerLightSectionStorage$SectionState.class
[13Aug2026 02:00:07.179] [background-scan-handler-0/DEBUG] [net.minecraftforge.fml.loading.moddiscovery.Scanner/SCAN]: Scanning Mod File: C:\Users\mattw\Documents\Git\SampleMod\.gradle\repositories\ng_dummy_ng\net\neoforged\forge\1.20.1-47.1.106\forge-1.20.1-47.1.106.jar path net/minecraft/world/level/lighting/LayerLightEventListener.class
[13Aug2026 02:00:07.179] [background-scan-handler-0/DEBUG] [net.minecraftforge.fml.loading.moddiscovery.Scanner/SCAN]: Scanning Mod File: C:\Users\mattw\Documents\Git\SampleMod\.gradle\repositories\ng_dummy_ng\net\neoforged\forge\1.20.1-47.1.106\forge-1.20.1-47.1.106.jar path net/minecraft/world/level/lighting/LayerLightEventListener$DummyLightLayerEventListener.class
[13Aug2026 02:00:07.179] [background-scan-handler-2/DEBUG] [net.minecraftforge.fml.loading.moddiscovery.Scanner/SCAN]: Scanning Mod File: / path net/minecraftforge/client/gui/TitleScreenModUpdateIndicator.class
[13Aug2026 02:00:07.180] [background-scan-handler-0/DEBUG] [net.minecraftforge.fml.loading.moddiscovery.Scanner/SCAN]: Scanning Mod File: C:\Users\mattw\Documents\Git\SampleMod\.gradle\repositories\ng_dummy_ng\net\neoforged\forge\1.20.1-47.1.106\forge-1.20.1-47.1.106.jar path net/minecraft/world/level/lighting/DynamicGraphMinFixedPoint.class
[13Aug2026 02:00:07.180] [background-scan-handler-2/DEBUG] [net.minecraftforge.fml.loading.moddiscovery.Scanner/SCAN]: Scanning Mod File: / path net/minecraftforge/client/gui/ScreenUtils.class
[13Aug2026 02:00:07.181] [background-scan-handler-2/DEBUG] [net.minecraftforge.fml.loading.moddiscovery.Scanner/SCAN]: Scanning Mod File: / path net/minecraftforge/client/gui/overlay/VanillaGuiOverlay.class
[13Aug2026 02:00:07.184] [background-scan-handler-2/DEBUG] [net.minecraftforge.fml.loading.moddiscovery.Scanner/SCAN]: Scanning Mod File: / path net/minecraftforge/client/gui/overlay/NamedGuiOverlay.class
[13Aug2026 02:00:07.184] [background-scan-handler-0/DEBUG] [net.minecraftforge.fml.loading.moddiscovery.Scanner/SCAN]: Scanning Mod File: C:\Users\mattw\Documents\Git\SampleMod\.gradle\repositories\ng_dummy_ng\net\neoforged\forge\1.20.1-47.1.106\forge-1.20.1-47.1.106.jar path net/minecraft/world/level/lighting/DynamicGraphMinFixedPoint$1.class
[13Aug2026 02:00:07.187] [background-scan-handler-0/DEBUG] [net.minecraftforge.fml.loading.moddiscovery.Scanner/SCAN]: Scanning Mod File: C:\Users\mattw\Documents\Git\SampleMod\.gradle\repositories\ng_dummy_ng\net\neoforged\forge\1.20.1-47.1.106\forge-1.20.1-47.1.106.jar path net/minecraft/world/level/lighting/DataLayerStorageMap.class
[13Aug2026 02:00:07.189] [background-scan-handler-2/DEBUG] [net.minecraftforge.fml.loading.moddiscovery.Scanner/SCAN]: Scanning Mod File: / path net/minecraftforge/client/gui/overlay/IGuiOverlay.class
[13Aug2026 02:00:07.189] [background-scan-handler-0/DEBUG] [net.minecraftforge.fml.loading.moddiscovery.Scanner/SCAN]: Scanning Mod File: C:\Users\mattw\Documents\Git\SampleMod\.gradle\repositories\ng_dummy_ng\net\neoforged\forge\1.20.1-47.1.106\forge-1.20.1-47.1.106.jar path net/minecraft/world/level/lighting/ChunkSkyLightSources.class
[13Aug2026 02:00:07.189] [background-scan-handler-2/DEBUG] [net.minecraftforge.fml.loading.moddiscovery.Scanner/SCAN]: Scanning Mod File: / path net/minecraftforge/client/gui/overlay/GuiOverlayManager.class
[13Aug2026 02:00:07.190] [background-scan-handler-0/DEBUG] [net.minecraftforge.fml.loading.moddiscovery.Scanner/SCAN]: Scanning Mod File: C:\Users\mattw\Documents\Git\SampleMod\.gradle\repositories\ng_dummy_ng\net\neoforged\forge\1.20.1-47.1.106\forge-1.20.1-47.1.106.jar path net/minecraft/world/level/lighting/BlockLightSectionStorage.class
[13Aug2026 02:00:07.191] [background-scan-handler-2/DEBUG] [net.minecraftforge.fml.loading.moddiscovery.Scanner/SCAN]: Scanning Mod File: / path net/minecraftforge/client/gui/overlay/ForgeGui.class
[13Aug2026 02:00:07.196] [background-scan-handler-0/DEBUG] [net.minecraftforge.fml.loading.moddiscovery.Scanner/SCAN]: Scanning Mod File: C:\Users\mattw\Documents\Git\SampleMod\.gradle\repositories\ng_dummy_ng\net\neoforged\forge\1.20.1-47.1.106\forge-1.20.1-47.1.106.jar path net/minecraft/world/level/lighting/BlockLightSectionStorage$BlockDataLayerStorageMap.class
[13Aug2026 02:00:07.197] [background-scan-handler-0/DEBUG] [net.minecraftforge.fml.loading.moddiscovery.Scanner/SCAN]: Scanning Mod File: C:\Users\mattw\Documents\Git\SampleMod\.gradle\repositories\ng_dummy_ng\net\neoforged\forge\1.20.1-47.1.106\forge-1.20.1-47.1.106.jar path net/minecraft/world/level/lighting/BlockLightEngine.class
[13Aug2026 02:00:07.197] [background-scan-handler-2/DEBUG] [net.minecraftforge.fml.loading.moddiscovery.Scanner/SCAN]: Scanning Mod File: / path net/minecraftforge/client/gui/overlay/ForgeGui$ForgeDebugScreenOverlay.class
[13Aug2026 02:00:07.197] [background-scan-handler-0/DEBUG] [net.minecraftforge.fml.loading.moddiscovery.Scanner/SCAN]: Scanning Mod File: C:\Users\mattw\Documents\Git\SampleMod\.gradle\repositories\ng_dummy_ng\net\neoforged\forge\1.20.1-47.1.106\forge-1.20.1-47.1.106.jar path net/minecraft/world/level/LevelWriter.class
[13Aug2026 02:00:07.198] [background-scan-handler-2/DEBUG] [net.minecraftforge.fml.loading.moddiscovery.Scanner/SCAN]: Scanning Mod File: / path net/minecraftforge/client/gui/ModMismatchDisconnectedScreen.class
[13Aug2026 02:00:07.198] [background-scan-handler-0/DEBUG] [net.minecraftforge.fml.loading.moddiscovery.Scanner/SCAN]: Scanning Mod File: C:\Users\mattw\Documents\Git\SampleMod\.gradle\repositories\ng_dummy_ng\net\neoforged\forge\1.20.1-47.1.106\forge-1.20.1-47.1.106.jar path net/minecraft/world/level/LevelTimeAccess.class
[13Aug2026 02:00:07.198] [background-scan-handler-0/DEBUG] [net.minecraftforge.fml.loading.moddiscovery.Scanner/SCAN]: Scanning Mod File: C:\Users\mattw\Documents\Git\SampleMod\.gradle\repositories\ng_dummy_ng\net\neoforged\forge\1.20.1-47.1.106\forge-1.20.1-47.1.106.jar path net/minecraft/world/level/LevelSimulatedRW.class
[13Aug2026 02:00:07.199] [background-scan-handler-2/DEBUG] [net.minecraftforge.fml.loading.moddiscovery.Scanner/SCAN]: Scanning Mod File: / path net/minecraftforge/client/gui/ModMismatchDisconnectedScreen$MismatchInfoPanel.class
[13Aug2026 02:00:07.199] [background-scan-handler-0/DEBUG] [net.minecraftforge.fml.loading.moddiscovery.Scanner/SCAN]: Scanning Mod File: C:\Users\mattw\Documents\Git\SampleMod\.gradle\repositories\ng_dummy_ng\net\neoforged\forge\1.20.1-47.1.106\forge-1.20.1-47.1.106.jar path net/minecraft/world/level/LevelSimulatedReader.class
[13Aug2026 02:00:07.199] [background-scan-handler-2/DEBUG] [net.minecraftforge.fml.loading.moddiscovery.Scanner/SCAN]: Scanning Mod File: / path net/minecraftforge/client/gui/ModListScreen.class
[13Aug2026 02:00:07.200] [background-scan-handler-0/DEBUG] [net.minecraftforge.fml.loading.moddiscovery.Scanner/SCAN]: Scanning Mod File: C:\Users\mattw\Documents\Git\SampleMod\.gradle\repositories\ng_dummy_ng\net\neoforged\forge\1.20.1-47.1.106\forge-1.20.1-47.1.106.jar path net/minecraft/world/level/LevelSettings.class
[13Aug2026 02:00:07.200] [background-scan-handler-0/DEBUG] [net.minecraftforge.fml.loading.moddiscovery.Scanner/SCAN]: Scanning Mod File: C:\Users\mattw\Documents\Git\SampleMod\.gradle\repositories\ng_dummy_ng\net\neoforged\forge\1.20.1-47.1.106\forge-1.20.1-47.1.106.jar path net/minecraft/world/level/LevelReader.class
[13Aug2026 02:00:07.201] [background-scan-handler-2/DEBUG] [net.minecraftforge.fml.loading.moddiscovery.Scanner/SCAN]: Scanning Mod File: / path net/minecraftforge/client/gui/ModListScreen$SortType.class
[13Aug2026 02:00:07.202] [background-scan-handler-0/DEBUG] [net.minecraftforge.fml.loading.moddiscovery.Scanner/SCAN]: Scanning Mod File: C:\Users\mattw\Documents\Git\SampleMod\.gradle\repositories\ng_dummy_ng\net\neoforged\forge\1.20.1-47.1.106\forge-1.20.1-47.1.106.jar path net/minecraft/world/level/LevelHeightAccessor.class
[13Aug2026 02:00:07.202] [background-scan-handler-2/DEBUG] [net.minecraftforge.fml.loading.moddiscovery.Scanner/SCAN]: Scanning Mod File: / path net/minecraftforge/client/gui/ModListScreen$SortType$2.class
[13Aug2026 02:00:07.203] [background-scan-handler-2/DEBUG] [net.minecraftforge.fml.loading.moddiscovery.Scanner/SCAN]: Scanning Mod File: / path net/minecraftforge/client/gui/ModListScreen$SortType$1.class
[13Aug2026 02:00:07.204] [background-scan-handler-0/DEBUG] [net.minecraftforge.fml.loading.moddiscovery.Scanner/SCAN]: Scanning Mod File: C:\Users\mattw\Documents\Git\SampleMod\.gradle\repositories\ng_dummy_ng\net\neoforged\forge\1.20.1-47.1.106\forge-1.20.1-47.1.106.jar path net/minecraft/world/level/LevelHeightAccessor$1.class
[13Aug2026 02:00:07.205] [background-scan-handler-2/DEBUG] [net.minecraftforge.fml.loading.moddiscovery.Scanner/SCAN]: Scanning Mod File: / path net/minecraftforge/client/gui/ModListScreen$InfoPanel.class
[13Aug2026 02:00:07.210] [background-scan-handler-2/DEBUG] [net.minecraftforge.fml.loading.moddiscovery.Scanner/SCAN]: Scanning Mod File: / path net/minecraftforge/client/gui/ModListScreen$1.class
[13Aug2026 02:00:07.210] [background-scan-handler-2/DEBUG] [net.minecraftforge.fml.loading.moddiscovery.Scanner/SCAN]: Scanning Mod File: / path net/minecraftforge/client/gui/LoadingErrorScreen.class
[13Aug2026 02:00:07.214] [background-scan-handler-0/DEBUG] [net.minecraftforge.fml.loading.moddiscovery.Scanner/SCAN]: Scanning Mod File: C:\Users\mattw\Documents\Git\SampleMod\.gradle\repositories\ng_dummy_ng\net\neoforged\forge\1.20.1-47.1.106\forge-1.20.1-47.1.106.jar path net/minecraft/world/level/levelgen/XoroshiroRandomSource.class
[13Aug2026 02:00:07.215] [background-scan-handler-0/DEBUG] [net.minecraftforge.fml.loading.moddiscovery.Scanner/SCAN]: Scanning Mod File: C:\Users\mattw\Documents\Git\SampleMod\.gradle\repositories\ng_dummy_ng\net\neoforged\forge\1.20.1-47.1.106\forge-1.20.1-47.1.106.jar path net/minecraft/world/level/levelgen/XoroshiroRandomSource$XoroshiroPositionalRandomFactory.class
[13Aug2026 02:00:07.217] [background-scan-handler-0/DEBUG] [net.minecraftforge.fml.loading.moddiscovery.Scanner/SCAN]: Scanning Mod File: C:\Users\mattw\Documents\Git\SampleMod\.gradle\repositories\ng_dummy_ng\net\neoforged\forge\1.20.1-47.1.106\forge-1.20.1-47.1.106.jar path net/minecraft/world/level/levelgen/Xoroshiro128PlusPlus.class
[13Aug2026 02:00:07.217] [background-scan-handler-2/DEBUG] [net.minecraftforge.fml.loading.moddiscovery.Scanner/SCAN]: Scanning Mod File: / path net/minecraftforge/client/gui/LoadingErrorScreen$LoadingEntryList.class
[13Aug2026 02:00:07.217] [background-scan-handler-2/DEBUG] [net.minecraftforge.fml.loading.moddiscovery.Scanner/SCAN]: Scanning Mod File: / path net/minecraftforge/client/gui/LoadingErrorScreen$LoadingEntryList$LoadingMessageEntry.class
[13Aug2026 02:00:07.217] [background-scan-handler-0/DEBUG] [net.minecraftforge.fml.loading.moddiscovery.Scanner/SCAN]: Scanning Mod File: C:\Users\mattw\Documents\Git\SampleMod\.gradle\repositories\ng_dummy_ng\net\neoforged\forge\1.20.1-47.1.106\forge-1.20.1-47.1.106.jar path net/minecraft/world/level/levelgen/WorldOptions.class
[13Aug2026 02:00:07.218] [background-scan-handler-2/DEBUG] [net.minecraftforge.fml.loading.moddiscovery.Scanner/SCAN]: Scanning Mod File: / path net/minecraftforge/client/gui/CreativeTabsScreenPage.class
[13Aug2026 02:00:07.218] [background-scan-handler-0/DEBUG] [net.minecraftforge.fml.loading.moddiscovery.Scanner/SCAN]: Scanning Mod File: C:\Users\mattw\Documents\Git\SampleMod\.gradle\repositories\ng_dummy_ng\net\neoforged\forge\1.20.1-47.1.106\forge-1.20.1-47.1.106.jar path net/minecraft/world/level/levelgen/WorldGenSettings.class
[13Aug2026 02:00:07.218] [background-scan-handler-2/DEBUG] [net.minecraftforge.fml.loading.moddiscovery.Scanner/SCAN]: Scanning Mod File: / path net/minecraftforge/client/gui/ClientTooltipComponentManager.class
[13Aug2026 02:00:07.218] [background-scan-handler-0/DEBUG] [net.minecraftforge.fml.loading.moddiscovery.Scanner/SCAN]: Scanning Mod File: C:\Users\mattw\Documents\Git\SampleMod\.gradle\repositories\ng_dummy_ng\net\neoforged\forge\1.20.1-47.1.106\forge-1.20.1-47.1.106.jar path net/minecraft/world/level/levelgen/WorldgenRandom.class
[13Aug2026 02:00:07.218] [background-scan-handler-2/DEBUG] [net.minecraftforge.fml.loading.moddiscovery.Scanner/SCAN]: Scanning Mod File: / path net/minecraftforge/client/ForgeRenderTypes.class
[13Aug2026 02:00:07.219] [background-scan-handler-0/DEBUG] [net.minecraftforge.fml.loading.moddiscovery.Scanner/SCAN]: Scanning Mod File: C:\Users\mattw\Documents\Git\SampleMod\.gradle\repositories\ng_dummy_ng\net\neoforged\forge\1.20.1-47.1.106\forge-1.20.1-47.1.106.jar path net/minecraft/world/level/levelgen/WorldgenRandom$Algorithm.class
[13Aug2026 02:00:07.219] [background-scan-handler-2/DEBUG] [net.minecraftforge.fml.loading.moddiscovery.Scanner/SCAN]: Scanning Mod File: / path net/minecraftforge/client/ForgeRenderTypes$Internal.class
[13Aug2026 02:00:07.219] [background-scan-handler-2/DEBUG] [net.minecraftforge.fml.loading.moddiscovery.Scanner/SCAN]: Scanning Mod File: / path net/minecraftforge/client/ForgeRenderTypes$CustomizableTextureState.class
[13Aug2026 02:00:07.219] [background-scan-handler-0/DEBUG] [net.minecraftforge.fml.loading.moddiscovery.Scanner/SCAN]: Scanning Mod File: C:\Users\mattw\Documents\Git\SampleMod\.gradle\repositories\ng_dummy_ng\net\neoforged\forge\1.20.1-47.1.106\forge-1.20.1-47.1.106.jar path net/minecraft/world/level/levelgen/WorldGenerationContext.class
[13Aug2026 02:00:07.220] [background-scan-handler-2/DEBUG] [net.minecraftforge.fml.loading.moddiscovery.Scanner/SCAN]: Scanning Mod File: / path net/minecraftforge/client/ForgeHooksClient.class
[13Aug2026 02:00:07.220] [main/DEBUG] [net.minecraftforge.coremod.CoreModEngine/COREMOD]: CoreMod loaded successfully
[13Aug2026 02:00:07.220] [main/DEBUG] [net.minecraftforge.coremod.CoreModEngine/COREMOD]: Loading CoreMod from coremods/field_to_instanceof.js
[13Aug2026 02:00:07.221] [background-scan-handler-0/DEBUG] [net.minecraftforge.fml.loading.moddiscovery.Scanner/SCAN]: Scanning Mod File: C:\Users\mattw\Documents\Git\SampleMod\.gradle\repositories\ng_dummy_ng\net\neoforged\forge\1.20.1-47.1.106\forge-1.20.1-47.1.106.jar path net/minecraft/world/level/levelgen/WorldDimensions.class
[13Aug2026 02:00:07.225] [background-scan-handler-0/DEBUG] [net.minecraftforge.fml.loading.moddiscovery.Scanner/SCAN]: Scanning Mod File: C:\Users\mattw\Documents\Git\SampleMod\.gradle\repositories\ng_dummy_ng\net\neoforged\forge\1.20.1-47.1.106\forge-1.20.1-47.1.106.jar path net/minecraft/world/level/levelgen/WorldDimensions$Complete.class
[13Aug2026 02:00:07.228] [background-scan-handler-0/DEBUG] [net.minecraftforge.fml.loading.moddiscovery.Scanner/SCAN]: Scanning Mod File: C:\Users\mattw\Documents\Git\SampleMod\.gradle\repositories\ng_dummy_ng\net\neoforged\forge\1.20.1-47.1.106\forge-1.20.1-47.1.106.jar path net/minecraft/world/level/levelgen/WorldDimensions$1Entry.class
[13Aug2026 02:00:07.229] [background-scan-handler-0/DEBUG] [net.minecraftforge.fml.loading.moddiscovery.Scanner/SCAN]: Scanning Mod File: C:\Users\mattw\Documents\Git\SampleMod\.gradle\repositories\ng_dummy_ng\net\neoforged\forge\1.20.1-47.1.106\forge-1.20.1-47.1.106.jar path net/minecraft/world/level/levelgen/VerticalAnchor.class
[13Aug2026 02:00:07.230] [background-scan-handler-0/DEBUG] [net.minecraftforge.fml.loading.moddiscovery.Scanner/SCAN]: Scanning Mod File: C:\Users\mattw\Documents\Git\SampleMod\.gradle\repositories\ng_dummy_ng\net\neoforged\forge\1.20.1-47.1.106\forge-1.20.1-47.1.106.jar path net/minecraft/world/level/levelgen/VerticalAnchor$BelowTop.class
[13Aug2026 02:00:07.235] [background-scan-handler-0/DEBUG] [net.minecraftforge.fml.loading.moddiscovery.Scanner/SCAN]: Scanning Mod File: C:\Users\mattw\Documents\Git\SampleMod\.gradle\repositories\ng_dummy_ng\net\neoforged\forge\1.20.1-47.1.106\forge-1.20.1-47.1.106.jar path net/minecraft/world/level/levelgen/VerticalAnchor$Absolute.class
[13Aug2026 02:00:07.235] [background-scan-handler-2/DEBUG] [net.minecraftforge.fml.loading.moddiscovery.Scanner/SCAN]: Scanning Mod File: / path net/minecraftforge/client/ForgeHooksClient$ClientEvents.class
[13Aug2026 02:00:07.236] [background-scan-handler-2/DEBUG] [net.minecraftforge.fml.loading.moddiscovery.Scanner/SCAN]: Scanning Mod File: / path net/minecraftforge/client/ForgeHooksClient$1.class
[13Aug2026 02:00:07.237] [background-scan-handler-0/DEBUG] [net.minecraftforge.fml.loading.moddiscovery.Scanner/SCAN]: Scanning Mod File: C:\Users\mattw\Documents\Git\SampleMod\.gradle\repositories\ng_dummy_ng\net\neoforged\forge\1.20.1-47.1.106\forge-1.20.1-47.1.106.jar path net/minecraft/world/level/levelgen/VerticalAnchor$AboveBottom.class
[13Aug2026 02:00:07.237] [background-scan-handler-2/DEBUG] [net.minecraftforge.fml.loading.moddiscovery.Scanner/SCAN]: Scanning Mod File: / path net/minecraftforge/client/FireworkShapeFactoryRegistry.class
[13Aug2026 02:00:07.238] [background-scan-handler-2/DEBUG] [net.minecraftforge.fml.loading.moddiscovery.Scanner/SCAN]: Scanning Mod File: / path net/minecraftforge/client/FireworkShapeFactoryRegistry$Factory.class
[13Aug2026 02:00:07.237] [background-scan-handler-0/DEBUG] [net.minecraftforge.fml.loading.moddiscovery.Scanner/SCAN]: Scanning Mod File: C:\Users\mattw\Documents\Git\SampleMod\.gradle\repositories\ng_dummy_ng\net\neoforged\forge\1.20.1-47.1.106\forge-1.20.1-47.1.106.jar path net/minecraft/world/level/levelgen/ThreadSafeLegacyRandomSource.class
[13Aug2026 02:00:07.239] [background-scan-handler-2/DEBUG] [net.minecraftforge.fml.loading.moddiscovery.Scanner/SCAN]: Scanning Mod File: / path net/minecraftforge/client/extensions/package-info.class
[13Aug2026 02:00:07.239] [background-scan-handler-2/DEBUG] [net.minecraftforge.fml.loading.moddiscovery.Scanner/SCAN]: Scanning Mod File: / path net/minecraftforge/client/extensions/IForgeVertexConsumer.class
[13Aug2026 02:00:07.239] [background-scan-handler-2/DEBUG] [net.minecraftforge.fml.loading.moddiscovery.Scanner/SCAN]: Scanning Mod File: / path net/minecraftforge/client/extensions/IForgePoseStack.class
[13Aug2026 02:00:07.239] [background-scan-handler-2/DEBUG] [net.minecraftforge.fml.loading.moddiscovery.Scanner/SCAN]: Scanning Mod File: / path net/minecraftforge/client/extensions/IForgeModelBaker.class
[13Aug2026 02:00:07.239] [background-scan-handler-2/DEBUG] [net.minecraftforge.fml.loading.moddiscovery.Scanner/SCAN]: Scanning Mod File: / path net/minecraftforge/client/extensions/IForgeMinecraft.class
[13Aug2026 02:00:07.239] [background-scan-handler-0/DEBUG] [net.minecraftforge.fml.loading.moddiscovery.Scanner/SCAN]: Scanning Mod File: C:\Users\mattw\Documents\Git\SampleMod\.gradle\repositories\ng_dummy_ng\net\neoforged\forge\1.20.1-47.1.106\forge-1.20.1-47.1.106.jar path net/minecraft/world/level/levelgen/synth/SimplexNoise.class
[13Aug2026 02:00:07.240] [background-scan-handler-2/DEBUG] [net.minecraftforge.fml.loading.moddiscovery.Scanner/SCAN]: Scanning Mod File: / path net/minecraftforge/client/extensions/IForgeKeyMapping.class
[13Aug2026 02:00:07.241] [background-scan-handler-0/DEBUG] [net.minecraftforge.fml.loading.moddiscovery.Scanner/SCAN]: Scanning Mod File: C:\Users\mattw\Documents\Git\SampleMod\.gradle\repositories\ng_dummy_ng\net\neoforged\forge\1.20.1-47.1.106\forge-1.20.1-47.1.106.jar path net/minecraft/world/level/levelgen/synth/PerlinSimplexNoise.class
[13Aug2026 02:00:07.241] [background-scan-handler-2/DEBUG] [net.minecraftforge.fml.loading.moddiscovery.Scanner/SCAN]: Scanning Mod File: / path net/minecraftforge/client/extensions/IForgeGuiGraphics.class
[13Aug2026 02:00:07.244] [background-scan-handler-2/DEBUG] [net.minecraftforge.fml.loading.moddiscovery.Scanner/SCAN]: Scanning Mod File: / path net/minecraftforge/client/extensions/IForgeFont.class
[13Aug2026 02:00:07.246] [background-scan-handler-0/DEBUG] [net.minecraftforge.fml.loading.moddiscovery.Scanner/SCAN]: Scanning Mod File: C:\Users\mattw\Documents\Git\SampleMod\.gradle\repositories\ng_dummy_ng\net\neoforged\forge\1.20.1-47.1.106\forge-1.20.1-47.1.106.jar path net/minecraft/world/level/levelgen/synth/PerlinNoise.class
[13Aug2026 02:00:07.247] [background-scan-handler-0/DEBUG] [net.minecraftforge.fml.loading.moddiscovery.Scanner/SCAN]: Scanning Mod File: C:\Users\mattw\Documents\Git\SampleMod\.gradle\repositories\ng_dummy_ng\net\neoforged\forge\1.20.1-47.1.106\forge-1.20.1-47.1.106.jar path net/minecraft/world/level/levelgen/synth/package-info.class
[13Aug2026 02:00:07.248] [background-scan-handler-2/DEBUG] [net.minecraftforge.fml.loading.moddiscovery.Scanner/SCAN]: Scanning Mod File: / path net/minecraftforge/client/extensions/IForgeDimensionSpecialEffects.class
[13Aug2026 02:00:07.248] [background-scan-handler-0/DEBUG] [net.minecraftforge.fml.loading.moddiscovery.Scanner/SCAN]: Scanning Mod File: C:\Users\mattw\Documents\Git\SampleMod\.gradle\repositories\ng_dummy_ng\net\neoforged\forge\1.20.1-47.1.106\forge-1.20.1-47.1.106.jar path net/minecraft/world/level/levelgen/synth/NormalNoise.class
[13Aug2026 02:00:07.248] [background-scan-handler-2/DEBUG] [net.minecraftforge.fml.loading.moddiscovery.Scanner/SCAN]: Scanning Mod File: / path net/minecraftforge/client/extensions/IForgeBlockAndTintGetter.class
[13Aug2026 02:00:07.251] [background-scan-handler-2/DEBUG] [net.minecraftforge.fml.loading.moddiscovery.Scanner/SCAN]: Scanning Mod File: / path net/minecraftforge/client/extensions/IForgeBakedModel.class
[13Aug2026 02:00:07.252] [background-scan-handler-0/DEBUG] [net.minecraftforge.fml.loading.moddiscovery.Scanner/SCAN]: Scanning Mod File: C:\Users\mattw\Documents\Git\SampleMod\.gradle\repositories\ng_dummy_ng\net\neoforged\forge\1.20.1-47.1.106\forge-1.20.1-47.1.106.jar path net/minecraft/world/level/levelgen/synth/NormalNoise$NoiseParameters.class
[13Aug2026 02:00:07.252] [background-scan-handler-2/DEBUG] [net.minecraftforge.fml.loading.moddiscovery.Scanner/SCAN]: Scanning Mod File: / path net/minecraftforge/client/extensions/IAbstractWidgetExtension.class
[13Aug2026 02:00:07.253] [background-scan-handler-2/DEBUG] [net.minecraftforge.fml.loading.moddiscovery.Scanner/SCAN]: Scanning Mod File: / path net/minecraftforge/client/extensions/common/IClientMobEffectExtensions.class
[13Aug2026 02:00:07.253] [background-scan-handler-0/DEBUG] [net.minecraftforge.fml.loading.moddiscovery.Scanner/SCAN]: Scanning Mod File: C:\Users\mattw\Documents\Git\SampleMod\.gradle\repositories\ng_dummy_ng\net\neoforged\forge\1.20.1-47.1.106\forge-1.20.1-47.1.106.jar path net/minecraft/world/level/levelgen/synth/NoiseUtils.class
[13Aug2026 02:00:07.255] [background-scan-handler-0/DEBUG] [net.minecraftforge.fml.loading.moddiscovery.Scanner/SCAN]: Scanning Mod File: C:\Users\mattw\Documents\Git\SampleMod\.gradle\repositories\ng_dummy_ng\net\neoforged\forge\1.20.1-47.1.106\forge-1.20.1-47.1.106.jar path net/minecraft/world/level/levelgen/synth/ImprovedNoise.class
[13Aug2026 02:00:07.256] [background-scan-handler-0/DEBUG] [net.minecraftforge.fml.loading.moddiscovery.Scanner/SCAN]: Scanning Mod File: C:\Users\mattw\Documents\Git\SampleMod\.gradle\repositories\ng_dummy_ng\net\neoforged\forge\1.20.1-47.1.106\forge-1.20.1-47.1.106.jar path net/minecraft/world/level/levelgen/synth/BlendedNoise.class
[13Aug2026 02:00:07.258] [background-scan-handler-2/DEBUG] [net.minecraftforge.fml.loading.moddiscovery.Scanner/SCAN]: Scanning Mod File: / path net/minecraftforge/client/extensions/common/IClientMobEffectExtensions$1.class
[13Aug2026 02:00:07.259] [background-scan-handler-0/DEBUG] [net.minecraftforge.fml.loading.moddiscovery.Scanner/SCAN]: Scanning Mod File: C:\Users\mattw\Documents\Git\SampleMod\.gradle\repositories\ng_dummy_ng\net\neoforged\forge\1.20.1-47.1.106\forge-1.20.1-47.1.106.jar path net/minecraft/world/level/levelgen/SurfaceSystem.class
[13Aug2026 02:00:07.259] [background-scan-handler-2/DEBUG] [net.minecraftforge.fml.loading.moddiscovery.Scanner/SCAN]: Scanning Mod File: / path net/minecraftforge/client/extensions/common/IClientItemExtensions.class
[13Aug2026 02:00:07.260] [background-scan-handler-2/DEBUG] [net.minecraftforge.fml.loading.moddiscovery.Scanner/SCAN]: Scanning Mod File: / path net/minecraftforge/client/extensions/common/IClientItemExtensions$FontContext.class
[13Aug2026 02:00:07.261] [background-scan-handler-0/DEBUG] [net.minecraftforge.fml.loading.moddiscovery.Scanner/SCAN]: Scanning Mod File: C:\Users\mattw\Documents\Git\SampleMod\.gradle\repositories\ng_dummy_ng\net\neoforged\forge\1.20.1-47.1.106\forge-1.20.1-47.1.106.jar path net/minecraft/world/level/levelgen/SurfaceSystem$1.class
[13Aug2026 02:00:07.262] [background-scan-handler-0/DEBUG] [net.minecraftforge.fml.loading.moddiscovery.Scanner/SCAN]: Scanning Mod File: C:\Users\mattw\Documents\Git\SampleMod\.gradle\repositories\ng_dummy_ng\net\neoforged\forge\1.20.1-47.1.106\forge-1.20.1-47.1.106.jar path net/minecraft/world/level/levelgen/SurfaceRules.class
[13Aug2026 02:00:07.263] [background-scan-handler-2/DEBUG] [net.minecraftforge.fml.loading.moddiscovery.Scanner/SCAN]: Scanning Mod File: / path net/minecraftforge/client/extensions/common/IClientItemExtensions$1.class
[13Aug2026 02:00:07.264] [background-scan-handler-0/DEBUG] [net.minecraftforge.fml.loading.moddiscovery.Scanner/SCAN]: Scanning Mod File: C:\Users\mattw\Documents\Git\SampleMod\.gradle\repositories\ng_dummy_ng\net\neoforged\forge\1.20.1-47.1.106\forge-1.20.1-47.1.106.jar path net/minecraft/world/level/levelgen/SurfaceRules$YConditionSource.class
[13Aug2026 02:00:07.265] [background-scan-handler-2/DEBUG] [net.minecraftforge.fml.loading.moddiscovery.Scanner/SCAN]: Scanning Mod File: / path net/minecraftforge/client/extensions/common/IClientFluidTypeExtensions.class
[13Aug2026 02:00:07.265] [background-scan-handler-2/DEBUG] [net.minecraftforge.fml.loading.moddiscovery.Scanner/SCAN]: Scanning Mod File: / path net/minecraftforge/client/extensions/common/IClientFluidTypeExtensions$1.class
[13Aug2026 02:00:07.265] [background-scan-handler-2/DEBUG] [net.minecraftforge.fml.loading.moddiscovery.Scanner/SCAN]: Scanning Mod File: / path net/minecraftforge/client/extensions/common/IClientBlockExtensions.class
[13Aug2026 02:00:07.265] [background-scan-handler-0/DEBUG] [net.minecraftforge.fml.loading.moddiscovery.Scanner/SCAN]: Scanning Mod File: C:\Users\mattw\Documents\Git\SampleMod\.gradle\repositories\ng_dummy_ng\net\neoforged\forge\1.20.1-47.1.106\forge-1.20.1-47.1.106.jar path net/minecraft/world/level/levelgen/SurfaceRules$YConditionSource$1YCondition.class
[13Aug2026 02:00:07.267] [background-scan-handler-2/DEBUG] [net.minecraftforge.fml.loading.moddiscovery.Scanner/SCAN]: Scanning Mod File: / path net/minecraftforge/client/extensions/common/IClientBlockExtensions$1.class
[13Aug2026 02:00:07.267] [background-scan-handler-2/DEBUG] [net.minecraftforge.fml.loading.moddiscovery.Scanner/SCAN]: Scanning Mod File: / path net/minecraftforge/client/ExtendedServerListData.class
[13Aug2026 02:00:07.267] [background-scan-handler-0/DEBUG] [net.minecraftforge.fml.loading.moddiscovery.Scanner/SCAN]: Scanning Mod File: C:\Users\mattw\Documents\Git\SampleMod\.gradle\repositories\ng_dummy_ng\net\neoforged\forge\1.20.1-47.1.106\forge-1.20.1-47.1.106.jar path net/minecraft/world/level/levelgen/SurfaceRules$WaterConditionSource.class
[13Aug2026 02:00:07.268] [background-scan-handler-0/DEBUG] [net.minecraftforge.fml.loading.moddiscovery.Scanner/SCAN]: Scanning Mod File: C:\Users\mattw\Documents\Git\SampleMod\.gradle\repositories\ng_dummy_ng\net\neoforged\forge\1.20.1-47.1.106\forge-1.20.1-47.1.106.jar path net/minecraft/world/level/levelgen/SurfaceRules$WaterConditionSource$1WaterCondition.class
[13Aug2026 02:00:07.268] [background-scan-handler-0/DEBUG] [net.minecraftforge.fml.loading.moddiscovery.Scanner/SCAN]: Scanning Mod File: C:\Users\mattw\Documents\Git\SampleMod\.gradle\repositories\ng_dummy_ng\net\neoforged\forge\1.20.1-47.1.106\forge-1.20.1-47.1.106.jar path net/minecraft/world/level/levelgen/SurfaceRules$VerticalGradientConditionSource.class
[13Aug2026 02:00:07.269] [background-scan-handler-2/DEBUG] [net.minecraftforge.fml.loading.moddiscovery.Scanner/SCAN]: Scanning Mod File: / path net/minecraftforge/client/event/ViewportEvent.class
[13Aug2026 02:00:07.269] [background-scan-handler-0/DEBUG] [net.minecraftforge.fml.loading.moddiscovery.Scanner/SCAN]: Scanning Mod File: C:\Users\mattw\Documents\Git\SampleMod\.gradle\repositories\ng_dummy_ng\net\neoforged\forge\1.20.1-47.1.106\forge-1.20.1-47.1.106.jar path net/minecraft/world/level/levelgen/SurfaceRules$VerticalGradientConditionSource$1VerticalGradientCondition.class
[13Aug2026 02:00:07.270] [background-scan-handler-2/DEBUG] [net.minecraftforge.fml.loading.moddiscovery.Scanner/SCAN]: Scanning Mod File: / path net/minecraftforge/client/event/ViewportEvent$RenderFog.class
[13Aug2026 02:00:07.270] [background-scan-handler-0/DEBUG] [net.minecraftforge.fml.loading.moddiscovery.Scanner/SCAN]: Scanning Mod File: C:\Users\mattw\Documents\Git\SampleMod\.gradle\repositories\ng_dummy_ng\net\neoforged\forge\1.20.1-47.1.106\forge-1.20.1-47.1.106.jar path net/minecraft/world/level/levelgen/SurfaceRules$TestRuleSource.class
[13Aug2026 02:00:07.270] [background-scan-handler-2/DEBUG] [net.minecraftforge.fml.loading.moddiscovery.Scanner/SCAN]: Scanning Mod File: / path net/minecraftforge/client/event/ViewportEvent$ComputeFov.class
[13Aug2026 02:00:07.271] [background-scan-handler-0/DEBUG] [net.minecraftforge.fml.loading.moddiscovery.Scanner/SCAN]: Scanning Mod File: C:\Users\mattw\Documents\Git\SampleMod\.gradle\repositories\ng_dummy_ng\net\neoforged\forge\1.20.1-47.1.106\forge-1.20.1-47.1.106.jar path net/minecraft/world/level/levelgen/SurfaceRules$TestRule.class
[13Aug2026 02:00:07.271] [background-scan-handler-0/DEBUG] [net.minecraftforge.fml.loading.moddiscovery.Scanner/SCAN]: Scanning Mod File: C:\Users\mattw\Documents\Git\SampleMod\.gradle\repositories\ng_dummy_ng\net\neoforged\forge\1.20.1-47.1.106\forge-1.20.1-47.1.106.jar path net/minecraft/world/level/levelgen/SurfaceRules$Temperature.class
[13Aug2026 02:00:07.271] [background-scan-handler-2/DEBUG] [net.minecraftforge.fml.loading.moddiscovery.Scanner/SCAN]: Scanning Mod File: / path net/minecraftforge/client/event/ViewportEvent$ComputeFogColor.class
[13Aug2026 02:00:07.272] [background-scan-handler-2/DEBUG] [net.minecraftforge.fml.loading.moddiscovery.Scanner/SCAN]: Scanning Mod File: / path net/minecraftforge/client/event/ViewportEvent$ComputeCameraAngles.class
[13Aug2026 02:00:07.273] [background-scan-handler-0/DEBUG] [net.minecraftforge.fml.loading.moddiscovery.Scanner/SCAN]: Scanning Mod File: C:\Users\mattw\Documents\Git\SampleMod\.gradle\repositories\ng_dummy_ng\net\neoforged\forge\1.20.1-47.1.106\forge-1.20.1-47.1.106.jar path net/minecraft/world/level/levelgen/SurfaceRules$SurfaceRule.class
[13Aug2026 02:00:07.273] [background-scan-handler-0/DEBUG] [net.minecraftforge.fml.loading.moddiscovery.Scanner/SCAN]: Scanning Mod File: C:\Users\mattw\Documents\Git\SampleMod\.gradle\repositories\ng_dummy_ng\net\neoforged\forge\1.20.1-47.1.106\forge-1.20.1-47.1.106.jar path net/minecraft/world/level/levelgen/SurfaceRules$StoneDepthCheck.class
[13Aug2026 02:00:07.273] [background-scan-handler-2/DEBUG] [net.minecraftforge.fml.loading.moddiscovery.Scanner/SCAN]: Scanning Mod File: / path net/minecraftforge/client/event/ToastAddEvent.class
[13Aug2026 02:00:07.273] [background-scan-handler-2/DEBUG] [net.minecraftforge.fml.loading.moddiscovery.Scanner/SCAN]: Scanning Mod File: / path net/minecraftforge/client/event/TextureStitchEvent.class
[13Aug2026 02:00:07.274] [background-scan-handler-0/DEBUG] [net.minecraftforge.fml.loading.moddiscovery.Scanner/SCAN]: Scanning Mod File: C:\Users\mattw\Documents\Git\SampleMod\.gradle\repositories\ng_dummy_ng\net\neoforged\forge\1.20.1-47.1.106\forge-1.20.1-47.1.106.jar path net/minecraft/world/level/levelgen/SurfaceRules$StoneDepthCheck$1StoneDepthCondition.class
[13Aug2026 02:00:07.276] [background-scan-handler-0/DEBUG] [net.minecraftforge.fml.loading.moddiscovery.Scanner/SCAN]: Scanning Mod File: C:\Users\mattw\Documents\Git\SampleMod\.gradle\repositories\ng_dummy_ng\net\neoforged\forge\1.20.1-47.1.106\forge-1.20.1-47.1.106.jar path net/minecraft/world/level/levelgen/SurfaceRules$Steep.class
[13Aug2026 02:00:07.279] [background-scan-handler-0/DEBUG] [net.minecraftforge.fml.loading.moddiscovery.Scanner/SCAN]: Scanning Mod File: C:\Users\mattw\Documents\Git\SampleMod\.gradle\repositories\ng_dummy_ng\net\neoforged\forge\1.20.1-47.1.106\forge-1.20.1-47.1.106.jar path net/minecraft/world/level/levelgen/SurfaceRules$StateRule.class
[13Aug2026 02:00:07.280] [background-scan-handler-2/DEBUG] [net.minecraftforge.fml.loading.moddiscovery.Scanner/SCAN]: Scanning Mod File: / path net/minecraftforge/client/event/TextureStitchEvent$Post.class
[13Aug2026 02:00:07.280] [background-scan-handler-0/DEBUG] [net.minecraftforge.fml.loading.moddiscovery.Scanner/SCAN]: Scanning Mod File: C:\Users\mattw\Documents\Git\SampleMod\.gradle\repositories\ng_dummy_ng\net\neoforged\forge\1.20.1-47.1.106\forge-1.20.1-47.1.106.jar path net/minecraft/world/level/levelgen/SurfaceRules$SequenceRuleSource.class
[13Aug2026 02:00:07.282] [background-scan-handler-0/DEBUG] [net.minecraftforge.fml.loading.moddiscovery.Scanner/SCAN]: Scanning Mod File: C:\Users\mattw\Documents\Git\SampleMod\.gradle\repositories\ng_dummy_ng\net\neoforged\forge\1.20.1-47.1.106\forge-1.20.1-47.1.106.jar path net/minecraft/world/level/levelgen/SurfaceRules$SequenceRule.class
[13Aug2026 02:00:07.282] [background-scan-handler-2/DEBUG] [net.minecraftforge.fml.loading.moddiscovery.Scanner/SCAN]: Scanning Mod File: / path net/minecraftforge/client/event/sound/SoundEvent.class
[13Aug2026 02:00:07.283] [background-scan-handler-0/DEBUG] [net.minecraftforge.fml.loading.moddiscovery.Scanner/SCAN]: Scanning Mod File: C:\Users\mattw\Documents\Git\SampleMod\.gradle\repositories\ng_dummy_ng\net\neoforged\forge\1.20.1-47.1.106\forge-1.20.1-47.1.106.jar path net/minecraft/world/level/levelgen/SurfaceRules$RuleSource.class
[13Aug2026 02:00:07.283] [background-scan-handler-2/DEBUG] [net.minecraftforge.fml.loading.moddiscovery.Scanner/SCAN]: Scanning Mod File: / path net/minecraftforge/client/event/sound/SoundEvent$SoundSourceEvent.class
[13Aug2026 02:00:07.283] [background-scan-handler-2/DEBUG] [net.minecraftforge.fml.loading.moddiscovery.Scanner/SCAN]: Scanning Mod File: / path net/minecraftforge/client/event/sound/SoundEngineLoadEvent.class
[13Aug2026 02:00:07.284] [background-scan-handler-0/DEBUG] [net.minecraftforge.fml.loading.moddiscovery.Scanner/SCAN]: Scanning Mod File: C:\Users\mattw\Documents\Git\SampleMod\.gradle\repositories\ng_dummy_ng\net\neoforged\forge\1.20.1-47.1.106\forge-1.20.1-47.1.106.jar path net/minecraft/world/level/levelgen/SurfaceRules$NotConditionSource.class
[13Aug2026 02:00:07.284] [background-scan-handler-0/DEBUG] [net.minecraftforge.fml.loading.moddiscovery.Scanner/SCAN]: Scanning Mod File: C:\Users\mattw\Documents\Git\SampleMod\.gradle\repositories\ng_dummy_ng\net\neoforged\forge\1.20.1-47.1.106\forge-1.20.1-47.1.106.jar path net/minecraft/world/level/levelgen/SurfaceRules$NotCondition.class
[13Aug2026 02:00:07.284] [background-scan-handler-0/DEBUG] [net.minecraftforge.fml.loading.moddiscovery.Scanner/SCAN]: Scanning Mod File: C:\Users\mattw\Documents\Git\SampleMod\.gradle\repositories\ng_dummy_ng\net\neoforged\forge\1.20.1-47.1.106\forge-1.20.1-47.1.106.jar path net/minecraft/world/level/levelgen/SurfaceRules$NoiseThresholdConditionSource.class
[13Aug2026 02:00:07.285] [background-scan-handler-2/DEBUG] [net.minecraftforge.fml.loading.moddiscovery.Scanner/SCAN]: Scanning Mod File: / path net/minecraftforge/client/event/sound/PlayStreamingSourceEvent.class
[13Aug2026 02:00:07.285] [background-scan-handler-2/DEBUG] [net.minecraftforge.fml.loading.moddiscovery.Scanner/SCAN]: Scanning Mod File: / path net/minecraftforge/client/event/sound/PlaySoundSourceEvent.class
[13Aug2026 02:00:07.286] [background-scan-handler-2/DEBUG] [net.minecraftforge.fml.loading.moddiscovery.Scanner/SCAN]: Scanning Mod File: / path net/minecraftforge/client/event/sound/PlaySoundEvent.class
[13Aug2026 02:00:07.286] [background-scan-handler-0/DEBUG] [net.minecraftforge.fml.loading.moddiscovery.Scanner/SCAN]: Scanning Mod File: C:\Users\mattw\Documents\Git\SampleMod\.gradle\repositories\ng_dummy_ng\net\neoforged\forge\1.20.1-47.1.106\forge-1.20.1-47.1.106.jar path net/minecraft/world/level/levelgen/SurfaceRules$NoiseThresholdConditionSource$1NoiseThresholdCondition.class
[13Aug2026 02:00:07.287] [background-scan-handler-2/DEBUG] [net.minecraftforge.fml.loading.moddiscovery.Scanner/SCAN]: Scanning Mod File: / path net/minecraftforge/client/event/sound/package-info.class
[13Aug2026 02:00:07.287] [background-scan-handler-0/DEBUG] [net.minecraftforge.fml.loading.moddiscovery.Scanner/SCAN]: Scanning Mod File: C:\Users\mattw\Documents\Git\SampleMod\.gradle\repositories\ng_dummy_ng\net\neoforged\forge\1.20.1-47.1.106\forge-1.20.1-47.1.106.jar path net/minecraft/world/level/levelgen/SurfaceRules$LazyYCondition.class
[13Aug2026 02:00:07.287] [background-scan-handler-2/DEBUG] [net.minecraftforge.fml.loading.moddiscovery.Scanner/SCAN]: Scanning Mod File: / path net/minecraftforge/client/event/ScreenshotEvent.class
[13Aug2026 02:00:07.288] [background-scan-handler-0/DEBUG] [net.minecraftforge.fml.loading.moddiscovery.Scanner/SCAN]: Scanning Mod File: C:\Users\mattw\Documents\Git\SampleMod\.gradle\repositories\ng_dummy_ng\net\neoforged\forge\1.20.1-47.1.106\forge-1.20.1-47.1.106.jar path net/minecraft/world/level/levelgen/SurfaceRules$LazyXZCondition.class
[13Aug2026 02:00:07.289] [background-scan-handler-2/DEBUG] [net.minecraftforge.fml.loading.moddiscovery.Scanner/SCAN]: Scanning Mod File: / path net/minecraftforge/client/event/ScreenEvent.class
[13Aug2026 02:00:07.289] [background-scan-handler-2/DEBUG] [net.minecraftforge.fml.loading.moddiscovery.Scanner/SCAN]: Scanning Mod File: / path net/minecraftforge/client/event/ScreenEvent$RenderInventoryMobEffects.class
[13Aug2026 02:00:07.290] [background-scan-handler-2/DEBUG] [net.minecraftforge.fml.loading.moddiscovery.Scanner/SCAN]: Scanning Mod File: / path net/minecraftforge/client/event/ScreenEvent$Render.class
[13Aug2026 02:00:07.290] [background-scan-handler-0/DEBUG] [net.minecraftforge.fml.loading.moddiscovery.Scanner/SCAN]: Scanning Mod File: C:\Users\mattw\Documents\Git\SampleMod\.gradle\repositories\ng_dummy_ng\net\neoforged\forge\1.20.1-47.1.106\forge-1.20.1-47.1.106.jar path net/minecraft/world/level/levelgen/SurfaceRules$LazyCondition.class
[13Aug2026 02:00:07.291] [background-scan-handler-2/DEBUG] [net.minecraftforge.fml.loading.moddiscovery.Scanner/SCAN]: Scanning Mod File: / path net/minecraftforge/client/event/ScreenEvent$Render$Pre.class
[13Aug2026 02:00:07.292] [background-scan-handler-0/DEBUG] [net.minecraftforge.fml.loading.moddiscovery.Scanner/SCAN]: Scanning Mod File: C:\Users\mattw\Documents\Git\SampleMod\.gradle\repositories\ng_dummy_ng\net\neoforged\forge\1.20.1-47.1.106\forge-1.20.1-47.1.106.jar path net/minecraft/world/level/levelgen/SurfaceRules$Hole.class
[13Aug2026 02:00:07.292] [background-scan-handler-2/DEBUG] [net.minecraftforge.fml.loading.moddiscovery.Scanner/SCAN]: Scanning Mod File: / path net/minecraftforge/client/event/ScreenEvent$Render$Post.class
[13Aug2026 02:00:07.292] [background-scan-handler-0/DEBUG] [net.minecraftforge.fml.loading.moddiscovery.Scanner/SCAN]: Scanning Mod File: C:\Users\mattw\Documents\Git\SampleMod\.gradle\repositories\ng_dummy_ng\net\neoforged\forge\1.20.1-47.1.106\forge-1.20.1-47.1.106.jar path net/minecraft/world/level/levelgen/SurfaceRules$Context.class
[13Aug2026 02:00:07.292] [background-scan-handler-2/DEBUG] [net.minecraftforge.fml.loading.moddiscovery.Scanner/SCAN]: Scanning Mod File: / path net/minecraftforge/client/event/ScreenEvent$Opening.class
[13Aug2026 02:00:07.293] [background-scan-handler-2/DEBUG] [net.minecraftforge.fml.loading.moddiscovery.Scanner/SCAN]: Scanning Mod File: / path net/minecraftforge/client/event/ScreenEvent$MouseScrolled.class
[13Aug2026 02:00:07.293] [background-scan-handler-0/DEBUG] [net.minecraftforge.fml.loading.moddiscovery.Scanner/SCAN]: Scanning Mod File: C:\Users\mattw\Documents\Git\SampleMod\.gradle\repositories\ng_dummy_ng\net\neoforged\forge\1.20.1-47.1.106\forge-1.20.1-47.1.106.jar path net/minecraft/world/level/levelgen/SurfaceRules$Context$TemperatureHelperCondition.class
[13Aug2026 02:00:07.293] [background-scan-handler-2/DEBUG] [net.minecraftforge.fml.loading.moddiscovery.Scanner/SCAN]: Scanning Mod File: / path net/minecraftforge/client/event/ScreenEvent$MouseScrolled$Pre.class
[13Aug2026 02:00:07.293] [background-scan-handler-0/DEBUG] [net.minecraftforge.fml.loading.moddiscovery.Scanner/SCAN]: Scanning Mod File: C:\Users\mattw\Documents\Git\SampleMod\.gradle\repositories\ng_dummy_ng\net\neoforged\forge\1.20.1-47.1.106\forge-1.20.1-47.1.106.jar path net/minecraft/world/level/levelgen/SurfaceRules$Context$SteepMaterialCondition.class
[13Aug2026 02:00:07.293] [background-scan-handler-2/DEBUG] [net.minecraftforge.fml.loading.moddiscovery.Scanner/SCAN]: Scanning Mod File: / path net/minecraftforge/client/event/ScreenEvent$MouseScrolled$Post.class
[13Aug2026 02:00:07.293] [background-scan-handler-0/DEBUG] [net.minecraftforge.fml.loading.moddiscovery.Scanner/SCAN]: Scanning Mod File: C:\Users\mattw\Documents\Git\SampleMod\.gradle\repositories\ng_dummy_ng\net\neoforged\forge\1.20.1-47.1.106\forge-1.20.1-47.1.106.jar path net/minecraft/world/level/levelgen/SurfaceRules$Context$HoleCondition.class
[13Aug2026 02:00:07.293] [background-scan-handler-2/DEBUG] [net.minecraftforge.fml.loading.moddiscovery.Scanner/SCAN]: Scanning Mod File: / path net/minecraftforge/client/event/ScreenEvent$MouseInput.class
[13Aug2026 02:00:07.293] [background-scan-handler-0/DEBUG] [net.minecraftforge.fml.loading.moddiscovery.Scanner/SCAN]: Scanning Mod File: C:\Users\mattw\Documents\Git\SampleMod\.gradle\repositories\ng_dummy_ng\net\neoforged\forge\1.20.1-47.1.106\forge-1.20.1-47.1.106.jar path net/minecraft/world/level/levelgen/SurfaceRules$Context$AbovePreliminarySurfaceCondition.class
[13Aug2026 02:00:07.293] [background-scan-handler-0/DEBUG] [net.minecraftforge.fml.loading.moddiscovery.Scanner/SCAN]: Scanning Mod File: C:\Users\mattw\Documents\Git\SampleMod\.gradle\repositories\ng_dummy_ng\net\neoforged\forge\1.20.1-47.1.106\forge-1.20.1-47.1.106.jar path net/minecraft/world/level/levelgen/SurfaceRules$ConditionSource.class
[13Aug2026 02:00:07.294] [background-scan-handler-2/DEBUG] [net.minecraftforge.fml.loading.moddiscovery.Scanner/SCAN]: Scanning Mod File: / path net/minecraftforge/client/event/ScreenEvent$MouseDragged.class
[13Aug2026 02:00:07.294] [background-scan-handler-2/DEBUG] [net.minecraftforge.fml.loading.moddiscovery.Scanner/SCAN]: Scanning Mod File: / path net/minecraftforge/client/event/ScreenEvent$MouseDragged$Pre.class
[13Aug2026 02:00:07.294] [background-scan-handler-2/DEBUG] [net.minecraftforge.fml.loading.moddiscovery.Scanner/SCAN]: Scanning Mod File: / path net/minecraftforge/client/event/ScreenEvent$MouseDragged$Post.class
[13Aug2026 02:00:07.294] [background-scan-handler-0/DEBUG] [net.minecraftforge.fml.loading.moddiscovery.Scanner/SCAN]: Scanning Mod File: C:\Users\mattw\Documents\Git\SampleMod\.gradle\repositories\ng_dummy_ng\net\neoforged\forge\1.20.1-47.1.106\forge-1.20.1-47.1.106.jar path net/minecraft/world/level/levelgen/SurfaceRules$Condition.class
[13Aug2026 02:00:07.294] [background-scan-handler-2/DEBUG] [net.minecraftforge.fml.loading.moddiscovery.Scanner/SCAN]: Scanning Mod File: / path net/minecraftforge/client/event/ScreenEvent$MouseButtonReleased.class
[13Aug2026 02:00:07.295] [background-scan-handler-0/DEBUG] [net.minecraftforge.fml.loading.moddiscovery.Scanner/SCAN]: Scanning Mod File: C:\Users\mattw\Documents\Git\SampleMod\.gradle\repositories\ng_dummy_ng\net\neoforged\forge\1.20.1-47.1.106\forge-1.20.1-47.1.106.jar path net/minecraft/world/level/levelgen/SurfaceRules$BlockRuleSource.class
[13Aug2026 02:00:07.295] [background-scan-handler-2/DEBUG] [net.minecraftforge.fml.loading.moddiscovery.Scanner/SCAN]: Scanning Mod File: / path net/minecraftforge/client/event/ScreenEvent$MouseButtonReleased$Pre.class
[13Aug2026 02:00:07.295] [background-scan-handler-0/DEBUG] [net.minecraftforge.fml.loading.moddiscovery.Scanner/SCAN]: Scanning Mod File: C:\Users\mattw\Documents\Git\SampleMod\.gradle\repositories\ng_dummy_ng\net\neoforged\forge\1.20.1-47.1.106\forge-1.20.1-47.1.106.jar path net/minecraft/world/level/levelgen/SurfaceRules$BiomeConditionSource.class
[13Aug2026 02:00:07.295] [background-scan-handler-2/DEBUG] [net.minecraftforge.fml.loading.moddiscovery.Scanner/SCAN]: Scanning Mod File: / path net/minecraftforge/client/event/ScreenEvent$MouseButtonReleased$Post.class
[13Aug2026 02:00:07.295] [background-scan-handler-2/DEBUG] [net.minecraftforge.fml.loading.moddiscovery.Scanner/SCAN]: Scanning Mod File: / path net/minecraftforge/client/event/ScreenEvent$MouseButtonPressed.class
[13Aug2026 02:00:07.295] [background-scan-handler-0/DEBUG] [net.minecraftforge.fml.loading.moddiscovery.Scanner/SCAN]: Scanning Mod File: C:\Users\mattw\Documents\Git\SampleMod\.gradle\repositories\ng_dummy_ng\net\neoforged\forge\1.20.1-47.1.106\forge-1.20.1-47.1.106.jar path net/minecraft/world/level/levelgen/SurfaceRules$BiomeConditionSource$1BiomeCondition.class
[13Aug2026 02:00:07.295] [background-scan-handler-2/DEBUG] [net.minecraftforge.fml.loading.moddiscovery.Scanner/SCAN]: Scanning Mod File: / path net/minecraftforge/client/event/ScreenEvent$MouseButtonPressed$Pre.class
[13Aug2026 02:00:07.297] [background-scan-handler-0/DEBUG] [net.minecraftforge.fml.loading.moddiscovery.Scanner/SCAN]: Scanning Mod File: C:\Users\mattw\Documents\Git\SampleMod\.gradle\repositories\ng_dummy_ng\net\neoforged\forge\1.20.1-47.1.106\forge-1.20.1-47.1.106.jar path net/minecraft/world/level/levelgen/SurfaceRules$Bandlands.class
[13Aug2026 02:00:07.297] [background-scan-handler-2/DEBUG] [net.minecraftforge.fml.loading.moddiscovery.Scanner/SCAN]: Scanning Mod File: / path net/minecraftforge/client/event/ScreenEvent$MouseButtonPressed$Post.class
[13Aug2026 02:00:07.297] [background-scan-handler-0/DEBUG] [net.minecraftforge.fml.loading.moddiscovery.Scanner/SCAN]: Scanning Mod File: C:\Users\mattw\Documents\Git\SampleMod\.gradle\repositories\ng_dummy_ng\net\neoforged\forge\1.20.1-47.1.106\forge-1.20.1-47.1.106.jar path net/minecraft/world/level/levelgen/SurfaceRules$AbovePreliminarySurface.class
[13Aug2026 02:00:07.297] [background-scan-handler-2/DEBUG] [net.minecraftforge.fml.loading.moddiscovery.Scanner/SCAN]: Scanning Mod File: / path net/minecraftforge/client/event/ScreenEvent$KeyReleased.class
[13Aug2026 02:00:07.297] [background-scan-handler-2/DEBUG] [net.minecraftforge.fml.loading.moddiscovery.Scanner/SCAN]: Scanning Mod File: / path net/minecraftforge/client/event/ScreenEvent$KeyReleased$Pre.class
[13Aug2026 02:00:07.297] [background-scan-handler-2/DEBUG] [net.minecraftforge.fml.loading.moddiscovery.Scanner/SCAN]: Scanning Mod File: / path net/minecraftforge/client/event/ScreenEvent$KeyReleased$Post.class
[13Aug2026 02:00:07.298] [background-scan-handler-0/DEBUG] [net.minecraftforge.fml.loading.moddiscovery.Scanner/SCAN]: Scanning Mod File: C:\Users\mattw\Documents\Git\SampleMod\.gradle\repositories\ng_dummy_ng\net\neoforged\forge\1.20.1-47.1.106\forge-1.20.1-47.1.106.jar path net/minecraft/world/level/levelgen/structure/TerrainAdjustment.class
[13Aug2026 02:00:07.298] [background-scan-handler-2/DEBUG] [net.minecraftforge.fml.loading.moddiscovery.Scanner/SCAN]: Scanning Mod File: / path net/minecraftforge/client/event/ScreenEvent$KeyPressed.class
[13Aug2026 02:00:07.298] [background-scan-handler-0/DEBUG] [net.minecraftforge.fml.loading.moddiscovery.Scanner/SCAN]: Scanning Mod File: C:\Users\mattw\Documents\Git\SampleMod\.gradle\repositories\ng_dummy_ng\net\neoforged\forge\1.20.1-47.1.106\forge-1.20.1-47.1.106.jar path net/minecraft/world/level/levelgen/structure/templatesystem/TagMatchTest.class
[13Aug2026 02:00:07.298] [background-scan-handler-0/DEBUG] [net.minecraftforge.fml.loading.moddiscovery.Scanner/SCAN]: Scanning Mod File: C:\Users\mattw\Documents\Git\SampleMod\.gradle\repositories\ng_dummy_ng\net\neoforged\forge\1.20.1-47.1.106\forge-1.20.1-47.1.106.jar path net/minecraft/world/level/levelgen/structure/templatesystem/StructureTemplateManager.class
[13Aug2026 02:00:07.298] [background-scan-handler-2/DEBUG] [net.minecraftforge.fml.loading.moddiscovery.Scanner/SCAN]: Scanning Mod File: / path net/minecraftforge/client/event/ScreenEvent$KeyPressed$Pre.class
[13Aug2026 02:00:07.299] [background-scan-handler-2/DEBUG] [net.minecraftforge.fml.loading.moddiscovery.Scanner/SCAN]: Scanning Mod File: / path net/minecraftforge/client/event/ScreenEvent$KeyPressed$Post.class
[13Aug2026 02:00:07.300] [background-scan-handler-0/DEBUG] [net.minecraftforge.fml.loading.moddiscovery.Scanner/SCAN]: Scanning Mod File: C:\Users\mattw\Documents\Git\SampleMod\.gradle\repositories\ng_dummy_ng\net\neoforged\forge\1.20.1-47.1.106\forge-1.20.1-47.1.106.jar path net/minecraft/world/level/levelgen/structure/templatesystem/StructureTemplateManager$Source.class
[13Aug2026 02:00:07.300] [background-scan-handler-2/DEBUG] [net.minecraftforge.fml.loading.moddiscovery.Scanner/SCAN]: Scanning Mod File: / path net/minecraftforge/client/event/ScreenEvent$KeyInput.class
[13Aug2026 02:00:07.300] [background-scan-handler-0/DEBUG] [net.minecraftforge.fml.loading.moddiscovery.Scanner/SCAN]: Scanning Mod File: C:\Users\mattw\Documents\Git\SampleMod\.gradle\repositories\ng_dummy_ng\net\neoforged\forge\1.20.1-47.1.106\forge-1.20.1-47.1.106.jar path net/minecraft/world/level/levelgen/structure/templatesystem/StructureTemplateManager$InputStreamOpener.class
[13Aug2026 02:00:07.300] [background-scan-handler-2/DEBUG] [net.minecraftforge.fml.loading.moddiscovery.Scanner/SCAN]: Scanning Mod File: / path net/minecraftforge/client/event/ScreenEvent$Init.class
[13Aug2026 02:00:07.301] [background-scan-handler-2/DEBUG] [net.minecraftforge.fml.loading.moddiscovery.Scanner/SCAN]: Scanning Mod File: / path net/minecraftforge/client/event/ScreenEvent$Init$Pre.class
[13Aug2026 02:00:07.301] [background-scan-handler-0/DEBUG] [net.minecraftforge.fml.loading.moddiscovery.Scanner/SCAN]: Scanning Mod File: C:\Users\mattw\Documents\Git\SampleMod\.gradle\repositories\ng_dummy_ng\net\neoforged\forge\1.20.1-47.1.106\forge-1.20.1-47.1.106.jar path net/minecraft/world/level/levelgen/structure/templatesystem/StructureTemplate.class
[13Aug2026 02:00:07.302] [background-scan-handler-2/DEBUG] [net.minecraftforge.fml.loading.moddiscovery.Scanner/SCAN]: Scanning Mod File: / path net/minecraftforge/client/event/ScreenEvent$Init$Post.class
[13Aug2026 02:00:07.302] [background-scan-handler-2/DEBUG] [net.minecraftforge.fml.loading.moddiscovery.Scanner/SCAN]: Scanning Mod File: / path net/minecraftforge/client/event/ScreenEvent$Closing.class
[13Aug2026 02:00:07.302] [background-scan-handler-2/DEBUG] [net.minecraftforge.fml.loading.moddiscovery.Scanner/SCAN]: Scanning Mod File: / path net/minecraftforge/client/event/ScreenEvent$CharacterTyped.class
[13Aug2026 02:00:07.302] [background-scan-handler-0/DEBUG] [net.minecraftforge.fml.loading.moddiscovery.Scanner/SCAN]: Scanning Mod File: C:\Users\mattw\Documents\Git\SampleMod\.gradle\repositories\ng_dummy_ng\net\neoforged\forge\1.20.1-47.1.106\forge-1.20.1-47.1.106.jar path net/minecraft/world/level/levelgen/structure/templatesystem/StructureTemplate$StructureEntityInfo.class
[13Aug2026 02:00:07.302] [background-scan-handler-2/DEBUG] [net.minecraftforge.fml.loading.moddiscovery.Scanner/SCAN]: Scanning Mod File: / path net/minecraftforge/client/event/ScreenEvent$CharacterTyped$Pre.class
[13Aug2026 02:00:07.302] [background-scan-handler-0/DEBUG] [net.minecraftforge.fml.loading.moddiscovery.Scanner/SCAN]: Scanning Mod File: C:\Users\mattw\Documents\Git\SampleMod\.gradle\repositories\ng_dummy_ng\net\neoforged\forge\1.20.1-47.1.106\forge-1.20.1-47.1.106.jar path net/minecraft/world/level/levelgen/structure/templatesystem/StructureTemplate$StructureBlockInfo.class
[13Aug2026 02:00:07.303] [background-scan-handler-2/DEBUG] [net.minecraftforge.fml.loading.moddiscovery.Scanner/SCAN]: Scanning Mod File: / path net/minecraftforge/client/event/ScreenEvent$CharacterTyped$Post.class
[13Aug2026 02:00:07.303] [background-scan-handler-0/DEBUG] [net.minecraftforge.fml.loading.moddiscovery.Scanner/SCAN]: Scanning Mod File: C:\Users\mattw\Documents\Git\SampleMod\.gradle\repositories\ng_dummy_ng\net\neoforged\forge\1.20.1-47.1.106\forge-1.20.1-47.1.106.jar path net/minecraft/world/level/levelgen/structure/templatesystem/StructureTemplate$SimplePalette.class
[13Aug2026 02:00:07.303] [background-scan-handler-2/DEBUG] [net.minecraftforge.fml.loading.moddiscovery.Scanner/SCAN]: Scanning Mod File: / path net/minecraftforge/client/event/ScreenEvent$BackgroundRendered.class
[13Aug2026 02:00:07.303] [background-scan-handler-0/DEBUG] [net.minecraftforge.fml.loading.moddiscovery.Scanner/SCAN]: Scanning Mod File: C:\Users\mattw\Documents\Git\SampleMod\.gradle\repositories\ng_dummy_ng\net\neoforged\forge\1.20.1-47.1.106\forge-1.20.1-47.1.106.jar path net/minecraft/world/level/levelgen/structure/templatesystem/StructureTemplate$Palette.class
[13Aug2026 02:00:07.304] [background-scan-handler-2/DEBUG] [net.minecraftforge.fml.loading.moddiscovery.Scanner/SCAN]: Scanning Mod File: / path net/minecraftforge/client/event/RenderTooltipEvent.class
[13Aug2026 02:00:07.304] [background-scan-handler-0/DEBUG] [net.minecraftforge.fml.loading.moddiscovery.Scanner/SCAN]: Scanning Mod File: C:\Users\mattw\Documents\Git\SampleMod\.gradle\repositories\ng_dummy_ng\net\neoforged\forge\1.20.1-47.1.106\forge-1.20.1-47.1.106.jar path net/minecraft/world/level/levelgen/structure/templatesystem/StructureTemplate$1.class
[13Aug2026 02:00:07.304] [background-scan-handler-2/DEBUG] [net.minecraftforge.fml.loading.moddiscovery.Scanner/SCAN]: Scanning Mod File: / path net/minecraftforge/client/event/RenderTooltipEvent$Pre.class
[13Aug2026 02:00:07.304] [background-scan-handler-0/DEBUG] [net.minecraftforge.fml.loading.moddiscovery.Scanner/SCAN]: Scanning Mod File: C:\Users\mattw\Documents\Git\SampleMod\.gradle\repositories\ng_dummy_ng\net\neoforged\forge\1.20.1-47.1.106\forge-1.20.1-47.1.106.jar path net/minecraft/world/level/levelgen/structure/templatesystem/StructureProcessorType.class
[13Aug2026 02:00:07.304] [background-scan-handler-2/DEBUG] [net.minecraftforge.fml.loading.moddiscovery.Scanner/SCAN]: Scanning Mod File: / path net/minecraftforge/client/event/RenderTooltipEvent$GatherComponents.class
[13Aug2026 02:00:07.305] [background-scan-handler-2/DEBUG] [net.minecraftforge.fml.loading.moddiscovery.Scanner/SCAN]: Scanning Mod File: / path net/minecraftforge/client/event/RenderTooltipEvent$Color.class
[13Aug2026 02:00:07.305] [background-scan-handler-0/DEBUG] [net.minecraftforge.fml.loading.moddiscovery.Scanner/SCAN]: Scanning Mod File: C:\Users\mattw\Documents\Git\SampleMod\.gradle\repositories\ng_dummy_ng\net\neoforged\forge\1.20.1-47.1.106\forge-1.20.1-47.1.106.jar path net/minecraft/world/level/levelgen/structure/templatesystem/StructureProcessorList.class
[13Aug2026 02:00:07.305] [background-scan-handler-0/DEBUG] [net.minecraftforge.fml.loading.moddiscovery.Scanner/SCAN]: Scanning Mod File: C:\Users\mattw\Documents\Git\SampleMod\.gradle\repositories\ng_dummy_ng\net\neoforged\forge\1.20.1-47.1.106\forge-1.20.1-47.1.106.jar path net/minecraft/world/level/levelgen/structure/templatesystem/StructureProcessor.class
[13Aug2026 02:00:07.305] [background-scan-handler-2/DEBUG] [net.minecraftforge.fml.loading.moddiscovery.Scanner/SCAN]: Scanning Mod File: / path net/minecraftforge/client/event/RenderPlayerEvent.class
[13Aug2026 02:00:07.306] [background-scan-handler-2/DEBUG] [net.minecraftforge.fml.loading.moddiscovery.Scanner/SCAN]: Scanning Mod File: / path net/minecraftforge/client/event/RenderPlayerEvent$Pre.class
[13Aug2026 02:00:07.306] [background-scan-handler-2/DEBUG] [net.minecraftforge.fml.loading.moddiscovery.Scanner/SCAN]: Scanning Mod File: / path net/minecraftforge/client/event/RenderPlayerEvent$Post.class
[13Aug2026 02:00:07.306] [background-scan-handler-2/DEBUG] [net.minecraftforge.fml.loading.moddiscovery.Scanner/SCAN]: Scanning Mod File: / path net/minecraftforge/client/event/RenderNameTagEvent.class
[13Aug2026 02:00:07.308] [background-scan-handler-2/DEBUG] [net.minecraftforge.fml.loading.moddiscovery.Scanner/SCAN]: Scanning Mod File: / path net/minecraftforge/client/event/RenderLivingEvent.class
[13Aug2026 02:00:07.309] [background-scan-handler-0/DEBUG] [net.minecraftforge.fml.loading.moddiscovery.Scanner/SCAN]: Scanning Mod File: C:\Users\mattw\Documents\Git\SampleMod\.gradle\repositories\ng_dummy_ng\net\neoforged\forge\1.20.1-47.1.106\forge-1.20.1-47.1.106.jar path net/minecraft/world/level/levelgen/structure/templatesystem/StructurePlaceSettings.class
[13Aug2026 02:00:07.309] [background-scan-handler-0/DEBUG] [net.minecraftforge.fml.loading.moddiscovery.Scanner/SCAN]: Scanning Mod File: C:\Users\mattw\Documents\Git\SampleMod\.gradle\repositories\ng_dummy_ng\net\neoforged\forge\1.20.1-47.1.106\forge-1.20.1-47.1.106.jar path net/minecraft/world/level/levelgen/structure/templatesystem/RuleTestType.class
[13Aug2026 02:00:07.309] [background-scan-handler-2/DEBUG] [net.minecraftforge.fml.loading.moddiscovery.Scanner/SCAN]: Scanning Mod File: / path net/minecraftforge/client/event/RenderLivingEvent$Pre.class
[13Aug2026 02:00:07.309] [background-scan-handler-0/DEBUG] [net.minecraftforge.fml.loading.moddiscovery.Scanner/SCAN]: Scanning Mod File: C:\Users\mattw\Documents\Git\SampleMod\.gradle\repositories\ng_dummy_ng\net\neoforged\forge\1.20.1-47.1.106\forge-1.20.1-47.1.106.jar path net/minecraft/world/level/levelgen/structure/templatesystem/RuleTest.class
[13Aug2026 02:00:07.309] [background-scan-handler-2/DEBUG] [net.minecraftforge.fml.loading.moddiscovery.Scanner/SCAN]: Scanning Mod File: / path net/minecraftforge/client/event/RenderLivingEvent$Post.class
[13Aug2026 02:00:07.310] [background-scan-handler-2/DEBUG] [net.minecraftforge.fml.loading.moddiscovery.Scanner/SCAN]: Scanning Mod File: / path net/minecraftforge/client/event/RenderLevelStageEvent.class
[13Aug2026 02:00:07.310] [background-scan-handler-0/DEBUG] [net.minecraftforge.fml.loading.moddiscovery.Scanner/SCAN]: Scanning Mod File: C:\Users\mattw\Documents\Git\SampleMod\.gradle\repositories\ng_dummy_ng\net\neoforged\forge\1.20.1-47.1.106\forge-1.20.1-47.1.106.jar path net/minecraft/world/level/levelgen/structure/templatesystem/RuleProcessor.class
[13Aug2026 02:00:07.310] [background-scan-handler-2/DEBUG] [net.minecraftforge.fml.loading.moddiscovery.Scanner/SCAN]: Scanning Mod File: / path net/minecraftforge/client/event/RenderLevelStageEvent$Stage.class
[13Aug2026 02:00:07.311] [background-scan-handler-2/DEBUG] [net.minecraftforge.fml.loading.moddiscovery.Scanner/SCAN]: Scanning Mod File: / path net/minecraftforge/client/event/RenderLevelStageEvent$RegisterStageEvent.class
[13Aug2026 02:00:07.311] [background-scan-handler-2/DEBUG] [net.minecraftforge.fml.loading.moddiscovery.Scanner/SCAN]: Scanning Mod File: / path net/minecraftforge/client/event/RenderItemInFrameEvent.class
[13Aug2026 02:00:07.312] [background-scan-handler-0/DEBUG] [net.minecraftforge.fml.loading.moddiscovery.Scanner/SCAN]: Scanning Mod File: C:\Users\mattw\Documents\Git\SampleMod\.gradle\repositories\ng_dummy_ng\net\neoforged\forge\1.20.1-47.1.106\forge-1.20.1-47.1.106.jar path net/minecraft/world/level/levelgen/structure/templatesystem/rule/blockentity/RuleBlockEntityModifierType.class
[13Aug2026 02:00:07.313] [background-scan-handler-2/DEBUG] [net.minecraftforge.fml.loading.moddiscovery.Scanner/SCAN]: Scanning Mod File: / path net/minecraftforge/client/event/RenderHighlightEvent.class
[13Aug2026 02:00:07.313] [background-scan-handler-0/DEBUG] [net.minecraftforge.fml.loading.moddiscovery.Scanner/SCAN]: Scanning Mod File: C:\Users\mattw\Documents\Git\SampleMod\.gradle\repositories\ng_dummy_ng\net\neoforged\forge\1.20.1-47.1.106\forge-1.20.1-47.1.106.jar path net/minecraft/world/level/levelgen/structure/templatesystem/rule/blockentity/RuleBlockEntityModifier.class
[13Aug2026 02:00:07.314] [background-scan-handler-0/DEBUG] [net.minecraftforge.fml.loading.moddiscovery.Scanner/SCAN]: Scanning Mod File: C:\Users\mattw\Documents\Git\SampleMod\.gradle\repositories\ng_dummy_ng\net\neoforged\forge\1.20.1-47.1.106\forge-1.20.1-47.1.106.jar path net/minecraft/world/level/levelgen/structure/templatesystem/rule/blockentity/Passthrough.class
[13Aug2026 02:00:07.314] [background-scan-handler-0/DEBUG] [net.minecraftforge.fml.loading.moddiscovery.Scanner/SCAN]: Scanning Mod File: C:\Users\mattw\Documents\Git\SampleMod\.gradle\repositories\ng_dummy_ng\net\neoforged\forge\1.20.1-47.1.106\forge-1.20.1-47.1.106.jar path net/minecraft/world/level/levelgen/structure/templatesystem/rule/blockentity/package-info.class
[13Aug2026 02:00:07.315] [background-scan-handler-0/DEBUG] [net.minecraftforge.fml.loading.moddiscovery.Scanner/SCAN]: Scanning Mod File: C:\Users\mattw\Documents\Git\SampleMod\.gradle\repositories\ng_dummy_ng\net\neoforged\forge\1.20.1-47.1.106\forge-1.20.1-47.1.106.jar path net/minecraft/world/level/levelgen/structure/templatesystem/rule/blockentity/Clear.class
[13Aug2026 02:00:07.315] [background-scan-handler-2/DEBUG] [net.minecraftforge.fml.loading.moddiscovery.Scanner/SCAN]: Scanning Mod File: / path net/minecraftforge/client/event/RenderHighlightEvent$Entity.class
[13Aug2026 02:00:07.315] [background-scan-handler-0/DEBUG] [net.minecraftforge.fml.loading.moddiscovery.Scanner/SCAN]: Scanning Mod File: C:\Users\mattw\Documents\Git\SampleMod\.gradle\repositories\ng_dummy_ng\net\neoforged\forge\1.20.1-47.1.106\forge-1.20.1-47.1.106.jar path net/minecraft/world/level/levelgen/structure/templatesystem/rule/blockentity/AppendStatic.class
[13Aug2026 02:00:07.315] [background-scan-handler-2/DEBUG] [net.minecraftforge.fml.loading.moddiscovery.Scanner/SCAN]: Scanning Mod File: / path net/minecraftforge/client/event/RenderHighlightEvent$Block.class
[13Aug2026 02:00:07.315] [background-scan-handler-0/DEBUG] [net.minecraftforge.fml.loading.moddiscovery.Scanner/SCAN]: Scanning Mod File: C:\Users\mattw\Documents\Git\SampleMod\.gradle\repositories\ng_dummy_ng\net\neoforged\forge\1.20.1-47.1.106\forge-1.20.1-47.1.106.jar path net/minecraft/world/level/levelgen/structure/templatesystem/rule/blockentity/AppendLoot.class
[13Aug2026 02:00:07.315] [background-scan-handler-2/DEBUG] [net.minecraftforge.fml.loading.moddiscovery.Scanner/SCAN]: Scanning Mod File: / path net/minecraftforge/client/event/RenderHandEvent.class
[13Aug2026 02:00:07.315] [background-scan-handler-2/DEBUG] [net.minecraftforge.fml.loading.moddiscovery.Scanner/SCAN]: Scanning Mod File: / path net/minecraftforge/client/event/RenderGuiOverlayEvent.class
[13Aug2026 02:00:07.317] [background-scan-handler-0/DEBUG] [net.minecraftforge.fml.loading.moddiscovery.Scanner/SCAN]: Scanning Mod File: C:\Users\mattw\Documents\Git\SampleMod\.gradle\repositories\ng_dummy_ng\net\neoforged\forge\1.20.1-47.1.106\forge-1.20.1-47.1.106.jar path net/minecraft/world/level/levelgen/structure/templatesystem/RandomBlockStateMatchTest.class
[13Aug2026 02:00:07.317] [background-scan-handler-2/DEBUG] [net.minecraftforge.fml.loading.moddiscovery.Scanner/SCAN]: Scanning Mod File: / path net/minecraftforge/client/event/RenderGuiOverlayEvent$Pre.class
[13Aug2026 02:00:07.318] [background-scan-handler-0/DEBUG] [net.minecraftforge.fml.loading.moddiscovery.Scanner/SCAN]: Scanning Mod File: C:\Users\mattw\Documents\Git\SampleMod\.gradle\repositories\ng_dummy_ng\net\neoforged\forge\1.20.1-47.1.106\forge-1.20.1-47.1.106.jar path net/minecraft/world/level/levelgen/structure/templatesystem/RandomBlockMatchTest.class
[13Aug2026 02:00:07.318] [background-scan-handler-2/DEBUG] [net.minecraftforge.fml.loading.moddiscovery.Scanner/SCAN]: Scanning Mod File: / path net/minecraftforge/client/event/RenderGuiOverlayEvent$Post.class
[13Aug2026 02:00:07.318] [background-scan-handler-0/DEBUG] [net.minecraftforge.fml.loading.moddiscovery.Scanner/SCAN]: Scanning Mod File: C:\Users\mattw\Documents\Git\SampleMod\.gradle\repositories\ng_dummy_ng\net\neoforged\forge\1.20.1-47.1.106\forge-1.20.1-47.1.106.jar path net/minecraft/world/level/levelgen/structure/templatesystem/ProtectedBlockProcessor.class
[13Aug2026 02:00:07.319] [background-scan-handler-2/DEBUG] [net.minecraftforge.fml.loading.moddiscovery.Scanner/SCAN]: Scanning Mod File: / path net/minecraftforge/client/event/RenderGuiEvent.class
[13Aug2026 02:00:07.319] [background-scan-handler-0/DEBUG] [net.minecraftforge.fml.loading.moddiscovery.Scanner/SCAN]: Scanning Mod File: C:\Users\mattw\Documents\Git\SampleMod\.gradle\repositories\ng_dummy_ng\net\neoforged\forge\1.20.1-47.1.106\forge-1.20.1-47.1.106.jar path net/minecraft/world/level/levelgen/structure/templatesystem/ProcessorRule.class
[13Aug2026 02:00:07.319] [background-scan-handler-2/DEBUG] [net.minecraftforge.fml.loading.moddiscovery.Scanner/SCAN]: Scanning Mod File: / path net/minecraftforge/client/event/RenderGuiEvent$Pre.class
[13Aug2026 02:00:07.319] [background-scan-handler-0/DEBUG] [net.minecraftforge.fml.loading.moddiscovery.Scanner/SCAN]: Scanning Mod File: C:\Users\mattw\Documents\Git\SampleMod\.gradle\repositories\ng_dummy_ng\net\neoforged\forge\1.20.1-47.1.106\forge-1.20.1-47.1.106.jar path net/minecraft/world/level/levelgen/structure/templatesystem/PosRuleTestType.class
[13Aug2026 02:00:07.320] [background-scan-handler-2/DEBUG] [net.minecraftforge.fml.loading.moddiscovery.Scanner/SCAN]: Scanning Mod File: / path net/minecraftforge/client/event/RenderGuiEvent$Post.class
[13Aug2026 02:00:07.320] [background-scan-handler-0/DEBUG] [net.minecraftforge.fml.loading.moddiscovery.Scanner/SCAN]: Scanning Mod File: C:\Users\mattw\Documents\Git\SampleMod\.gradle\repositories\ng_dummy_ng\net\neoforged\forge\1.20.1-47.1.106\forge-1.20.1-47.1.106.jar path net/minecraft/world/level/levelgen/structure/templatesystem/PosRuleTest.class
[13Aug2026 02:00:07.320] [background-scan-handler-2/DEBUG] [net.minecraftforge.fml.loading.moddiscovery.Scanner/SCAN]: Scanning Mod File: / path net/minecraftforge/client/event/RenderBlockScreenEffectEvent.class
[13Aug2026 02:00:07.321] [background-scan-handler-0/DEBUG] [net.minecraftforge.fml.loading.moddiscovery.Scanner/SCAN]: Scanning Mod File: C:\Users\mattw\Documents\Git\SampleMod\.gradle\repositories\ng_dummy_ng\net\neoforged\forge\1.20.1-47.1.106\forge-1.20.1-47.1.106.jar path net/minecraft/world/level/levelgen/structure/templatesystem/PosAlwaysTrueTest.class
[13Aug2026 02:00:07.321] [background-scan-handler-2/DEBUG] [net.minecraftforge.fml.loading.moddiscovery.Scanner/SCAN]: Scanning Mod File: / path net/minecraftforge/client/event/RenderBlockScreenEffectEvent$OverlayType.class
[13Aug2026 02:00:07.321] [background-scan-handler-0/DEBUG] [net.minecraftforge.fml.loading.moddiscovery.Scanner/SCAN]: Scanning Mod File: C:\Users\mattw\Documents\Git\SampleMod\.gradle\repositories\ng_dummy_ng\net\neoforged\forge\1.20.1-47.1.106\forge-1.20.1-47.1.106.jar path net/minecraft/world/level/levelgen/structure/templatesystem/package-info.class
[13Aug2026 02:00:07.321] [background-scan-handler-0/DEBUG] [net.minecraftforge.fml.loading.moddiscovery.Scanner/SCAN]: Scanning Mod File: C:\Users\mattw\Documents\Git\SampleMod\.gradle\repositories\ng_dummy_ng\net\neoforged\forge\1.20.1-47.1.106\forge-1.20.1-47.1.106.jar path net/minecraft/world/level/levelgen/structure/templatesystem/NopProcessor.class
[13Aug2026 02:00:07.322] [background-scan-handler-0/DEBUG] [net.minecraftforge.fml.loading.moddiscovery.Scanner/SCAN]: Scanning Mod File: C:\Users\mattw\Documents\Git\SampleMod\.gradle\repositories\ng_dummy_ng\net\neoforged\forge\1.20.1-47.1.106\forge-1.20.1-47.1.106.jar path net/minecraft/world/level/levelgen/structure/templatesystem/LinearPosTest.class
[13Aug2026 02:00:07.322] [background-scan-handler-0/DEBUG] [net.minecraftforge.fml.loading.moddiscovery.Scanner/SCAN]: Scanning Mod File: C:\Users\mattw\Documents\Git\SampleMod\.gradle\repositories\ng_dummy_ng\net\neoforged\forge\1.20.1-47.1.106\forge-1.20.1-47.1.106.jar path net/minecraft/world/level/levelgen/structure/templatesystem/LavaSubmergedBlockProcessor.class
[13Aug2026 02:00:07.323] [background-scan-handler-2/DEBUG] [net.minecraftforge.fml.loading.moddiscovery.Scanner/SCAN]: Scanning Mod File: / path net/minecraftforge/client/event/RenderArmEvent.class
[13Aug2026 02:00:07.323] [background-scan-handler-0/DEBUG] [net.minecraftforge.fml.loading.moddiscovery.Scanner/SCAN]: Scanning Mod File: C:\Users\mattw\Documents\Git\SampleMod\.gradle\repositories\ng_dummy_ng\net\neoforged\forge\1.20.1-47.1.106\forge-1.20.1-47.1.106.jar path net/minecraft/world/level/levelgen/structure/templatesystem/JigsawReplacementProcessor.class
[13Aug2026 02:00:07.323] [background-scan-handler-2/DEBUG] [net.minecraftforge.fml.loading.moddiscovery.Scanner/SCAN]: Scanning Mod File: / path net/minecraftforge/client/event/RegisterTextureAtlasSpriteLoadersEvent.class
[13Aug2026 02:00:07.323] [background-scan-handler-2/DEBUG] [net.minecraftforge.fml.loading.moddiscovery.Scanner/SCAN]: Scanning Mod File: / path net/minecraftforge/client/event/RegisterShadersEvent.class
[13Aug2026 02:00:07.323] [background-scan-handler-2/DEBUG] [net.minecraftforge.fml.loading.moddiscovery.Scanner/SCAN]: Scanning Mod File: / path net/minecraftforge/client/event/RegisterRecipeBookCategoriesEvent.class
[13Aug2026 02:00:07.324] [background-scan-handler-0/DEBUG] [net.minecraftforge.fml.loading.moddiscovery.Scanner/SCAN]: Scanning Mod File: C:\Users\mattw\Documents\Git\SampleMod\.gradle\repositories\ng_dummy_ng\net\neoforged\forge\1.20.1-47.1.106\forge-1.20.1-47.1.106.jar path net/minecraft/world/level/levelgen/structure/templatesystem/GravityProcessor.class
[13Aug2026 02:00:07.324] [background-scan-handler-2/DEBUG] [net.minecraftforge.fml.loading.moddiscovery.Scanner/SCAN]: Scanning Mod File: / path net/minecraftforge/client/event/RegisterPresetEditorsEvent.class
[13Aug2026 02:00:07.324] [background-scan-handler-0/DEBUG] [net.minecraftforge.fml.loading.moddiscovery.Scanner/SCAN]: Scanning Mod File: C:\Users\mattw\Documents\Git\SampleMod\.gradle\repositories\ng_dummy_ng\net\neoforged\forge\1.20.1-47.1.106\forge-1.20.1-47.1.106.jar path net/minecraft/world/level/levelgen/structure/templatesystem/CappedProcessor.class
[13Aug2026 02:00:07.324] [background-scan-handler-2/DEBUG] [net.minecraftforge.fml.loading.moddiscovery.Scanner/SCAN]: Scanning Mod File: / path net/minecraftforge/client/event/RegisterParticleProvidersEvent.class
[13Aug2026 02:00:07.324] [background-scan-handler-0/DEBUG] [net.minecraftforge.fml.loading.moddiscovery.Scanner/SCAN]: Scanning Mod File: C:\Users\mattw\Documents\Git\SampleMod\.gradle\repositories\ng_dummy_ng\net\neoforged\forge\1.20.1-47.1.106\forge-1.20.1-47.1.106.jar path net/minecraft/world/level/levelgen/structure/templatesystem/BlockStateMatchTest.class
[13Aug2026 02:00:07.324] [background-scan-handler-2/DEBUG] [net.minecraftforge.fml.loading.moddiscovery.Scanner/SCAN]: Scanning Mod File: / path net/minecraftforge/client/event/RegisterNamedRenderTypesEvent.class
[13Aug2026 02:00:07.325] [background-scan-handler-0/DEBUG] [net.minecraftforge.fml.loading.moddiscovery.Scanner/SCAN]: Scanning Mod File: C:\Users\mattw\Documents\Git\SampleMod\.gradle\repositories\ng_dummy_ng\net\neoforged\forge\1.20.1-47.1.106\forge-1.20.1-47.1.106.jar path net/minecraft/world/level/levelgen/structure/templatesystem/BlockRotProcessor.class
[13Aug2026 02:00:07.325] [background-scan-handler-0/DEBUG] [net.minecraftforge.fml.loading.moddiscovery.Scanner/SCAN]: Scanning Mod File: C:\Users\mattw\Documents\Git\SampleMod\.gradle\repositories\ng_dummy_ng\net\neoforged\forge\1.20.1-47.1.106\forge-1.20.1-47.1.106.jar path net/minecraft/world/level/levelgen/structure/templatesystem/BlockMatchTest.class
[13Aug2026 02:00:07.325] [background-scan-handler-0/DEBUG] [net.minecraftforge.fml.loading.moddiscovery.Scanner/SCAN]: Scanning Mod File: C:\Users\mattw\Documents\Git\SampleMod\.gradle\repositories\ng_dummy_ng\net\neoforged\forge\1.20.1-47.1.106\forge-1.20.1-47.1.106.jar path net/minecraft/world/level/levelgen/structure/templatesystem/BlockIgnoreProcessor.class
[13Aug2026 02:00:07.326] [background-scan-handler-2/DEBUG] [net.minecraftforge.fml.loading.moddiscovery.Scanner/SCAN]: Scanning Mod File: / path net/minecraftforge/client/event/RegisterKeyMappingsEvent.class
[13Aug2026 02:00:07.326] [background-scan-handler-2/DEBUG] [net.minecraftforge.fml.loading.moddiscovery.Scanner/SCAN]: Scanning Mod File: / path net/minecraftforge/client/event/RegisterItemDecorationsEvent.class
[13Aug2026 02:00:07.327] [background-scan-handler-2/DEBUG] [net.minecraftforge.fml.loading.moddiscovery.Scanner/SCAN]: Scanning Mod File: / path net/minecraftforge/client/event/RegisterGuiOverlaysEvent.class
[13Aug2026 02:00:07.327] [background-scan-handler-0/DEBUG] [net.minecraftforge.fml.loading.moddiscovery.Scanner/SCAN]: Scanning Mod File: C:\Users\mattw\Documents\Git\SampleMod\.gradle\repositories\ng_dummy_ng\net\neoforged\forge\1.20.1-47.1.106\forge-1.20.1-47.1.106.jar path net/minecraft/world/level/levelgen/structure/templatesystem/BlockAgeProcessor.class
[13Aug2026 02:00:07.327] [background-scan-handler-2/DEBUG] [net.minecraftforge.fml.loading.moddiscovery.Scanner/SCAN]: Scanning Mod File: / path net/minecraftforge/client/event/RegisterGuiOverlaysEvent$Ordering.class
[13Aug2026 02:00:07.327] [background-scan-handler-0/DEBUG] [net.minecraftforge.fml.loading.moddiscovery.Scanner/SCAN]: Scanning Mod File: C:\Users\mattw\Documents\Git\SampleMod\.gradle\repositories\ng_dummy_ng\net\neoforged\forge\1.20.1-47.1.106\forge-1.20.1-47.1.106.jar path net/minecraft/world/level/levelgen/structure/templatesystem/BlackstoneReplaceProcessor.class
[13Aug2026 02:00:07.327] [background-scan-handler-2/DEBUG] [net.minecraftforge.fml.loading.moddiscovery.Scanner/SCAN]: Scanning Mod File: / path net/minecraftforge/client/event/RegisterEntitySpectatorShadersEvent.class
[13Aug2026 02:00:07.327] [background-scan-handler-0/DEBUG] [net.minecraftforge.fml.loading.moddiscovery.Scanner/SCAN]: Scanning Mod File: C:\Users\mattw\Documents\Git\SampleMod\.gradle\repositories\ng_dummy_ng\net\neoforged\forge\1.20.1-47.1.106\forge-1.20.1-47.1.106.jar path net/minecraft/world/level/levelgen/structure/templatesystem/AxisAlignedLinearPosTest.class
[13Aug2026 02:00:07.327] [background-scan-handler-2/DEBUG] [net.minecraftforge.fml.loading.moddiscovery.Scanner/SCAN]: Scanning Mod File: / path net/minecraftforge/client/event/RegisterDimensionSpecialEffectsEvent.class
[13Aug2026 02:00:07.328] [background-scan-handler-2/DEBUG] [net.minecraftforge.fml.loading.moddiscovery.Scanner/SCAN]: Scanning Mod File: / path net/minecraftforge/client/event/RegisterColorHandlersEvent.class
[13Aug2026 02:00:07.328] [background-scan-handler-2/DEBUG] [net.minecraftforge.fml.loading.moddiscovery.Scanner/SCAN]: Scanning Mod File: / path net/minecraftforge/client/event/RegisterColorHandlersEvent$Item.class
[13Aug2026 02:00:07.328] [background-scan-handler-0/DEBUG] [net.minecraftforge.fml.loading.moddiscovery.Scanner/SCAN]: Scanning Mod File: C:\Users\mattw\Documents\Git\SampleMod\.gradle\repositories\ng_dummy_ng\net\neoforged\forge\1.20.1-47.1.106\forge-1.20.1-47.1.106.jar path net/minecraft/world/level/levelgen/structure/templatesystem/AlwaysTrueTest.class
[13Aug2026 02:00:07.328] [background-scan-handler-2/DEBUG] [net.minecraftforge.fml.loading.moddiscovery.Scanner/SCAN]: Scanning Mod File: / path net/minecraftforge/client/event/RegisterColorHandlersEvent$ColorResolvers.class
[13Aug2026 02:00:07.328] [background-scan-handler-0/DEBUG] [net.minecraftforge.fml.loading.moddiscovery.Scanner/SCAN]: Scanning Mod File: C:\Users\mattw\Documents\Git\SampleMod\.gradle\repositories\ng_dummy_ng\net\neoforged\forge\1.20.1-47.1.106\forge-1.20.1-47.1.106.jar path net/minecraft/world/level/levelgen/structure/TemplateStructurePiece.class
[13Aug2026 02:00:07.328] [background-scan-handler-2/DEBUG] [net.minecraftforge.fml.loading.moddiscovery.Scanner/SCAN]: Scanning Mod File: / path net/minecraftforge/client/event/RegisterColorHandlersEvent$Block.class
[13Aug2026 02:00:07.328] [background-scan-handler-2/DEBUG] [net.minecraftforge.fml.loading.moddiscovery.Scanner/SCAN]: Scanning Mod File: / path net/minecraftforge/client/event/RegisterClientTooltipComponentFactoriesEvent.class
[13Aug2026 02:00:07.328] [background-scan-handler-0/DEBUG] [net.minecraftforge.fml.loading.moddiscovery.Scanner/SCAN]: Scanning Mod File: C:\Users\mattw\Documents\Git\SampleMod\.gradle\repositories\ng_dummy_ng\net\neoforged\forge\1.20.1-47.1.106\forge-1.20.1-47.1.106.jar path net/minecraft/world/level/levelgen/structure/StructureType.class
[13Aug2026 02:00:07.328] [background-scan-handler-2/DEBUG] [net.minecraftforge.fml.loading.moddiscovery.Scanner/SCAN]: Scanning Mod File: / path net/minecraftforge/client/event/RegisterClientReloadListenersEvent.class
[13Aug2026 02:00:07.329] [background-scan-handler-0/DEBUG] [net.minecraftforge.fml.loading.moddiscovery.Scanner/SCAN]: Scanning Mod File: C:\Users\mattw\Documents\Git\SampleMod\.gradle\repositories\ng_dummy_ng\net\neoforged\forge\1.20.1-47.1.106\forge-1.20.1-47.1.106.jar path net/minecraft/world/level/levelgen/structure/StructureStart.class
[13Aug2026 02:00:07.329] [background-scan-handler-2/DEBUG] [net.minecraftforge.fml.loading.moddiscovery.Scanner/SCAN]: Scanning Mod File: / path net/minecraftforge/client/event/RegisterClientCommandsEvent.class
[13Aug2026 02:00:07.329] [background-scan-handler-2/DEBUG] [net.minecraftforge.fml.loading.moddiscovery.Scanner/SCAN]: Scanning Mod File: / path net/minecraftforge/client/event/RecipesUpdatedEvent.class
[13Aug2026 02:00:07.329] [background-scan-handler-2/DEBUG] [net.minecraftforge.fml.loading.moddiscovery.Scanner/SCAN]: Scanning Mod File: / path net/minecraftforge/client/event/package-info.class
[13Aug2026 02:00:07.329] [background-scan-handler-2/DEBUG] [net.minecraftforge.fml.loading.moddiscovery.Scanner/SCAN]: Scanning Mod File: / path net/minecraftforge/client/event/MovementInputUpdateEvent.class
[13Aug2026 02:00:07.329] [background-scan-handler-0/DEBUG] [net.minecraftforge.fml.loading.moddiscovery.Scanner/SCAN]: Scanning Mod File: C:\Users\mattw\Documents\Git\SampleMod\.gradle\repositories\ng_dummy_ng\net\neoforged\forge\1.20.1-47.1.106\forge-1.20.1-47.1.106.jar path net/minecraft/world/level/levelgen/structure/StructureSpawnOverride.class
[13Aug2026 02:00:07.329] [background-scan-handler-2/DEBUG] [net.minecraftforge.fml.loading.moddiscovery.Scanner/SCAN]: Scanning Mod File: / path net/minecraftforge/client/event/ModelEvent.class
[13Aug2026 02:00:07.331] [background-scan-handler-0/DEBUG] [net.minecraftforge.fml.loading.moddiscovery.Scanner/SCAN]: Scanning Mod File: C:\Users\mattw\Documents\Git\SampleMod\.gradle\repositories\ng_dummy_ng\net\neoforged\forge\1.20.1-47.1.106\forge-1.20.1-47.1.106.jar path net/minecraft/world/level/levelgen/structure/StructureSpawnOverride$BoundingBoxType.class
[13Aug2026 02:00:07.332] [background-scan-handler-0/DEBUG] [net.minecraftforge.fml.loading.moddiscovery.Scanner/SCAN]: Scanning Mod File: C:\Users\mattw\Documents\Git\SampleMod\.gradle\repositories\ng_dummy_ng\net\neoforged\forge\1.20.1-47.1.106\forge-1.20.1-47.1.106.jar path net/minecraft/world/level/levelgen/structure/StructureSet.class
[13Aug2026 02:00:07.333] [background-scan-handler-2/DEBUG] [net.minecraftforge.fml.loading.moddiscovery.Scanner/SCAN]: Scanning Mod File: / path net/minecraftforge/client/event/ModelEvent$RegisterGeometryLoaders.class
[13Aug2026 02:00:07.333] [background-scan-handler-2/DEBUG] [net.minecraftforge.fml.loading.moddiscovery.Scanner/SCAN]: Scanning Mod File: / path net/minecraftforge/client/event/ModelEvent$RegisterAdditional.class
[13Aug2026 02:00:07.334] [background-scan-handler-2/DEBUG] [net.minecraftforge.fml.loading.moddiscovery.Scanner/SCAN]: Scanning Mod File: / path net/minecraftforge/client/event/ModelEvent$ModifyBakingResult.class
[13Aug2026 02:00:07.334] [background-scan-handler-2/DEBUG] [net.minecraftforge.fml.loading.moddiscovery.Scanner/SCAN]: Scanning Mod File: / path net/minecraftforge/client/event/ModelEvent$BakingCompleted.class
[13Aug2026 02:00:07.334] [background-scan-handler-2/DEBUG] [net.minecraftforge.fml.loading.moddiscovery.Scanner/SCAN]: Scanning Mod File: / path net/minecraftforge/client/event/InputEvent.class
[13Aug2026 02:00:07.335] [background-scan-handler-0/DEBUG] [net.minecraftforge.fml.loading.moddiscovery.Scanner/SCAN]: Scanning Mod File: C:\Users\mattw\Documents\Git\SampleMod\.gradle\repositories\ng_dummy_ng\net\neoforged\forge\1.20.1-47.1.106\forge-1.20.1-47.1.106.jar path net/minecraft/world/level/levelgen/structure/StructureSet$StructureSelectionEntry.class
[13Aug2026 02:00:07.335] [background-scan-handler-2/DEBUG] [net.minecraftforge.fml.loading.moddiscovery.Scanner/SCAN]: Scanning Mod File: / path net/minecraftforge/client/event/InputEvent$MouseScrollingEvent.class
[13Aug2026 02:00:07.337] [background-scan-handler-2/DEBUG] [net.minecraftforge.fml.loading.moddiscovery.Scanner/SCAN]: Scanning Mod File: / path net/minecraftforge/client/event/InputEvent$MouseButton.class
[13Aug2026 02:00:07.338] [background-scan-handler-0/DEBUG] [net.minecraftforge.fml.loading.moddiscovery.Scanner/SCAN]: Scanning Mod File: C:\Users\mattw\Documents\Git\SampleMod\.gradle\repositories\ng_dummy_ng\net\neoforged\forge\1.20.1-47.1.106\forge-1.20.1-47.1.106.jar path net/minecraft/world/level/levelgen/structure/structures/WoodlandMansionStructure.class
[13Aug2026 02:00:07.341] [background-scan-handler-0/DEBUG] [net.minecraftforge.fml.loading.moddiscovery.Scanner/SCAN]: Scanning Mod File: C:\Users\mattw\Documents\Git\SampleMod\.gradle\repositories\ng_dummy_ng\net\neoforged\forge\1.20.1-47.1.106\forge-1.20.1-47.1.106.jar path net/minecraft/world/level/levelgen/structure/structures/WoodlandMansionPieces.class
[13Aug2026 02:00:07.342] [background-scan-handler-0/DEBUG] [net.minecraftforge.fml.loading.moddiscovery.Scanner/SCAN]: Scanning Mod File: C:\Users\mattw\Documents\Git\SampleMod\.gradle\repositories\ng_dummy_ng\net\neoforged\forge\1.20.1-47.1.106\forge-1.20.1-47.1.106.jar path net/minecraft/world/level/levelgen/structure/structures/WoodlandMansionPieces$WoodlandMansionPiece.class
[13Aug2026 02:00:07.342] [background-scan-handler-2/DEBUG] [net.minecraftforge.fml.loading.moddiscovery.Scanner/SCAN]: Scanning Mod File: / path net/minecraftforge/client/event/InputEvent$MouseButton$Pre.class
[13Aug2026 02:00:07.342] [background-scan-handler-2/DEBUG] [net.minecraftforge.fml.loading.moddiscovery.Scanner/SCAN]: Scanning Mod File: / path net/minecraftforge/client/event/InputEvent$MouseButton$Post.class
[13Aug2026 02:00:07.342] [background-scan-handler-0/DEBUG] [net.minecraftforge.fml.loading.moddiscovery.Scanner/SCAN]: Scanning Mod File: C:\Users\mattw\Documents\Git\SampleMod\.gradle\repositories\ng_dummy_ng\net\neoforged\forge\1.20.1-47.1.106\forge-1.20.1-47.1.106.jar path net/minecraft/world/level/levelgen/structure/structures/WoodlandMansionPieces$ThirdFloorRoomCollection.class
[13Aug2026 02:00:07.342] [background-scan-handler-2/DEBUG] [net.minecraftforge.fml.loading.moddiscovery.Scanner/SCAN]: Scanning Mod File: / path net/minecraftforge/client/event/InputEvent$Key.class
[13Aug2026 02:00:07.343] [background-scan-handler-0/DEBUG] [net.minecraftforge.fml.loading.moddiscovery.Scanner/SCAN]: Scanning Mod File: C:\Users\mattw\Documents\Git\SampleMod\.gradle\repositories\ng_dummy_ng\net\neoforged\forge\1.20.1-47.1.106\forge-1.20.1-47.1.106.jar path net/minecraft/world/level/levelgen/structure/structures/WoodlandMansionPieces$SimpleGrid.class
[13Aug2026 02:00:07.343] [background-scan-handler-2/DEBUG] [net.minecraftforge.fml.loading.moddiscovery.Scanner/SCAN]: Scanning Mod File: / path net/minecraftforge/client/event/InputEvent$InteractionKeyMappingTriggered.class
[13Aug2026 02:00:07.343] [background-scan-handler-0/DEBUG] [net.minecraftforge.fml.loading.moddiscovery.Scanner/SCAN]: Scanning Mod File: C:\Users\mattw\Documents\Git\SampleMod\.gradle\repositories\ng_dummy_ng\net\neoforged\forge\1.20.1-47.1.106\forge-1.20.1-47.1.106.jar path net/minecraft/world/level/levelgen/structure/structures/WoodlandMansionPieces$SecondFloorRoomCollection.class
[13Aug2026 02:00:07.343] [background-scan-handler-2/DEBUG] [net.minecraftforge.fml.loading.moddiscovery.Scanner/SCAN]: Scanning Mod File: / path net/minecraftforge/client/event/EntityRenderersEvent.class
[13Aug2026 02:00:07.343] [background-scan-handler-0/DEBUG] [net.minecraftforge.fml.loading.moddiscovery.Scanner/SCAN]: Scanning Mod File: C:\Users\mattw\Documents\Git\SampleMod\.gradle\repositories\ng_dummy_ng\net\neoforged\forge\1.20.1-47.1.106\forge-1.20.1-47.1.106.jar path net/minecraft/world/level/levelgen/structure/structures/WoodlandMansionPieces$PlacementData.class
[13Aug2026 02:00:07.343] [background-scan-handler-2/DEBUG] [net.minecraftforge.fml.loading.moddiscovery.Scanner/SCAN]: Scanning Mod File: / path net/minecraftforge/client/event/EntityRenderersEvent$RegisterRenderers.class
[13Aug2026 02:00:07.344] [background-scan-handler-0/DEBUG] [net.minecraftforge.fml.loading.moddiscovery.Scanner/SCAN]: Scanning Mod File: C:\Users\mattw\Documents\Git\SampleMod\.gradle\repositories\ng_dummy_ng\net\neoforged\forge\1.20.1-47.1.106\forge-1.20.1-47.1.106.jar path net/minecraft/world/level/levelgen/structure/structures/WoodlandMansionPieces$MansionPiecePlacer.class
[13Aug2026 02:00:07.344] [background-scan-handler-2/DEBUG] [net.minecraftforge.fml.loading.moddiscovery.Scanner/SCAN]: Scanning Mod File: / path net/minecraftforge/client/event/EntityRenderersEvent$RegisterLayerDefinitions.class
[13Aug2026 02:00:07.346] [background-scan-handler-0/DEBUG] [net.minecraftforge.fml.loading.moddiscovery.Scanner/SCAN]: Scanning Mod File: C:\Users\mattw\Documents\Git\SampleMod\.gradle\repositories\ng_dummy_ng\net\neoforged\forge\1.20.1-47.1.106\forge-1.20.1-47.1.106.jar path net/minecraft/world/level/levelgen/structure/structures/WoodlandMansionPieces$MansionGrid.class
[13Aug2026 02:00:07.346] [background-scan-handler-2/DEBUG] [net.minecraftforge.fml.loading.moddiscovery.Scanner/SCAN]: Scanning Mod File: / path net/minecraftforge/client/event/EntityRenderersEvent$CreateSkullModels.class
[13Aug2026 02:00:07.347] [background-scan-handler-2/DEBUG] [net.minecraftforge.fml.loading.moddiscovery.Scanner/SCAN]: Scanning Mod File: / path net/minecraftforge/client/event/EntityRenderersEvent$AddLayers.class
[13Aug2026 02:00:07.347] [background-scan-handler-0/DEBUG] [net.minecraftforge.fml.loading.moddiscovery.Scanner/SCAN]: Scanning Mod File: C:\Users\mattw\Documents\Git\SampleMod\.gradle\repositories\ng_dummy_ng\net\neoforged\forge\1.20.1-47.1.106\forge-1.20.1-47.1.106.jar path net/minecraft/world/level/levelgen/structure/structures/WoodlandMansionPieces$FloorRoomCollection.class
[13Aug2026 02:00:07.350] [background-scan-handler-2/DEBUG] [net.minecraftforge.fml.loading.moddiscovery.Scanner/SCAN]: Scanning Mod File: / path net/minecraftforge/client/event/CustomizeGuiOverlayEvent.class
[13Aug2026 02:00:07.350] [background-scan-handler-0/DEBUG] [net.minecraftforge.fml.loading.moddiscovery.Scanner/SCAN]: Scanning Mod File: C:\Users\mattw\Documents\Git\SampleMod\.gradle\repositories\ng_dummy_ng\net\neoforged\forge\1.20.1-47.1.106\forge-1.20.1-47.1.106.jar path net/minecraft/world/level/levelgen/structure/structures/WoodlandMansionPieces$FirstFloorRoomCollection.class
[13Aug2026 02:00:07.350] [background-scan-handler-0/DEBUG] [net.minecraftforge.fml.loading.moddiscovery.Scanner/SCAN]: Scanning Mod File: C:\Users\mattw\Documents\Git\SampleMod\.gradle\repositories\ng_dummy_ng\net\neoforged\forge\1.20.1-47.1.106\forge-1.20.1-47.1.106.jar path net/minecraft/world/level/levelgen/structure/structures/SwampHutStructure.class
[13Aug2026 02:00:07.350] [background-scan-handler-2/DEBUG] [net.minecraftforge.fml.loading.moddiscovery.Scanner/SCAN]: Scanning Mod File: / path net/minecraftforge/client/event/CustomizeGuiOverlayEvent$DebugText.class
[13Aug2026 02:00:07.351] [background-scan-handler-2/DEBUG] [net.minecraftforge.fml.loading.moddiscovery.Scanner/SCAN]: Scanning Mod File: / path net/minecraftforge/client/event/CustomizeGuiOverlayEvent$Chat.class
[13Aug2026 02:00:07.351] [background-scan-handler-2/DEBUG] [net.minecraftforge.fml.loading.moddiscovery.Scanner/SCAN]: Scanning Mod File: / path net/minecraftforge/client/event/CustomizeGuiOverlayEvent$BossEventProgress.class
[13Aug2026 02:00:07.352] [background-scan-handler-0/DEBUG] [net.minecraftforge.fml.loading.moddiscovery.Scanner/SCAN]: Scanning Mod File: C:\Users\mattw\Documents\Git\SampleMod\.gradle\repositories\ng_dummy_ng\net\neoforged\forge\1.20.1-47.1.106\forge-1.20.1-47.1.106.jar path net/minecraft/world/level/levelgen/structure/structures/SwampHutPiece.class
[13Aug2026 02:00:07.352] [background-scan-handler-2/DEBUG] [net.minecraftforge.fml.loading.moddiscovery.Scanner/SCAN]: Scanning Mod File: / path net/minecraftforge/client/event/ContainerScreenEvent.class
[13Aug2026 02:00:07.352] [background-scan-handler-0/DEBUG] [net.minecraftforge.fml.loading.moddiscovery.Scanner/SCAN]: Scanning Mod File: C:\Users\mattw\Documents\Git\SampleMod\.gradle\repositories\ng_dummy_ng\net\neoforged\forge\1.20.1-47.1.106\forge-1.20.1-47.1.106.jar path net/minecraft/world/level/levelgen/structure/structures/StrongholdStructure.class
[13Aug2026 02:00:07.353] [background-scan-handler-2/DEBUG] [net.minecraftforge.fml.loading.moddiscovery.Scanner/SCAN]: Scanning Mod File: / path net/minecraftforge/client/event/ContainerScreenEvent$Render.class
[13Aug2026 02:00:07.354] [background-scan-handler-2/DEBUG] [net.minecraftforge.fml.loading.moddiscovery.Scanner/SCAN]: Scanning Mod File: / path net/minecraftforge/client/event/ContainerScreenEvent$Render$Foreground.class
[13Aug2026 02:00:07.354] [background-scan-handler-0/DEBUG] [net.minecraftforge.fml.loading.moddiscovery.Scanner/SCAN]: Scanning Mod File: C:\Users\mattw\Documents\Git\SampleMod\.gradle\repositories\ng_dummy_ng\net\neoforged\forge\1.20.1-47.1.106\forge-1.20.1-47.1.106.jar path net/minecraft/world/level/levelgen/structure/structures/StrongholdPieces.class
[13Aug2026 02:00:07.355] [background-scan-handler-2/DEBUG] [net.minecraftforge.fml.loading.moddiscovery.Scanner/SCAN]: Scanning Mod File: / path net/minecraftforge/client/event/ContainerScreenEvent$Render$Background.class
[13Aug2026 02:00:07.355] [background-scan-handler-2/DEBUG] [net.minecraftforge.fml.loading.moddiscovery.Scanner/SCAN]: Scanning Mod File: / path net/minecraftforge/client/event/ComputeFovModifierEvent.class
[13Aug2026 02:00:07.355] [background-scan-handler-2/DEBUG] [net.minecraftforge.fml.loading.moddiscovery.Scanner/SCAN]: Scanning Mod File: / path net/minecraftforge/client/event/ClientPlayerNetworkEvent.class
[13Aug2026 02:00:07.355] [background-scan-handler-0/DEBUG] [net.minecraftforge.fml.loading.moddiscovery.Scanner/SCAN]: Scanning Mod File: C:\Users\mattw\Documents\Git\SampleMod\.gradle\repositories\ng_dummy_ng\net\neoforged\forge\1.20.1-47.1.106\forge-1.20.1-47.1.106.jar path net/minecraft/world/level/levelgen/structure/structures/StrongholdPieces$Turn.class
[13Aug2026 02:00:07.355] [background-scan-handler-0/DEBUG] [net.minecraftforge.fml.loading.moddiscovery.Scanner/SCAN]: Scanning Mod File: C:\Users\mattw\Documents\Git\SampleMod\.gradle\repositories\ng_dummy_ng\net\neoforged\forge\1.20.1-47.1.106\forge-1.20.1-47.1.106.jar path net/minecraft/world/level/levelgen/structure/structures/StrongholdPieces$StrongholdPiece.class
[13Aug2026 02:00:07.355] [background-scan-handler-2/DEBUG] [net.minecraftforge.fml.loading.moddiscovery.Scanner/SCAN]: Scanning Mod File: / path net/minecraftforge/client/event/ClientPlayerNetworkEvent$LoggingOut.class
[13Aug2026 02:00:07.355] [background-scan-handler-0/DEBUG] [net.minecraftforge.fml.loading.moddiscovery.Scanner/SCAN]: Scanning Mod File: C:\Users\mattw\Documents\Git\SampleMod\.gradle\repositories\ng_dummy_ng\net\neoforged\forge\1.20.1-47.1.106\forge-1.20.1-47.1.106.jar path net/minecraft/world/level/levelgen/structure/structures/StrongholdPieces$StrongholdPiece$SmallDoorType.class
[13Aug2026 02:00:07.355] [background-scan-handler-2/DEBUG] [net.minecraftforge.fml.loading.moddiscovery.Scanner/SCAN]: Scanning Mod File: / path net/minecraftforge/client/event/ClientPlayerNetworkEvent$LoggingIn.class
[13Aug2026 02:00:07.355] [background-scan-handler-0/DEBUG] [net.minecraftforge.fml.loading.moddiscovery.Scanner/SCAN]: Scanning Mod File: C:\Users\mattw\Documents\Git\SampleMod\.gradle\repositories\ng_dummy_ng\net\neoforged\forge\1.20.1-47.1.106\forge-1.20.1-47.1.106.jar path net/minecraft/world/level/levelgen/structure/structures/StrongholdPieces$StraightStairsDown.class
[13Aug2026 02:00:07.357] [background-scan-handler-2/DEBUG] [net.minecraftforge.fml.loading.moddiscovery.Scanner/SCAN]: Scanning Mod File: / path net/minecraftforge/client/event/ClientPlayerNetworkEvent$Clone.class
[13Aug2026 02:00:07.357] [background-scan-handler-0/DEBUG] [net.minecraftforge.fml.loading.moddiscovery.Scanner/SCAN]: Scanning Mod File: C:\Users\mattw\Documents\Git\SampleMod\.gradle\repositories\ng_dummy_ng\net\neoforged\forge\1.20.1-47.1.106\forge-1.20.1-47.1.106.jar path net/minecraft/world/level/levelgen/structure/structures/StrongholdPieces$Straight.class
[13Aug2026 02:00:07.357] [background-scan-handler-0/DEBUG] [net.minecraftforge.fml.loading.moddiscovery.Scanner/SCAN]: Scanning Mod File: C:\Users\mattw\Documents\Git\SampleMod\.gradle\repositories\ng_dummy_ng\net\neoforged\forge\1.20.1-47.1.106\forge-1.20.1-47.1.106.jar path net/minecraft/world/level/levelgen/structure/structures/StrongholdPieces$StartPiece.class
[13Aug2026 02:00:07.357] [background-scan-handler-2/DEBUG] [net.minecraftforge.fml.loading.moddiscovery.Scanner/SCAN]: Scanning Mod File: / path net/minecraftforge/client/event/ClientPlayerChangeGameTypeEvent.class
[13Aug2026 02:00:07.357] [background-scan-handler-2/DEBUG] [net.minecraftforge.fml.loading.moddiscovery.Scanner/SCAN]: Scanning Mod File: / path net/minecraftforge/client/event/ClientChatReceivedEvent.class
[13Aug2026 02:00:07.358] [background-scan-handler-0/DEBUG] [net.minecraftforge.fml.loading.moddiscovery.Scanner/SCAN]: Scanning Mod File: C:\Users\mattw\Documents\Git\SampleMod\.gradle\repositories\ng_dummy_ng\net\neoforged\forge\1.20.1-47.1.106\forge-1.20.1-47.1.106.jar path net/minecraft/world/level/levelgen/structure/structures/StrongholdPieces$StairsDown.class
[13Aug2026 02:00:07.359] [background-scan-handler-0/DEBUG] [net.minecraftforge.fml.loading.moddiscovery.Scanner/SCAN]: Scanning Mod File: C:\Users\mattw\Documents\Git\SampleMod\.gradle\repositories\ng_dummy_ng\net\neoforged\forge\1.20.1-47.1.106\forge-1.20.1-47.1.106.jar path net/minecraft/world/level/levelgen/structure/structures/StrongholdPieces$SmoothStoneSelector.class
[13Aug2026 02:00:07.359] [background-scan-handler-2/DEBUG] [net.minecraftforge.fml.loading.moddiscovery.Scanner/SCAN]: Scanning Mod File: / path net/minecraftforge/client/event/ClientChatReceivedEvent$System.class
[13Aug2026 02:00:07.360] [background-scan-handler-0/DEBUG] [net.minecraftforge.fml.loading.moddiscovery.Scanner/SCAN]: Scanning Mod File: C:\Users\mattw\Documents\Git\SampleMod\.gradle\repositories\ng_dummy_ng\net\neoforged\forge\1.20.1-47.1.106\forge-1.20.1-47.1.106.jar path net/minecraft/world/level/levelgen/structure/structures/StrongholdPieces$RoomCrossing.class
[13Aug2026 02:00:07.360] [background-scan-handler-2/DEBUG] [net.minecraftforge.fml.loading.moddiscovery.Scanner/SCAN]: Scanning Mod File: / path net/minecraftforge/client/event/ClientChatReceivedEvent$Player.class
[13Aug2026 02:00:07.360] [background-scan-handler-2/DEBUG] [net.minecraftforge.fml.loading.moddiscovery.Scanner/SCAN]: Scanning Mod File: / path net/minecraftforge/client/event/ClientChatEvent.class
[13Aug2026 02:00:07.360] [background-scan-handler-2/DEBUG] [net.minecraftforge.fml.loading.moddiscovery.Scanner/SCAN]: Scanning Mod File: / path net/minecraftforge/client/EntitySpectatorShaderManager.class
[13Aug2026 02:00:07.361] [background-scan-handler-0/DEBUG] [net.minecraftforge.fml.loading.moddiscovery.Scanner/SCAN]: Scanning Mod File: C:\Users\mattw\Documents\Git\SampleMod\.gradle\repositories\ng_dummy_ng\net\neoforged\forge\1.20.1-47.1.106\forge-1.20.1-47.1.106.jar path net/minecraft/world/level/levelgen/structure/structures/StrongholdPieces$RightTurn.class
[13Aug2026 02:00:07.362] [background-scan-handler-2/DEBUG] [net.minecraftforge.fml.loading.moddiscovery.Scanner/SCAN]: Scanning Mod File: / path net/minecraftforge/client/DimensionSpecialEffectsManager.class
[13Aug2026 02:00:07.362] [background-scan-handler-0/DEBUG] [net.minecraftforge.fml.loading.moddiscovery.Scanner/SCAN]: Scanning Mod File: C:\Users\mattw\Documents\Git\SampleMod\.gradle\repositories\ng_dummy_ng\net\neoforged\forge\1.20.1-47.1.106\forge-1.20.1-47.1.106.jar path net/minecraft/world/level/levelgen/structure/structures/StrongholdPieces$PrisonHall.class
[13Aug2026 02:00:07.364] [background-scan-handler-0/DEBUG] [net.minecraftforge.fml.loading.moddiscovery.Scanner/SCAN]: Scanning Mod File: C:\Users\mattw\Documents\Git\SampleMod\.gradle\repositories\ng_dummy_ng\net\neoforged\forge\1.20.1-47.1.106\forge-1.20.1-47.1.106.jar path net/minecraft/world/level/levelgen/structure/structures/StrongholdPieces$PortalRoom.class
[13Aug2026 02:00:07.365] [background-scan-handler-2/DEBUG] [net.minecraftforge.fml.loading.moddiscovery.Scanner/SCAN]: Scanning Mod File: / path net/minecraftforge/client/CreativeModeTabSearchRegistry.class
[13Aug2026 02:00:07.365] [background-scan-handler-0/DEBUG] [net.minecraftforge.fml.loading.moddiscovery.Scanner/SCAN]: Scanning Mod File: C:\Users\mattw\Documents\Git\SampleMod\.gradle\repositories\ng_dummy_ng\net\neoforged\forge\1.20.1-47.1.106\forge-1.20.1-47.1.106.jar path net/minecraft/world/level/levelgen/structure/structures/StrongholdPieces$PieceWeight.class
[13Aug2026 02:00:07.366] [background-scan-handler-0/DEBUG] [net.minecraftforge.fml.loading.moddiscovery.Scanner/SCAN]: Scanning Mod File: C:\Users\mattw\Documents\Git\SampleMod\.gradle\repositories\ng_dummy_ng\net\neoforged\forge\1.20.1-47.1.106\forge-1.20.1-47.1.106.jar path net/minecraft/world/level/levelgen/structure/structures/StrongholdPieces$Library.class
[13Aug2026 02:00:07.368] [background-scan-handler-2/DEBUG] [net.minecraftforge.fml.loading.moddiscovery.Scanner/SCAN]: Scanning Mod File: / path net/minecraftforge/client/ConfigScreenHandler.class
[13Aug2026 02:00:07.368] [background-scan-handler-2/DEBUG] [net.minecraftforge.fml.loading.moddiscovery.Scanner/SCAN]: Scanning Mod File: / path net/minecraftforge/client/ConfigScreenHandler$ConfigScreenFactory.class
[13Aug2026 02:00:07.368] [background-scan-handler-0/DEBUG] [net.minecraftforge.fml.loading.moddiscovery.Scanner/SCAN]: Scanning Mod File: C:\Users\mattw\Documents\Git\SampleMod\.gradle\repositories\ng_dummy_ng\net\neoforged\forge\1.20.1-47.1.106\forge-1.20.1-47.1.106.jar path net/minecraft/world/level/levelgen/structure/structures/StrongholdPieces$LeftTurn.class
[13Aug2026 02:00:07.368] [background-scan-handler-0/DEBUG] [net.minecraftforge.fml.loading.moddiscovery.Scanner/SCAN]: Scanning Mod File: C:\Users\mattw\Documents\Git\SampleMod\.gradle\repositories\ng_dummy_ng\net\neoforged\forge\1.20.1-47.1.106\forge-1.20.1-47.1.106.jar path net/minecraft/world/level/levelgen/structure/structures/StrongholdPieces$FiveCrossing.class
[13Aug2026 02:00:07.369] [background-scan-handler-2/DEBUG] [net.minecraftforge.fml.loading.moddiscovery.Scanner/SCAN]: Scanning Mod File: / path net/minecraftforge/client/ColorResolverManager.class
[13Aug2026 02:00:07.369] [background-scan-handler-0/DEBUG] [net.minecraftforge.fml.loading.moddiscovery.Scanner/SCAN]: Scanning Mod File: C:\Users\mattw\Documents\Git\SampleMod\.gradle\repositories\ng_dummy_ng\net\neoforged\forge\1.20.1-47.1.106\forge-1.20.1-47.1.106.jar path net/minecraft/world/level/levelgen/structure/structures/StrongholdPieces$FillerCorridor.class
[13Aug2026 02:00:07.370] [background-scan-handler-0/DEBUG] [net.minecraftforge.fml.loading.moddiscovery.Scanner/SCAN]: Scanning Mod File: C:\Users\mattw\Documents\Git\SampleMod\.gradle\repositories\ng_dummy_ng\net\neoforged\forge\1.20.1-47.1.106\forge-1.20.1-47.1.106.jar path net/minecraft/world/level/levelgen/structure/structures/StrongholdPieces$ChestCorridor.class
[13Aug2026 02:00:07.370] [background-scan-handler-2/DEBUG] [net.minecraftforge.fml.loading.moddiscovery.Scanner/SCAN]: Scanning Mod File: / path net/minecraftforge/client/ClientForgeMod.class
[13Aug2026 02:00:07.370] [background-scan-handler-0/DEBUG] [net.minecraftforge.fml.loading.moddiscovery.Scanner/SCAN]: Scanning Mod File: C:\Users\mattw\Documents\Git\SampleMod\.gradle\repositories\ng_dummy_ng\net\neoforged\forge\1.20.1-47.1.106\forge-1.20.1-47.1.106.jar path net/minecraft/world/level/levelgen/structure/structures/StrongholdPieces$3.class
[13Aug2026 02:00:07.370] [background-scan-handler-0/DEBUG] [net.minecraftforge.fml.loading.moddiscovery.Scanner/SCAN]: Scanning Mod File: C:\Users\mattw\Documents\Git\SampleMod\.gradle\repositories\ng_dummy_ng\net\neoforged\forge\1.20.1-47.1.106\forge-1.20.1-47.1.106.jar path net/minecraft/world/level/levelgen/structure/structures/StrongholdPieces$2.class
[13Aug2026 02:00:07.370] [background-scan-handler-2/DEBUG] [net.minecraftforge.fml.loading.moddiscovery.Scanner/SCAN]: Scanning Mod File: / path net/minecraftforge/client/ClientCommandSourceStack.class
[13Aug2026 02:00:07.371] [background-scan-handler-0/DEBUG] [net.minecraftforge.fml.loading.moddiscovery.Scanner/SCAN]: Scanning Mod File: C:\Users\mattw\Documents\Git\SampleMod\.gradle\repositories\ng_dummy_ng\net\neoforged\forge\1.20.1-47.1.106\forge-1.20.1-47.1.106.jar path net/minecraft/world/level/levelgen/structure/structures/StrongholdPieces$1.class
[13Aug2026 02:00:07.371] [background-scan-handler-0/DEBUG] [net.minecraftforge.fml.loading.moddiscovery.Scanner/SCAN]: Scanning Mod File: C:\Users\mattw\Documents\Git\SampleMod\.gradle\repositories\ng_dummy_ng\net\neoforged\forge\1.20.1-47.1.106\forge-1.20.1-47.1.106.jar path net/minecraft/world/level/levelgen/structure/structures/ShipwreckStructure.class
[13Aug2026 02:00:07.371] [background-scan-handler-0/DEBUG] [net.minecraftforge.fml.loading.moddiscovery.Scanner/SCAN]: Scanning Mod File: C:\Users\mattw\Documents\Git\SampleMod\.gradle\repositories\ng_dummy_ng\net\neoforged\forge\1.20.1-47.1.106\forge-1.20.1-47.1.106.jar path net/minecraft/world/level/levelgen/structure/structures/ShipwreckPieces.class
[13Aug2026 02:00:07.371] [background-scan-handler-0/DEBUG] [net.minecraftforge.fml.loading.moddiscovery.Scanner/SCAN]: Scanning Mod File: C:\Users\mattw\Documents\Git\SampleMod\.gradle\repositories\ng_dummy_ng\net\neoforged\forge\1.20.1-47.1.106\forge-1.20.1-47.1.106.jar path net/minecraft/world/level/levelgen/structure/structures/ShipwreckPieces$ShipwreckPiece.class
[13Aug2026 02:00:07.371] [background-scan-handler-2/DEBUG] [net.minecraftforge.fml.loading.moddiscovery.Scanner/SCAN]: Scanning Mod File: / path net/minecraftforge/client/ClientCommandHandler.class
[13Aug2026 02:00:07.372] [background-scan-handler-0/DEBUG] [net.minecraftforge.fml.loading.moddiscovery.Scanner/SCAN]: Scanning Mod File: C:\Users\mattw\Documents\Git\SampleMod\.gradle\repositories\ng_dummy_ng\net\neoforged\forge\1.20.1-47.1.106\forge-1.20.1-47.1.106.jar path net/minecraft/world/level/levelgen/structure/structures/RuinedPortalStructure.class
[13Aug2026 02:00:07.372] [background-scan-handler-2/DEBUG] [net.minecraftforge.fml.loading.moddiscovery.Scanner/SCAN]: Scanning Mod File: / path net/minecraftforge/client/ChunkRenderTypeSet.class
[13Aug2026 02:00:07.373] [background-scan-handler-2/DEBUG] [net.minecraftforge.fml.loading.moddiscovery.Scanner/SCAN]: Scanning Mod File: / path net/minecraftforge/client/ChunkRenderTypeSet$None.class
[13Aug2026 02:00:07.373] [background-scan-handler-2/DEBUG] [net.minecraftforge.fml.loading.moddiscovery.Scanner/SCAN]: Scanning Mod File: / path net/minecraftforge/client/ChunkRenderTypeSet$IteratorImpl.class
[13Aug2026 02:00:07.375] [background-scan-handler-2/DEBUG] [net.minecraftforge.fml.loading.moddiscovery.Scanner/SCAN]: Scanning Mod File: / path net/minecraftforge/client/ChunkRenderTypeSet$All.class
[13Aug2026 02:00:07.375] [background-scan-handler-0/DEBUG] [net.minecraftforge.fml.loading.moddiscovery.Scanner/SCAN]: Scanning Mod File: C:\Users\mattw\Documents\Git\SampleMod\.gradle\repositories\ng_dummy_ng\net\neoforged\forge\1.20.1-47.1.106\forge-1.20.1-47.1.106.jar path net/minecraft/world/level/levelgen/structure/structures/RuinedPortalStructure$Setup.class
[13Aug2026 02:00:07.375] [background-scan-handler-0/DEBUG] [net.minecraftforge.fml.loading.moddiscovery.Scanner/SCAN]: Scanning Mod File: C:\Users\mattw\Documents\Git\SampleMod\.gradle\repositories\ng_dummy_ng\net\neoforged\forge\1.20.1-47.1.106\forge-1.20.1-47.1.106.jar path net/minecraft/world/level/levelgen/structure/structures/RuinedPortalPiece.class
[13Aug2026 02:00:07.377] [background-scan-handler-0/DEBUG] [net.minecraftforge.fml.loading.moddiscovery.Scanner/SCAN]: Scanning Mod File: C:\Users\mattw\Documents\Git\SampleMod\.gradle\repositories\ng_dummy_ng\net\neoforged\forge\1.20.1-47.1.106\forge-1.20.1-47.1.106.jar path net/minecraft/world/level/levelgen/structure/structures/RuinedPortalPiece$VerticalPlacement.class
[13Aug2026 02:00:07.377] [background-scan-handler-0/DEBUG] [net.minecraftforge.fml.loading.moddiscovery.Scanner/SCAN]: Scanning Mod File: C:\Users\mattw\Documents\Git\SampleMod\.gradle\repositories\ng_dummy_ng\net\neoforged\forge\1.20.1-47.1.106\forge-1.20.1-47.1.106.jar path net/minecraft/world/level/levelgen/structure/structures/RuinedPortalPiece$Properties.class
[13Aug2026 02:00:07.377] [background-scan-handler-0/DEBUG] [net.minecraftforge.fml.loading.moddiscovery.Scanner/SCAN]: Scanning Mod File: C:\Users\mattw\Documents\Git\SampleMod\.gradle\repositories\ng_dummy_ng\net\neoforged\forge\1.20.1-47.1.106\forge-1.20.1-47.1.106.jar path net/minecraft/world/level/levelgen/structure/structures/package-info.class
[13Aug2026 02:00:07.377] [background-scan-handler-0/DEBUG] [net.minecraftforge.fml.loading.moddiscovery.Scanner/SCAN]: Scanning Mod File: C:\Users\mattw\Documents\Git\SampleMod\.gradle\repositories\ng_dummy_ng\net\neoforged\forge\1.20.1-47.1.106\forge-1.20.1-47.1.106.jar path net/minecraft/world/level/levelgen/structure/structures/OceanRuinStructure.class
[13Aug2026 02:00:07.378] [background-scan-handler-0/DEBUG] [net.minecraftforge.fml.loading.moddiscovery.Scanner/SCAN]: Scanning Mod File: C:\Users\mattw\Documents\Git\SampleMod\.gradle\repositories\ng_dummy_ng\net\neoforged\forge\1.20.1-47.1.106\forge-1.20.1-47.1.106.jar path net/minecraft/world/level/levelgen/structure/structures/OceanRuinStructure$Type.class
[13Aug2026 02:00:07.379] [background-scan-handler-0/DEBUG] [net.minecraftforge.fml.loading.moddiscovery.Scanner/SCAN]: Scanning Mod File: C:\Users\mattw\Documents\Git\SampleMod\.gradle\repositories\ng_dummy_ng\net\neoforged\forge\1.20.1-47.1.106\forge-1.20.1-47.1.106.jar path net/minecraft/world/level/levelgen/structure/structures/OceanRuinPieces.class
[13Aug2026 02:00:07.379] [background-scan-handler-0/DEBUG] [net.minecraftforge.fml.loading.moddiscovery.Scanner/SCAN]: Scanning Mod File: C:\Users\mattw\Documents\Git\SampleMod\.gradle\repositories\ng_dummy_ng\net\neoforged\forge\1.20.1-47.1.106\forge-1.20.1-47.1.106.jar path net/minecraft/world/level/levelgen/structure/structures/OceanRuinPieces$OceanRuinPiece.class
[13Aug2026 02:00:07.380] [background-scan-handler-0/DEBUG] [net.minecraftforge.fml.loading.moddiscovery.Scanner/SCAN]: Scanning Mod File: C:\Users\mattw\Documents\Git\SampleMod\.gradle\repositories\ng_dummy_ng\net\neoforged\forge\1.20.1-47.1.106\forge-1.20.1-47.1.106.jar path net/minecraft/world/level/levelgen/structure/structures/OceanRuinPieces$1.class
[13Aug2026 02:00:07.380] [background-scan-handler-0/DEBUG] [net.minecraftforge.fml.loading.moddiscovery.Scanner/SCAN]: Scanning Mod File: C:\Users\mattw\Documents\Git\SampleMod\.gradle\repositories\ng_dummy_ng\net\neoforged\forge\1.20.1-47.1.106\forge-1.20.1-47.1.106.jar path net/minecraft/world/level/levelgen/structure/structures/OceanMonumentStructure.class
[13Aug2026 02:00:07.382] [background-scan-handler-0/DEBUG] [net.minecraftforge.fml.loading.moddiscovery.Scanner/SCAN]: Scanning Mod File: C:\Users\mattw\Documents\Git\SampleMod\.gradle\repositories\ng_dummy_ng\net\neoforged\forge\1.20.1-47.1.106\forge-1.20.1-47.1.106.jar path net/minecraft/world/level/levelgen/structure/structures/OceanMonumentPieces.class
[13Aug2026 02:00:07.382] [background-scan-handler-0/DEBUG] [net.minecraftforge.fml.loading.moddiscovery.Scanner/SCAN]: Scanning Mod File: C:\Users\mattw\Documents\Git\SampleMod\.gradle\repositories\ng_dummy_ng\net\neoforged\forge\1.20.1-47.1.106\forge-1.20.1-47.1.106.jar path net/minecraft/world/level/levelgen/structure/structures/OceanMonumentPieces$RoomDefinition.class
[13Aug2026 02:00:07.383] [background-scan-handler-0/DEBUG] [net.minecraftforge.fml.loading.moddiscovery.Scanner/SCAN]: Scanning Mod File: C:\Users\mattw\Documents\Git\SampleMod\.gradle\repositories\ng_dummy_ng\net\neoforged\forge\1.20.1-47.1.106\forge-1.20.1-47.1.106.jar path net/minecraft/world/level/levelgen/structure/structures/OceanMonumentPieces$OceanMonumentWingRoom.class
[13Aug2026 02:00:07.383] [background-scan-handler-0/DEBUG] [net.minecraftforge.fml.loading.moddiscovery.Scanner/SCAN]: Scanning Mod File: C:\Users\mattw\Documents\Git\SampleMod\.gradle\repositories\ng_dummy_ng\net\neoforged\forge\1.20.1-47.1.106\forge-1.20.1-47.1.106.jar path net/minecraft/world/level/levelgen/structure/structures/OceanMonumentPieces$OceanMonumentSimpleTopRoom.class
[13Aug2026 02:00:07.383] [background-scan-handler-0/DEBUG] [net.minecraftforge.fml.loading.moddiscovery.Scanner/SCAN]: Scanning Mod File: C:\Users\mattw\Documents\Git\SampleMod\.gradle\repositories\ng_dummy_ng\net\neoforged\forge\1.20.1-47.1.106\forge-1.20.1-47.1.106.jar path net/minecraft/world/level/levelgen/structure/structures/OceanMonumentPieces$OceanMonumentSimpleRoom.class
[13Aug2026 02:00:07.384] [background-scan-handler-0/DEBUG] [net.minecraftforge.fml.loading.moddiscovery.Scanner/SCAN]: Scanning Mod File: C:\Users\mattw\Documents\Git\SampleMod\.gradle\repositories\ng_dummy_ng\net\neoforged\forge\1.20.1-47.1.106\forge-1.20.1-47.1.106.jar path net/minecraft/world/level/levelgen/structure/structures/OceanMonumentPieces$OceanMonumentPiece.class
[13Aug2026 02:00:07.384] [background-scan-handler-0/DEBUG] [net.minecraftforge.fml.loading.moddiscovery.Scanner/SCAN]: Scanning Mod File: C:\Users\mattw\Documents\Git\SampleMod\.gradle\repositories\ng_dummy_ng\net\neoforged\forge\1.20.1-47.1.106\forge-1.20.1-47.1.106.jar path net/minecraft/world/level/levelgen/structure/structures/OceanMonumentPieces$OceanMonumentPenthouse.class
[13Aug2026 02:00:07.385] [background-scan-handler-0/DEBUG] [net.minecraftforge.fml.loading.moddiscovery.Scanner/SCAN]: Scanning Mod File: C:\Users\mattw\Documents\Git\SampleMod\.gradle\repositories\ng_dummy_ng\net\neoforged\forge\1.20.1-47.1.106\forge-1.20.1-47.1.106.jar path net/minecraft/world/level/levelgen/structure/structures/OceanMonumentPieces$OceanMonumentEntryRoom.class
[13Aug2026 02:00:07.387] [background-scan-handler-0/DEBUG] [net.minecraftforge.fml.loading.moddiscovery.Scanner/SCAN]: Scanning Mod File: C:\Users\mattw\Documents\Git\SampleMod\.gradle\repositories\ng_dummy_ng\net\neoforged\forge\1.20.1-47.1.106\forge-1.20.1-47.1.106.jar path net/minecraft/world/level/levelgen/structure/structures/OceanMonumentPieces$OceanMonumentDoubleZRoom.class
[13Aug2026 02:00:07.387] [background-scan-handler-0/DEBUG] [net.minecraftforge.fml.loading.moddiscovery.Scanner/SCAN]: Scanning Mod File: C:\Users\mattw\Documents\Git\SampleMod\.gradle\repositories\ng_dummy_ng\net\neoforged\forge\1.20.1-47.1.106\forge-1.20.1-47.1.106.jar path net/minecraft/world/level/levelgen/structure/structures/OceanMonumentPieces$OceanMonumentDoubleYZRoom.class
[13Aug2026 02:00:07.387] [background-scan-handler-0/DEBUG] [net.minecraftforge.fml.loading.moddiscovery.Scanner/SCAN]: Scanning Mod File: C:\Users\mattw\Documents\Git\SampleMod\.gradle\repositories\ng_dummy_ng\net\neoforged\forge\1.20.1-47.1.106\forge-1.20.1-47.1.106.jar path net/minecraft/world/level/levelgen/structure/structures/OceanMonumentPieces$OceanMonumentDoubleYRoom.class
[13Aug2026 02:00:07.389] [background-scan-handler-0/DEBUG] [net.minecraftforge.fml.loading.moddiscovery.Scanner/SCAN]: Scanning Mod File: C:\Users\mattw\Documents\Git\SampleMod\.gradle\repositories\ng_dummy_ng\net\neoforged\forge\1.20.1-47.1.106\forge-1.20.1-47.1.106.jar path net/minecraft/world/level/levelgen/structure/structures/OceanMonumentPieces$OceanMonumentDoubleXYRoom.class
[13Aug2026 02:00:07.389] [background-scan-handler-0/DEBUG] [net.minecraftforge.fml.loading.moddiscovery.Scanner/SCAN]: Scanning Mod File: C:\Users\mattw\Documents\Git\SampleMod\.gradle\repositories\ng_dummy_ng\net\neoforged\forge\1.20.1-47.1.106\forge-1.20.1-47.1.106.jar path net/minecraft/world/level/levelgen/structure/structures/OceanMonumentPieces$OceanMonumentDoubleXRoom.class
[13Aug2026 02:00:07.390] [background-scan-handler-0/DEBUG] [net.minecraftforge.fml.loading.moddiscovery.Scanner/SCAN]: Scanning Mod File: C:\Users\mattw\Documents\Git\SampleMod\.gradle\repositories\ng_dummy_ng\net\neoforged\forge\1.20.1-47.1.106\forge-1.20.1-47.1.106.jar path net/minecraft/world/level/levelgen/structure/structures/OceanMonumentPieces$OceanMonumentCoreRoom.class
[13Aug2026 02:00:07.390] [background-scan-handler-0/DEBUG] [net.minecraftforge.fml.loading.moddiscovery.Scanner/SCAN]: Scanning Mod File: C:\Users\mattw\Documents\Git\SampleMod\.gradle\repositories\ng_dummy_ng\net\neoforged\forge\1.20.1-47.1.106\forge-1.20.1-47.1.106.jar path net/minecraft/world/level/levelgen/structure/structures/OceanMonumentPieces$MonumentRoomFitter.class
[13Aug2026 02:00:07.390] [background-scan-handler-0/DEBUG] [net.minecraftforge.fml.loading.moddiscovery.Scanner/SCAN]: Scanning Mod File: C:\Users\mattw\Documents\Git\SampleMod\.gradle\repositories\ng_dummy_ng\net\neoforged\forge\1.20.1-47.1.106\forge-1.20.1-47.1.106.jar path net/minecraft/world/level/levelgen/structure/structures/OceanMonumentPieces$MonumentBuilding.class
[13Aug2026 02:00:07.391] [background-scan-handler-0/DEBUG] [net.minecraftforge.fml.loading.moddiscovery.Scanner/SCAN]: Scanning Mod File: C:\Users\mattw\Documents\Git\SampleMod\.gradle\repositories\ng_dummy_ng\net\neoforged\forge\1.20.1-47.1.106\forge-1.20.1-47.1.106.jar path net/minecraft/world/level/levelgen/structure/structures/OceanMonumentPieces$FitSimpleTopRoom.class
[13Aug2026 02:00:07.392] [background-scan-handler-0/DEBUG] [net.minecraftforge.fml.loading.moddiscovery.Scanner/SCAN]: Scanning Mod File: C:\Users\mattw\Documents\Git\SampleMod\.gradle\repositories\ng_dummy_ng\net\neoforged\forge\1.20.1-47.1.106\forge-1.20.1-47.1.106.jar path net/minecraft/world/level/levelgen/structure/structures/OceanMonumentPieces$FitSimpleRoom.class
[13Aug2026 02:00:07.392] [background-scan-handler-0/DEBUG] [net.minecraftforge.fml.loading.moddiscovery.Scanner/SCAN]: Scanning Mod File: C:\Users\mattw\Documents\Git\SampleMod\.gradle\repositories\ng_dummy_ng\net\neoforged\forge\1.20.1-47.1.106\forge-1.20.1-47.1.106.jar path net/minecraft/world/level/levelgen/structure/structures/OceanMonumentPieces$FitDoubleZRoom.class
[13Aug2026 02:00:07.392] [background-scan-handler-0/DEBUG] [net.minecraftforge.fml.loading.moddiscovery.Scanner/SCAN]: Scanning Mod File: C:\Users\mattw\Documents\Git\SampleMod\.gradle\repositories\ng_dummy_ng\net\neoforged\forge\1.20.1-47.1.106\forge-1.20.1-47.1.106.jar path net/minecraft/world/level/levelgen/structure/structures/OceanMonumentPieces$FitDoubleYZRoom.class
[13Aug2026 02:00:07.393] [background-scan-handler-0/DEBUG] [net.minecraftforge.fml.loading.moddiscovery.Scanner/SCAN]: Scanning Mod File: C:\Users\mattw\Documents\Git\SampleMod\.gradle\repositories\ng_dummy_ng\net\neoforged\forge\1.20.1-47.1.106\forge-1.20.1-47.1.106.jar path net/minecraft/world/level/levelgen/structure/structures/OceanMonumentPieces$FitDoubleYRoom.class
[13Aug2026 02:00:07.394] [background-scan-handler-0/DEBUG] [net.minecraftforge.fml.loading.moddiscovery.Scanner/SCAN]: Scanning Mod File: C:\Users\mattw\Documents\Git\SampleMod\.gradle\repositories\ng_dummy_ng\net\neoforged\forge\1.20.1-47.1.106\forge-1.20.1-47.1.106.jar path net/minecraft/world/level/levelgen/structure/structures/OceanMonumentPieces$FitDoubleXYRoom.class
[13Aug2026 02:00:07.397] [background-scan-handler-0/DEBUG] [net.minecraftforge.fml.loading.moddiscovery.Scanner/SCAN]: Scanning Mod File: C:\Users\mattw\Documents\Git\SampleMod\.gradle\repositories\ng_dummy_ng\net\neoforged\forge\1.20.1-47.1.106\forge-1.20.1-47.1.106.jar path net/minecraft/world/level/levelgen/structure/structures/OceanMonumentPieces$FitDoubleXRoom.class
[13Aug2026 02:00:07.397] [background-scan-handler-0/DEBUG] [net.minecraftforge.fml.loading.moddiscovery.Scanner/SCAN]: Scanning Mod File: C:\Users\mattw\Documents\Git\SampleMod\.gradle\repositories\ng_dummy_ng\net\neoforged\forge\1.20.1-47.1.106\forge-1.20.1-47.1.106.jar path net/minecraft/world/level/levelgen/structure/structures/OceanMonumentPieces$1.class
[13Aug2026 02:00:07.403] [background-scan-handler-0/DEBUG] [net.minecraftforge.fml.loading.moddiscovery.Scanner/SCAN]: Scanning Mod File: C:\Users\mattw\Documents\Git\SampleMod\.gradle\repositories\ng_dummy_ng\net\neoforged\forge\1.20.1-47.1.106\forge-1.20.1-47.1.106.jar path net/minecraft/world/level/levelgen/structure/structures/NetherFossilStructure.class
[13Aug2026 02:00:07.405] [background-scan-handler-0/DEBUG] [net.minecraftforge.fml.loading.moddiscovery.Scanner/SCAN]: Scanning Mod File: C:\Users\mattw\Documents\Git\SampleMod\.gradle\repositories\ng_dummy_ng\net\neoforged\forge\1.20.1-47.1.106\forge-1.20.1-47.1.106.jar path net/minecraft/world/level/levelgen/structure/structures/NetherFossilPieces.class
[13Aug2026 02:00:07.405] [background-scan-handler-0/DEBUG] [net.minecraftforge.fml.loading.moddiscovery.Scanner/SCAN]: Scanning Mod File: C:\Users\mattw\Documents\Git\SampleMod\.gradle\repositories\ng_dummy_ng\net\neoforged\forge\1.20.1-47.1.106\forge-1.20.1-47.1.106.jar path net/minecraft/world/level/levelgen/structure/structures/NetherFossilPieces$NetherFossilPiece.class
[13Aug2026 02:00:07.405] [background-scan-handler-0/DEBUG] [net.minecraftforge.fml.loading.moddiscovery.Scanner/SCAN]: Scanning Mod File: C:\Users\mattw\Documents\Git\SampleMod\.gradle\repositories\ng_dummy_ng\net\neoforged\forge\1.20.1-47.1.106\forge-1.20.1-47.1.106.jar path net/minecraft/world/level/levelgen/structure/structures/NetherFortressStructure.class
[13Aug2026 02:00:07.405] [background-scan-handler-0/DEBUG] [net.minecraftforge.fml.loading.moddiscovery.Scanner/SCAN]: Scanning Mod File: C:\Users\mattw\Documents\Git\SampleMod\.gradle\repositories\ng_dummy_ng\net\neoforged\forge\1.20.1-47.1.106\forge-1.20.1-47.1.106.jar path net/minecraft/world/level/levelgen/structure/structures/NetherFortressPieces.class
[13Aug2026 02:00:07.406] [background-scan-handler-0/DEBUG] [net.minecraftforge.fml.loading.moddiscovery.Scanner/SCAN]: Scanning Mod File: C:\Users\mattw\Documents\Git\SampleMod\.gradle\repositories\ng_dummy_ng\net\neoforged\forge\1.20.1-47.1.106\forge-1.20.1-47.1.106.jar path net/minecraft/world/level/levelgen/structure/structures/NetherFortressPieces$StartPiece.class
[13Aug2026 02:00:07.406] [background-scan-handler-0/DEBUG] [net.minecraftforge.fml.loading.moddiscovery.Scanner/SCAN]: Scanning Mod File: C:\Users\mattw\Documents\Git\SampleMod\.gradle\repositories\ng_dummy_ng\net\neoforged\forge\1.20.1-47.1.106\forge-1.20.1-47.1.106.jar path net/minecraft/world/level/levelgen/structure/structures/NetherFortressPieces$StairsRoom.class
[13Aug2026 02:00:07.406] [background-scan-handler-0/DEBUG] [net.minecraftforge.fml.loading.moddiscovery.Scanner/SCAN]: Scanning Mod File: C:\Users\mattw\Documents\Git\SampleMod\.gradle\repositories\ng_dummy_ng\net\neoforged\forge\1.20.1-47.1.106\forge-1.20.1-47.1.106.jar path net/minecraft/world/level/levelgen/structure/structures/NetherFortressPieces$RoomCrossing.class
[13Aug2026 02:00:07.408] [background-scan-handler-0/DEBUG] [net.minecraftforge.fml.loading.moddiscovery.Scanner/SCAN]: Scanning Mod File: C:\Users\mattw\Documents\Git\SampleMod\.gradle\repositories\ng_dummy_ng\net\neoforged\forge\1.20.1-47.1.106\forge-1.20.1-47.1.106.jar path net/minecraft/world/level/levelgen/structure/structures/NetherFortressPieces$PieceWeight.class
[13Aug2026 02:00:07.410] [background-scan-handler-0/DEBUG] [net.minecraftforge.fml.loading.moddiscovery.Scanner/SCAN]: Scanning Mod File: C:\Users\mattw\Documents\Git\SampleMod\.gradle\repositories\ng_dummy_ng\net\neoforged\forge\1.20.1-47.1.106\forge-1.20.1-47.1.106.jar path net/minecraft/world/level/levelgen/structure/structures/NetherFortressPieces$NetherBridgePiece.class
[13Aug2026 02:00:07.413] [background-scan-handler-0/DEBUG] [net.minecraftforge.fml.loading.moddiscovery.Scanner/SCAN]: Scanning Mod File: C:\Users\mattw\Documents\Git\SampleMod\.gradle\repositories\ng_dummy_ng\net\neoforged\forge\1.20.1-47.1.106\forge-1.20.1-47.1.106.jar path net/minecraft/world/level/levelgen/structure/structures/NetherFortressPieces$MonsterThrone.class
[13Aug2026 02:00:07.414] [background-scan-handler-0/DEBUG] [net.minecraftforge.fml.loading.moddiscovery.Scanner/SCAN]: Scanning Mod File: C:\Users\mattw\Documents\Git\SampleMod\.gradle\repositories\ng_dummy_ng\net\neoforged\forge\1.20.1-47.1.106\forge-1.20.1-47.1.106.jar path net/minecraft/world/level/levelgen/structure/structures/NetherFortressPieces$CastleStalkRoom.class
[13Aug2026 02:00:07.417] [background-scan-handler-0/DEBUG] [net.minecraftforge.fml.loading.moddiscovery.Scanner/SCAN]: Scanning Mod File: C:\Users\mattw\Documents\Git\SampleMod\.gradle\repositories\ng_dummy_ng\net\neoforged\forge\1.20.1-47.1.106\forge-1.20.1-47.1.106.jar path net/minecraft/world/level/levelgen/structure/structures/NetherFortressPieces$CastleSmallCorridorRightTurnPiece.class
[13Aug2026 02:00:07.417] [background-scan-handler-0/DEBUG] [net.minecraftforge.fml.loading.moddiscovery.Scanner/SCAN]: Scanning Mod File: C:\Users\mattw\Documents\Git\SampleMod\.gradle\repositories\ng_dummy_ng\net\neoforged\forge\1.20.1-47.1.106\forge-1.20.1-47.1.106.jar path net/minecraft/world/level/levelgen/structure/structures/NetherFortressPieces$CastleSmallCorridorPiece.class
[13Aug2026 02:00:07.418] [background-scan-handler-0/DEBUG] [net.minecraftforge.fml.loading.moddiscovery.Scanner/SCAN]: Scanning Mod File: C:\Users\mattw\Documents\Git\SampleMod\.gradle\repositories\ng_dummy_ng\net\neoforged\forge\1.20.1-47.1.106\forge-1.20.1-47.1.106.jar path net/minecraft/world/level/levelgen/structure/structures/NetherFortressPieces$CastleSmallCorridorLeftTurnPiece.class
[13Aug2026 02:00:07.418] [background-scan-handler-0/DEBUG] [net.minecraftforge.fml.loading.moddiscovery.Scanner/SCAN]: Scanning Mod File: C:\Users\mattw\Documents\Git\SampleMod\.gradle\repositories\ng_dummy_ng\net\neoforged\forge\1.20.1-47.1.106\forge-1.20.1-47.1.106.jar path net/minecraft/world/level/levelgen/structure/structures/NetherFortressPieces$CastleSmallCorridorCrossingPiece.class
[13Aug2026 02:00:07.419] [background-scan-handler-0/DEBUG] [net.minecraftforge.fml.loading.moddiscovery.Scanner/SCAN]: Scanning Mod File: C:\Users\mattw\Documents\Git\SampleMod\.gradle\repositories\ng_dummy_ng\net\neoforged\forge\1.20.1-47.1.106\forge-1.20.1-47.1.106.jar path net/minecraft/world/level/levelgen/structure/structures/NetherFortressPieces$CastleEntrance.class
[13Aug2026 02:00:07.419] [background-scan-handler-0/DEBUG] [net.minecraftforge.fml.loading.moddiscovery.Scanner/SCAN]: Scanning Mod File: C:\Users\mattw\Documents\Git\SampleMod\.gradle\repositories\ng_dummy_ng\net\neoforged\forge\1.20.1-47.1.106\forge-1.20.1-47.1.106.jar path net/minecraft/world/level/levelgen/structure/structures/NetherFortressPieces$CastleCorridorTBalconyPiece.class
[13Aug2026 02:00:07.420] [background-scan-handler-0/DEBUG] [net.minecraftforge.fml.loading.moddiscovery.Scanner/SCAN]: Scanning Mod File: C:\Users\mattw\Documents\Git\SampleMod\.gradle\repositories\ng_dummy_ng\net\neoforged\forge\1.20.1-47.1.106\forge-1.20.1-47.1.106.jar path net/minecraft/world/level/levelgen/structure/structures/NetherFortressPieces$CastleCorridorStairsPiece.class
[13Aug2026 02:00:07.421] [background-scan-handler-0/DEBUG] [net.minecraftforge.fml.loading.moddiscovery.Scanner/SCAN]: Scanning Mod File: C:\Users\mattw\Documents\Git\SampleMod\.gradle\repositories\ng_dummy_ng\net\neoforged\forge\1.20.1-47.1.106\forge-1.20.1-47.1.106.jar path net/minecraft/world/level/levelgen/structure/structures/NetherFortressPieces$BridgeStraight.class
[13Aug2026 02:00:07.423] [background-scan-handler-0/DEBUG] [net.minecraftforge.fml.loading.moddiscovery.Scanner/SCAN]: Scanning Mod File: C:\Users\mattw\Documents\Git\SampleMod\.gradle\repositories\ng_dummy_ng\net\neoforged\forge\1.20.1-47.1.106\forge-1.20.1-47.1.106.jar path net/minecraft/world/level/levelgen/structure/structures/NetherFortressPieces$BridgeEndFiller.class
[13Aug2026 02:00:07.423] [background-scan-handler-0/DEBUG] [net.minecraftforge.fml.loading.moddiscovery.Scanner/SCAN]: Scanning Mod File: C:\Users\mattw\Documents\Git\SampleMod\.gradle\repositories\ng_dummy_ng\net\neoforged\forge\1.20.1-47.1.106\forge-1.20.1-47.1.106.jar path net/minecraft/world/level/levelgen/structure/structures/NetherFortressPieces$BridgeCrossing.class
[13Aug2026 02:00:07.424] [background-scan-handler-0/DEBUG] [net.minecraftforge.fml.loading.moddiscovery.Scanner/SCAN]: Scanning Mod File: C:\Users\mattw\Documents\Git\SampleMod\.gradle\repositories\ng_dummy_ng\net\neoforged\forge\1.20.1-47.1.106\forge-1.20.1-47.1.106.jar path net/minecraft/world/level/levelgen/structure/structures/NetherFortressPieces$1.class
[13Aug2026 02:00:07.424] [background-scan-handler-0/DEBUG] [net.minecraftforge.fml.loading.moddiscovery.Scanner/SCAN]: Scanning Mod File: C:\Users\mattw\Documents\Git\SampleMod\.gradle\repositories\ng_dummy_ng\net\neoforged\forge\1.20.1-47.1.106\forge-1.20.1-47.1.106.jar path net/minecraft/world/level/levelgen/structure/structures/MineshaftStructure.class
[13Aug2026 02:00:07.426] [background-scan-handler-0/DEBUG] [net.minecraftforge.fml.loading.moddiscovery.Scanner/SCAN]: Scanning Mod File: C:\Users\mattw\Documents\Git\SampleMod\.gradle\repositories\ng_dummy_ng\net\neoforged\forge\1.20.1-47.1.106\forge-1.20.1-47.1.106.jar path net/minecraft/world/level/levelgen/structure/structures/MineshaftStructure$Type.class
[13Aug2026 02:00:07.426] [background-scan-handler-0/DEBUG] [net.minecraftforge.fml.loading.moddiscovery.Scanner/SCAN]: Scanning Mod File: C:\Users\mattw\Documents\Git\SampleMod\.gradle\repositories\ng_dummy_ng\net\neoforged\forge\1.20.1-47.1.106\forge-1.20.1-47.1.106.jar path net/minecraft/world/level/levelgen/structure/structures/MineshaftPieces.class
[13Aug2026 02:00:07.427] [background-scan-handler-0/DEBUG] [net.minecraftforge.fml.loading.moddiscovery.Scanner/SCAN]: Scanning Mod File: C:\Users\mattw\Documents\Git\SampleMod\.gradle\repositories\ng_dummy_ng\net\neoforged\forge\1.20.1-47.1.106\forge-1.20.1-47.1.106.jar path net/minecraft/world/level/levelgen/structure/structures/MineshaftPieces$MineShaftStairs.class
[13Aug2026 02:00:07.428] [background-scan-handler-0/DEBUG] [net.minecraftforge.fml.loading.moddiscovery.Scanner/SCAN]: Scanning Mod File: C:\Users\mattw\Documents\Git\SampleMod\.gradle\repositories\ng_dummy_ng\net\neoforged\forge\1.20.1-47.1.106\forge-1.20.1-47.1.106.jar path net/minecraft/world/level/levelgen/structure/structures/MineshaftPieces$MineShaftRoom.class
[13Aug2026 02:00:07.429] [background-scan-handler-0/DEBUG] [net.minecraftforge.fml.loading.moddiscovery.Scanner/SCAN]: Scanning Mod File: C:\Users\mattw\Documents\Git\SampleMod\.gradle\repositories\ng_dummy_ng\net\neoforged\forge\1.20.1-47.1.106\forge-1.20.1-47.1.106.jar path net/minecraft/world/level/levelgen/structure/structures/MineshaftPieces$MineShaftPiece.class
[13Aug2026 02:00:07.431] [background-scan-handler-0/DEBUG] [net.minecraftforge.fml.loading.moddiscovery.Scanner/SCAN]: Scanning Mod File: C:\Users\mattw\Documents\Git\SampleMod\.gradle\repositories\ng_dummy_ng\net\neoforged\forge\1.20.1-47.1.106\forge-1.20.1-47.1.106.jar path net/minecraft/world/level/levelgen/structure/structures/MineshaftPieces$MineShaftCrossing.class
[13Aug2026 02:00:07.433] [background-scan-handler-0/DEBUG] [net.minecraftforge.fml.loading.moddiscovery.Scanner/SCAN]: Scanning Mod File: C:\Users\mattw\Documents\Git\SampleMod\.gradle\repositories\ng_dummy_ng\net\neoforged\forge\1.20.1-47.1.106\forge-1.20.1-47.1.106.jar path net/minecraft/world/level/levelgen/structure/structures/MineshaftPieces$MineShaftCorridor.class
[13Aug2026 02:00:07.436] [background-scan-handler-0/DEBUG] [net.minecraftforge.fml.loading.moddiscovery.Scanner/SCAN]: Scanning Mod File: C:\Users\mattw\Documents\Git\SampleMod\.gradle\repositories\ng_dummy_ng\net\neoforged\forge\1.20.1-47.1.106\forge-1.20.1-47.1.106.jar path net/minecraft/world/level/levelgen/structure/structures/MineshaftPieces$1.class
[13Aug2026 02:00:07.442] [background-scan-handler-0/DEBUG] [net.minecraftforge.fml.loading.moddiscovery.Scanner/SCAN]: Scanning Mod File: C:\Users\mattw\Documents\Git\SampleMod\.gradle\repositories\ng_dummy_ng\net\neoforged\forge\1.20.1-47.1.106\forge-1.20.1-47.1.106.jar path net/minecraft/world/level/levelgen/structure/structures/JungleTempleStructure.class
[13Aug2026 02:00:07.443] [background-scan-handler-0/DEBUG] [net.minecraftforge.fml.loading.moddiscovery.Scanner/SCAN]: Scanning Mod File: C:\Users\mattw\Documents\Git\SampleMod\.gradle\repositories\ng_dummy_ng\net\neoforged\forge\1.20.1-47.1.106\forge-1.20.1-47.1.106.jar path net/minecraft/world/level/levelgen/structure/structures/JungleTemplePiece.class
[13Aug2026 02:00:07.445] [background-scan-handler-0/DEBUG] [net.minecraftforge.fml.loading.moddiscovery.Scanner/SCAN]: Scanning Mod File: C:\Users\mattw\Documents\Git\SampleMod\.gradle\repositories\ng_dummy_ng\net\neoforged\forge\1.20.1-47.1.106\forge-1.20.1-47.1.106.jar path net/minecraft/world/level/levelgen/structure/structures/JungleTemplePiece$MossStoneSelector.class
[13Aug2026 02:00:07.445] [background-scan-handler-0/DEBUG] [net.minecraftforge.fml.loading.moddiscovery.Scanner/SCAN]: Scanning Mod File: C:\Users\mattw\Documents\Git\SampleMod\.gradle\repositories\ng_dummy_ng\net\neoforged\forge\1.20.1-47.1.106\forge-1.20.1-47.1.106.jar path net/minecraft/world/level/levelgen/structure/structures/JigsawStructure.class
[13Aug2026 02:00:07.446] [background-scan-handler-0/DEBUG] [net.minecraftforge.fml.loading.moddiscovery.Scanner/SCAN]: Scanning Mod File: C:\Users\mattw\Documents\Git\SampleMod\.gradle\repositories\ng_dummy_ng\net\neoforged\forge\1.20.1-47.1.106\forge-1.20.1-47.1.106.jar path net/minecraft/world/level/levelgen/structure/structures/JigsawStructure$1.class
[13Aug2026 02:00:07.446] [background-scan-handler-0/DEBUG] [net.minecraftforge.fml.loading.moddiscovery.Scanner/SCAN]: Scanning Mod File: C:\Users\mattw\Documents\Git\SampleMod\.gradle\repositories\ng_dummy_ng\net\neoforged\forge\1.20.1-47.1.106\forge-1.20.1-47.1.106.jar path net/minecraft/world/level/levelgen/structure/structures/IglooStructure.class
[13Aug2026 02:00:07.446] [background-scan-handler-2/DEBUG] [net.minecraftforge.fml.loading.moddiscovery.MinecraftLocator/SCAN]: Scan finished: Mod File: /
[13Aug2026 02:00:07.446] [background-scan-handler-2/DEBUG] [net.minecraftforge.fml.loading.moddiscovery.Scanner/SCAN]: Scanning / with language loader javafml
[13Aug2026 02:00:07.447] [background-scan-handler-0/DEBUG] [net.minecraftforge.fml.loading.moddiscovery.Scanner/SCAN]: Scanning Mod File: C:\Users\mattw\Documents\Git\SampleMod\.gradle\repositories\ng_dummy_ng\net\neoforged\forge\1.20.1-47.1.106\forge-1.20.1-47.1.106.jar path net/minecraft/world/level/levelgen/structure/structures/IglooPieces.class
[13Aug2026 02:00:07.447] [background-scan-handler-2/DEBUG] [net.minecraftforge.fml.javafmlmod.FMLJavaModLanguageProvider/SCAN]: Found @Mod class net.minecraftforge.common.ForgeMod with id forge
[13Aug2026 02:00:07.447] [background-scan-handler-0/DEBUG] [net.minecraftforge.fml.loading.moddiscovery.Scanner/SCAN]: Scanning Mod File: C:\Users\mattw\Documents\Git\SampleMod\.gradle\repositories\ng_dummy_ng\net\neoforged\forge\1.20.1-47.1.106\forge-1.20.1-47.1.106.jar path net/minecraft/world/level/levelgen/structure/structures/IglooPieces$IglooPiece.class
[13Aug2026 02:00:07.448] [background-scan-handler-0/DEBUG] [net.minecraftforge.fml.loading.moddiscovery.Scanner/SCAN]: Scanning Mod File: C:\Users\mattw\Documents\Git\SampleMod\.gradle\repositories\ng_dummy_ng\net\neoforged\forge\1.20.1-47.1.106\forge-1.20.1-47.1.106.jar path net/minecraft/world/level/levelgen/structure/structures/EndCityStructure.class
[13Aug2026 02:00:07.448] [background-scan-handler-0/DEBUG] [net.minecraftforge.fml.loading.moddiscovery.Scanner/SCAN]: Scanning Mod File: C:\Users\mattw\Documents\Git\SampleMod\.gradle\repositories\ng_dummy_ng\net\neoforged\forge\1.20.1-47.1.106\forge-1.20.1-47.1.106.jar path net/minecraft/world/level/levelgen/structure/structures/EndCityPieces.class
[13Aug2026 02:00:07.451] [background-scan-handler-0/DEBUG] [net.minecraftforge.fml.loading.moddiscovery.Scanner/SCAN]: Scanning Mod File: C:\Users\mattw\Documents\Git\SampleMod\.gradle\repositories\ng_dummy_ng\net\neoforged\forge\1.20.1-47.1.106\forge-1.20.1-47.1.106.jar path net/minecraft/world/level/levelgen/structure/structures/EndCityPieces$SectionGenerator.class
[13Aug2026 02:00:07.451] [background-scan-handler-0/DEBUG] [net.minecraftforge.fml.loading.moddiscovery.Scanner/SCAN]: Scanning Mod File: C:\Users\mattw\Documents\Git\SampleMod\.gradle\repositories\ng_dummy_ng\net\neoforged\forge\1.20.1-47.1.106\forge-1.20.1-47.1.106.jar path net/minecraft/world/level/levelgen/structure/structures/EndCityPieces$EndCityPiece.class
[13Aug2026 02:00:07.452] [background-scan-handler-0/DEBUG] [net.minecraftforge.fml.loading.moddiscovery.Scanner/SCAN]: Scanning Mod File: C:\Users\mattw\Documents\Git\SampleMod\.gradle\repositories\ng_dummy_ng\net\neoforged\forge\1.20.1-47.1.106\forge-1.20.1-47.1.106.jar path net/minecraft/world/level/levelgen/structure/structures/EndCityPieces$4.class
[13Aug2026 02:00:07.452] [background-scan-handler-0/DEBUG] [net.minecraftforge.fml.loading.moddiscovery.Scanner/SCAN]: Scanning Mod File: C:\Users\mattw\Documents\Git\SampleMod\.gradle\repositories\ng_dummy_ng\net\neoforged\forge\1.20.1-47.1.106\forge-1.20.1-47.1.106.jar path net/minecraft/world/level/levelgen/structure/structures/EndCityPieces$3.class
[13Aug2026 02:00:07.452] [background-scan-handler-0/DEBUG] [net.minecraftforge.fml.loading.moddiscovery.Scanner/SCAN]: Scanning Mod File: C:\Users\mattw\Documents\Git\SampleMod\.gradle\repositories\ng_dummy_ng\net\neoforged\forge\1.20.1-47.1.106\forge-1.20.1-47.1.106.jar path net/minecraft/world/level/levelgen/structure/structures/EndCityPieces$2.class
[13Aug2026 02:00:07.453] [background-scan-handler-0/DEBUG] [net.minecraftforge.fml.loading.moddiscovery.Scanner/SCAN]: Scanning Mod File: C:\Users\mattw\Documents\Git\SampleMod\.gradle\repositories\ng_dummy_ng\net\neoforged\forge\1.20.1-47.1.106\forge-1.20.1-47.1.106.jar path net/minecraft/world/level/levelgen/structure/structures/EndCityPieces$1.class
[13Aug2026 02:00:07.453] [background-scan-handler-0/DEBUG] [net.minecraftforge.fml.loading.moddiscovery.Scanner/SCAN]: Scanning Mod File: C:\Users\mattw\Documents\Git\SampleMod\.gradle\repositories\ng_dummy_ng\net\neoforged\forge\1.20.1-47.1.106\forge-1.20.1-47.1.106.jar path net/minecraft/world/level/levelgen/structure/structures/DesertPyramidStructure.class
[13Aug2026 02:00:07.455] [background-scan-handler-0/DEBUG] [net.minecraftforge.fml.loading.moddiscovery.Scanner/SCAN]: Scanning Mod File: C:\Users\mattw\Documents\Git\SampleMod\.gradle\repositories\ng_dummy_ng\net\neoforged\forge\1.20.1-47.1.106\forge-1.20.1-47.1.106.jar path net/minecraft/world/level/levelgen/structure/structures/DesertPyramidPiece.class
[13Aug2026 02:00:07.459] [background-scan-handler-0/DEBUG] [net.minecraftforge.fml.loading.moddiscovery.Scanner/SCAN]: Scanning Mod File: C:\Users\mattw\Documents\Git\SampleMod\.gradle\repositories\ng_dummy_ng\net\neoforged\forge\1.20.1-47.1.106\forge-1.20.1-47.1.106.jar path net/minecraft/world/level/levelgen/structure/structures/BuriedTreasureStructure.class
[13Aug2026 02:00:07.462] [background-scan-handler-0/DEBUG] [net.minecraftforge.fml.loading.moddiscovery.Scanner/SCAN]: Scanning Mod File: C:\Users\mattw\Documents\Git\SampleMod\.gradle\repositories\ng_dummy_ng\net\neoforged\forge\1.20.1-47.1.106\forge-1.20.1-47.1.106.jar path net/minecraft/world/level/levelgen/structure/structures/BuriedTreasurePieces.class
[13Aug2026 02:00:07.462] [background-scan-handler-0/DEBUG] [net.minecraftforge.fml.loading.moddiscovery.Scanner/SCAN]: Scanning Mod File: C:\Users\mattw\Documents\Git\SampleMod\.gradle\repositories\ng_dummy_ng\net\neoforged\forge\1.20.1-47.1.106\forge-1.20.1-47.1.106.jar path net/minecraft/world/level/levelgen/structure/structures/BuriedTreasurePieces$BuriedTreasurePiece.class
[13Aug2026 02:00:07.463] [background-scan-handler-0/DEBUG] [net.minecraftforge.fml.loading.moddiscovery.Scanner/SCAN]: Scanning Mod File: C:\Users\mattw\Documents\Git\SampleMod\.gradle\repositories\ng_dummy_ng\net\neoforged\forge\1.20.1-47.1.106\forge-1.20.1-47.1.106.jar path net/minecraft/world/level/levelgen/structure/StructurePieceAccessor.class
[13Aug2026 02:00:07.464] [background-scan-handler-0/DEBUG] [net.minecraftforge.fml.loading.moddiscovery.Scanner/SCAN]: Scanning Mod File: C:\Users\mattw\Documents\Git\SampleMod\.gradle\repositories\ng_dummy_ng\net\neoforged\forge\1.20.1-47.1.106\forge-1.20.1-47.1.106.jar path net/minecraft/world/level/levelgen/structure/StructurePiece.class
[13Aug2026 02:00:07.473] [background-scan-handler-0/DEBUG] [net.minecraftforge.fml.loading.moddiscovery.Scanner/SCAN]: Scanning Mod File: C:\Users\mattw\Documents\Git\SampleMod\.gradle\repositories\ng_dummy_ng\net\neoforged\forge\1.20.1-47.1.106\forge-1.20.1-47.1.106.jar path net/minecraft/world/level/levelgen/structure/StructurePiece$BlockSelector.class
[13Aug2026 02:00:07.474] [background-scan-handler-0/DEBUG] [net.minecraftforge.fml.loading.moddiscovery.Scanner/SCAN]: Scanning Mod File: C:\Users\mattw\Documents\Git\SampleMod\.gradle\repositories\ng_dummy_ng\net\neoforged\forge\1.20.1-47.1.106\forge-1.20.1-47.1.106.jar path net/minecraft/world/level/levelgen/structure/StructurePiece$1.class
[13Aug2026 02:00:07.477] [background-scan-handler-0/DEBUG] [net.minecraftforge.fml.loading.moddiscovery.Scanner/SCAN]: Scanning Mod File: C:\Users\mattw\Documents\Git\SampleMod\.gradle\repositories\ng_dummy_ng\net\neoforged\forge\1.20.1-47.1.106\forge-1.20.1-47.1.106.jar path net/minecraft/world/level/levelgen/structure/StructureFeatureIndexSavedData.class
[13Aug2026 02:00:07.477] [background-scan-handler-0/DEBUG] [net.minecraftforge.fml.loading.moddiscovery.Scanner/SCAN]: Scanning Mod File: C:\Users\mattw\Documents\Git\SampleMod\.gradle\repositories\ng_dummy_ng\net\neoforged\forge\1.20.1-47.1.106\forge-1.20.1-47.1.106.jar path net/minecraft/world/level/levelgen/structure/StructureCheckResult.class
[13Aug2026 02:00:07.478] [background-scan-handler-0/DEBUG] [net.minecraftforge.fml.loading.moddiscovery.Scanner/SCAN]: Scanning Mod File: C:\Users\mattw\Documents\Git\SampleMod\.gradle\repositories\ng_dummy_ng\net\neoforged\forge\1.20.1-47.1.106\forge-1.20.1-47.1.106.jar path net/minecraft/world/level/levelgen/structure/StructureCheck.class
[13Aug2026 02:00:07.481] [background-scan-handler-0/DEBUG] [net.minecraftforge.fml.loading.moddiscovery.Scanner/SCAN]: Scanning Mod File: C:\Users\mattw\Documents\Git\SampleMod\.gradle\repositories\ng_dummy_ng\net\neoforged\forge\1.20.1-47.1.106\forge-1.20.1-47.1.106.jar path net/minecraft/world/level/levelgen/structure/Structure.class
[13Aug2026 02:00:07.483] [background-scan-handler-0/DEBUG] [net.minecraftforge.fml.loading.moddiscovery.Scanner/SCAN]: Scanning Mod File: C:\Users\mattw\Documents\Git\SampleMod\.gradle\repositories\ng_dummy_ng\net\neoforged\forge\1.20.1-47.1.106\forge-1.20.1-47.1.106.jar path net/minecraft/world/level/levelgen/structure/Structure$StructureSettings.class
[13Aug2026 02:00:07.484] [background-scan-handler-0/DEBUG] [net.minecraftforge.fml.loading.moddiscovery.Scanner/SCAN]: Scanning Mod File: C:\Users\mattw\Documents\Git\SampleMod\.gradle\repositories\ng_dummy_ng\net\neoforged\forge\1.20.1-47.1.106\forge-1.20.1-47.1.106.jar path net/minecraft/world/level/levelgen/structure/Structure$GenerationStub.class
[13Aug2026 02:00:07.485] [background-scan-handler-0/DEBUG] [net.minecraftforge.fml.loading.moddiscovery.Scanner/SCAN]: Scanning Mod File: C:\Users\mattw\Documents\Git\SampleMod\.gradle\repositories\ng_dummy_ng\net\neoforged\forge\1.20.1-47.1.106\forge-1.20.1-47.1.106.jar path net/minecraft/world/level/levelgen/structure/Structure$GenerationContext.class
[13Aug2026 02:00:07.486] [background-scan-handler-0/DEBUG] [net.minecraftforge.fml.loading.moddiscovery.Scanner/SCAN]: Scanning Mod File: C:\Users\mattw\Documents\Git\SampleMod\.gradle\repositories\ng_dummy_ng\net\neoforged\forge\1.20.1-47.1.106\forge-1.20.1-47.1.106.jar path net/minecraft/world/level/levelgen/structure/SinglePieceStructure.class
[13Aug2026 02:00:07.497] [background-scan-handler-0/DEBUG] [net.minecraftforge.fml.loading.moddiscovery.Scanner/SCAN]: Scanning Mod File: C:\Users\mattw\Documents\Git\SampleMod\.gradle\repositories\ng_dummy_ng\net\neoforged\forge\1.20.1-47.1.106\forge-1.20.1-47.1.106.jar path net/minecraft/world/level/levelgen/structure/SinglePieceStructure$PieceConstructor.class
[13Aug2026 02:00:07.499] [background-scan-handler-0/DEBUG] [net.minecraftforge.fml.loading.moddiscovery.Scanner/SCAN]: Scanning Mod File: C:\Users\mattw\Documents\Git\SampleMod\.gradle\repositories\ng_dummy_ng\net\neoforged\forge\1.20.1-47.1.106\forge-1.20.1-47.1.106.jar path net/minecraft/world/level/levelgen/structure/ScatteredFeaturePiece.class
[13Aug2026 02:00:07.500] [main/DEBUG] [net.minecraftforge.coremod.CoreModEngine/COREMOD]: CoreMod loaded successfully
[13Aug2026 02:00:07.500] [main/DEBUG] [net.minecraftforge.coremod.CoreModEngine/COREMOD]: Loading CoreMod from coremods/add_bouncer_method.js
[13Aug2026 02:00:07.500] [background-scan-handler-0/DEBUG] [net.minecraftforge.fml.loading.moddiscovery.Scanner/SCAN]: Scanning Mod File: C:\Users\mattw\Documents\Git\SampleMod\.gradle\repositories\ng_dummy_ng\net\neoforged\forge\1.20.1-47.1.106\forge-1.20.1-47.1.106.jar path net/minecraft/world/level/levelgen/structure/PostPlacementProcessor.class
[13Aug2026 02:00:07.502] [background-scan-handler-0/DEBUG] [net.minecraftforge.fml.loading.moddiscovery.Scanner/SCAN]: Scanning Mod File: C:\Users\mattw\Documents\Git\SampleMod\.gradle\repositories\ng_dummy_ng\net\neoforged\forge\1.20.1-47.1.106\forge-1.20.1-47.1.106.jar path net/minecraft/world/level/levelgen/structure/pools/StructureTemplatePool.class
[13Aug2026 02:00:07.505] [background-scan-handler-0/DEBUG] [net.minecraftforge.fml.loading.moddiscovery.Scanner/SCAN]: Scanning Mod File: C:\Users\mattw\Documents\Git\SampleMod\.gradle\repositories\ng_dummy_ng\net\neoforged\forge\1.20.1-47.1.106\forge-1.20.1-47.1.106.jar path net/minecraft/world/level/levelgen/structure/pools/StructureTemplatePool$Projection.class
[13Aug2026 02:00:07.505] [background-scan-handler-0/DEBUG] [net.minecraftforge.fml.loading.moddiscovery.Scanner/SCAN]: Scanning Mod File: C:\Users\mattw\Documents\Git\SampleMod\.gradle\repositories\ng_dummy_ng\net\neoforged\forge\1.20.1-47.1.106\forge-1.20.1-47.1.106.jar path net/minecraft/world/level/levelgen/structure/pools/StructurePoolElementType.class
[13Aug2026 02:00:07.507] [background-scan-handler-0/DEBUG] [net.minecraftforge.fml.loading.moddiscovery.Scanner/SCAN]: Scanning Mod File: C:\Users\mattw\Documents\Git\SampleMod\.gradle\repositories\ng_dummy_ng\net\neoforged\forge\1.20.1-47.1.106\forge-1.20.1-47.1.106.jar path net/minecraft/world/level/levelgen/structure/pools/StructurePoolElement.class
[13Aug2026 02:00:07.511] [background-scan-handler-0/DEBUG] [net.minecraftforge.fml.loading.moddiscovery.Scanner/SCAN]: Scanning Mod File: C:\Users\mattw\Documents\Git\SampleMod\.gradle\repositories\ng_dummy_ng\net\neoforged\forge\1.20.1-47.1.106\forge-1.20.1-47.1.106.jar path net/minecraft/world/level/levelgen/structure/pools/SinglePoolElement.class
[13Aug2026 02:00:07.514] [background-scan-handler-0/DEBUG] [net.minecraftforge.fml.loading.moddiscovery.Scanner/SCAN]: Scanning Mod File: C:\Users\mattw\Documents\Git\SampleMod\.gradle\repositories\ng_dummy_ng\net\neoforged\forge\1.20.1-47.1.106\forge-1.20.1-47.1.106.jar path net/minecraft/world/level/levelgen/structure/pools/package-info.class
[13Aug2026 02:00:07.522] [background-scan-handler-0/DEBUG] [net.minecraftforge.fml.loading.moddiscovery.Scanner/SCAN]: Scanning Mod File: C:\Users\mattw\Documents\Git\SampleMod\.gradle\repositories\ng_dummy_ng\net\neoforged\forge\1.20.1-47.1.106\forge-1.20.1-47.1.106.jar path net/minecraft/world/level/levelgen/structure/pools/ListPoolElement.class
[13Aug2026 02:00:07.570] [background-scan-handler-0/DEBUG] [net.minecraftforge.fml.loading.moddiscovery.Scanner/SCAN]: Scanning Mod File: C:\Users\mattw\Documents\Git\SampleMod\.gradle\repositories\ng_dummy_ng\net\neoforged\forge\1.20.1-47.1.106\forge-1.20.1-47.1.106.jar path net/minecraft/world/level/levelgen/structure/pools/LegacySinglePoolElement.class
[13Aug2026 02:00:07.573] [background-scan-handler-0/DEBUG] [net.minecraftforge.fml.loading.moddiscovery.Scanner/SCAN]: Scanning Mod File: C:\Users\mattw\Documents\Git\SampleMod\.gradle\repositories\ng_dummy_ng\net\neoforged\forge\1.20.1-47.1.106\forge-1.20.1-47.1.106.jar path net/minecraft/world/level/levelgen/structure/pools/JigsawPlacement.class
[13Aug2026 02:00:07.599] [background-scan-handler-0/DEBUG] [net.minecraftforge.fml.loading.moddiscovery.Scanner/SCAN]: Scanning Mod File: C:\Users\mattw\Documents\Git\SampleMod\.gradle\repositories\ng_dummy_ng\net\neoforged\forge\1.20.1-47.1.106\forge-1.20.1-47.1.106.jar path net/minecraft/world/level/levelgen/structure/pools/JigsawPlacement$Placer.class
[13Aug2026 02:00:07.600] [background-scan-handler-0/DEBUG] [net.minecraftforge.fml.loading.moddiscovery.Scanner/SCAN]: Scanning Mod File: C:\Users\mattw\Documents\Git\SampleMod\.gradle\repositories\ng_dummy_ng\net\neoforged\forge\1.20.1-47.1.106\forge-1.20.1-47.1.106.jar path net/minecraft/world/level/levelgen/structure/pools/JigsawPlacement$PieceState.class
[13Aug2026 02:00:07.600] [background-scan-handler-0/DEBUG] [net.minecraftforge.fml.loading.moddiscovery.Scanner/SCAN]: Scanning Mod File: C:\Users\mattw\Documents\Git\SampleMod\.gradle\repositories\ng_dummy_ng\net\neoforged\forge\1.20.1-47.1.106\forge-1.20.1-47.1.106.jar path net/minecraft/world/level/levelgen/structure/pools/JigsawJunction.class
[13Aug2026 02:00:07.600] [background-scan-handler-0/DEBUG] [net.minecraftforge.fml.loading.moddiscovery.Scanner/SCAN]: Scanning Mod File: C:\Users\mattw\Documents\Git\SampleMod\.gradle\repositories\ng_dummy_ng\net\neoforged\forge\1.20.1-47.1.106\forge-1.20.1-47.1.106.jar path net/minecraft/world/level/levelgen/structure/pools/FeaturePoolElement.class
[13Aug2026 02:00:07.615] [background-scan-handler-0/DEBUG] [net.minecraftforge.fml.loading.moddiscovery.Scanner/SCAN]: Scanning Mod File: C:\Users\mattw\Documents\Git\SampleMod\.gradle\repositories\ng_dummy_ng\net\neoforged\forge\1.20.1-47.1.106\forge-1.20.1-47.1.106.jar path net/minecraft/world/level/levelgen/structure/pools/EmptyPoolElement.class
[13Aug2026 02:00:07.619] [background-scan-handler-0/DEBUG] [net.minecraftforge.fml.loading.moddiscovery.Scanner/SCAN]: Scanning Mod File: C:\Users\mattw\Documents\Git\SampleMod\.gradle\repositories\ng_dummy_ng\net\neoforged\forge\1.20.1-47.1.106\forge-1.20.1-47.1.106.jar path net/minecraft/world/level/levelgen/structure/PoolElementStructurePiece.class
[13Aug2026 02:00:07.647] [background-scan-handler-0/DEBUG] [net.minecraftforge.fml.loading.moddiscovery.Scanner/SCAN]: Scanning Mod File: C:\Users\mattw\Documents\Git\SampleMod\.gradle\repositories\ng_dummy_ng\net\neoforged\forge\1.20.1-47.1.106\forge-1.20.1-47.1.106.jar path net/minecraft/world/level/levelgen/structure/placement/StructurePlacementType.class
[13Aug2026 02:00:07.648] [main/DEBUG] [net.minecraftforge.coremod.CoreModEngine/COREMOD]: CoreMod loaded successfully
[13Aug2026 02:00:07.648] [main/DEBUG] [net.minecraftforge.coremod.CoreModEngine/COREMOD]: Loading CoreMod from coremods/method_redirector.js
[13Aug2026 02:00:07.650] [background-scan-handler-0/DEBUG] [net.minecraftforge.fml.loading.moddiscovery.Scanner/SCAN]: Scanning Mod File: C:\Users\mattw\Documents\Git\SampleMod\.gradle\repositories\ng_dummy_ng\net\neoforged\forge\1.20.1-47.1.106\forge-1.20.1-47.1.106.jar path net/minecraft/world/level/levelgen/structure/placement/StructurePlacement.class
[13Aug2026 02:00:07.651] [background-scan-handler-0/DEBUG] [net.minecraftforge.fml.loading.moddiscovery.Scanner/SCAN]: Scanning Mod File: C:\Users\mattw\Documents\Git\SampleMod\.gradle\repositories\ng_dummy_ng\net\neoforged\forge\1.20.1-47.1.106\forge-1.20.1-47.1.106.jar path net/minecraft/world/level/levelgen/structure/placement/StructurePlacement$FrequencyReductionMethod.class
[13Aug2026 02:00:07.652] [background-scan-handler-0/DEBUG] [net.minecraftforge.fml.loading.moddiscovery.Scanner/SCAN]: Scanning Mod File: C:\Users\mattw\Documents\Git\SampleMod\.gradle\repositories\ng_dummy_ng\net\neoforged\forge\1.20.1-47.1.106\forge-1.20.1-47.1.106.jar path net/minecraft/world/level/levelgen/structure/placement/StructurePlacement$FrequencyReducer.class
[13Aug2026 02:00:07.652] [background-scan-handler-0/DEBUG] [net.minecraftforge.fml.loading.moddiscovery.Scanner/SCAN]: Scanning Mod File: C:\Users\mattw\Documents\Git\SampleMod\.gradle\repositories\ng_dummy_ng\net\neoforged\forge\1.20.1-47.1.106\forge-1.20.1-47.1.106.jar path net/minecraft/world/level/levelgen/structure/placement/StructurePlacement$ExclusionZone.class
[13Aug2026 02:00:07.653] [background-scan-handler-0/DEBUG] [net.minecraftforge.fml.loading.moddiscovery.Scanner/SCAN]: Scanning Mod File: C:\Users\mattw\Documents\Git\SampleMod\.gradle\repositories\ng_dummy_ng\net\neoforged\forge\1.20.1-47.1.106\forge-1.20.1-47.1.106.jar path net/minecraft/world/level/levelgen/structure/placement/RandomSpreadType.class
[13Aug2026 02:00:07.653] [background-scan-handler-0/DEBUG] [net.minecraftforge.fml.loading.moddiscovery.Scanner/SCAN]: Scanning Mod File: C:\Users\mattw\Documents\Git\SampleMod\.gradle\repositories\ng_dummy_ng\net\neoforged\forge\1.20.1-47.1.106\forge-1.20.1-47.1.106.jar path net/minecraft/world/level/levelgen/structure/placement/RandomSpreadType$1.class
[13Aug2026 02:00:07.653] [background-scan-handler-0/DEBUG] [net.minecraftforge.fml.loading.moddiscovery.Scanner/SCAN]: Scanning Mod File: C:\Users\mattw\Documents\Git\SampleMod\.gradle\repositories\ng_dummy_ng\net\neoforged\forge\1.20.1-47.1.106\forge-1.20.1-47.1.106.jar path net/minecraft/world/level/levelgen/structure/placement/RandomSpreadStructurePlacement.class
[13Aug2026 02:00:07.655] [background-scan-handler-0/DEBUG] [net.minecraftforge.fml.loading.moddiscovery.Scanner/SCAN]: Scanning Mod File: C:\Users\mattw\Documents\Git\SampleMod\.gradle\repositories\ng_dummy_ng\net\neoforged\forge\1.20.1-47.1.106\forge-1.20.1-47.1.106.jar path net/minecraft/world/level/levelgen/structure/placement/package-info.class
[13Aug2026 02:00:07.659] [background-scan-handler-0/DEBUG] [net.minecraftforge.fml.loading.moddiscovery.Scanner/SCAN]: Scanning Mod File: C:\Users\mattw\Documents\Git\SampleMod\.gradle\repositories\ng_dummy_ng\net\neoforged\forge\1.20.1-47.1.106\forge-1.20.1-47.1.106.jar path net/minecraft/world/level/levelgen/structure/placement/ConcentricRingsStructurePlacement.class
[13Aug2026 02:00:07.663] [background-scan-handler-0/DEBUG] [net.minecraftforge.fml.loading.moddiscovery.Scanner/SCAN]: Scanning Mod File: C:\Users\mattw\Documents\Git\SampleMod\.gradle\repositories\ng_dummy_ng\net\neoforged\forge\1.20.1-47.1.106\forge-1.20.1-47.1.106.jar path net/minecraft/world/level/levelgen/structure/pieces/StructurePieceType.class
[13Aug2026 02:00:07.666] [background-scan-handler-0/DEBUG] [net.minecraftforge.fml.loading.moddiscovery.Scanner/SCAN]: Scanning Mod File: C:\Users\mattw\Documents\Git\SampleMod\.gradle\repositories\ng_dummy_ng\net\neoforged\forge\1.20.1-47.1.106\forge-1.20.1-47.1.106.jar path net/minecraft/world/level/levelgen/structure/pieces/StructurePieceType$StructureTemplateType.class
[13Aug2026 02:00:07.667] [background-scan-handler-0/DEBUG] [net.minecraftforge.fml.loading.moddiscovery.Scanner/SCAN]: Scanning Mod File: C:\Users\mattw\Documents\Git\SampleMod\.gradle\repositories\ng_dummy_ng\net\neoforged\forge\1.20.1-47.1.106\forge-1.20.1-47.1.106.jar path net/minecraft/world/level/levelgen/structure/pieces/StructurePieceType$ContextlessType.class
[13Aug2026 02:00:07.674] [background-scan-handler-0/DEBUG] [net.minecraftforge.fml.loading.moddiscovery.Scanner/SCAN]: Scanning Mod File: C:\Users\mattw\Documents\Git\SampleMod\.gradle\repositories\ng_dummy_ng\net\neoforged\forge\1.20.1-47.1.106\forge-1.20.1-47.1.106.jar path net/minecraft/world/level/levelgen/structure/pieces/StructurePieceSerializationContext.class
[13Aug2026 02:00:07.674] [background-scan-handler-0/DEBUG] [net.minecraftforge.fml.loading.moddiscovery.Scanner/SCAN]: Scanning Mod File: C:\Users\mattw\Documents\Git\SampleMod\.gradle\repositories\ng_dummy_ng\net\neoforged\forge\1.20.1-47.1.106\forge-1.20.1-47.1.106.jar path net/minecraft/world/level/levelgen/structure/pieces/StructurePiecesBuilder.class
[13Aug2026 02:00:07.677] [background-scan-handler-0/DEBUG] [net.minecraftforge.fml.loading.moddiscovery.Scanner/SCAN]: Scanning Mod File: C:\Users\mattw\Documents\Git\SampleMod\.gradle\repositories\ng_dummy_ng\net\neoforged\forge\1.20.1-47.1.106\forge-1.20.1-47.1.106.jar path net/minecraft/world/level/levelgen/structure/pieces/PiecesContainer.class
[13Aug2026 02:00:07.678] [background-scan-handler-0/DEBUG] [net.minecraftforge.fml.loading.moddiscovery.Scanner/SCAN]: Scanning Mod File: C:\Users\mattw\Documents\Git\SampleMod\.gradle\repositories\ng_dummy_ng\net\neoforged\forge\1.20.1-47.1.106\forge-1.20.1-47.1.106.jar path net/minecraft/world/level/levelgen/structure/pieces/PieceGeneratorSupplier.class
[13Aug2026 02:00:07.678] [background-scan-handler-0/DEBUG] [net.minecraftforge.fml.loading.moddiscovery.Scanner/SCAN]: Scanning Mod File: C:\Users\mattw\Documents\Git\SampleMod\.gradle\repositories\ng_dummy_ng\net\neoforged\forge\1.20.1-47.1.106\forge-1.20.1-47.1.106.jar path net/minecraft/world/level/levelgen/structure/pieces/PieceGeneratorSupplier$Context.class
[13Aug2026 02:00:07.678] [background-scan-handler-0/DEBUG] [net.minecraftforge.fml.loading.moddiscovery.Scanner/SCAN]: Scanning Mod File: C:\Users\mattw\Documents\Git\SampleMod\.gradle\repositories\ng_dummy_ng\net\neoforged\forge\1.20.1-47.1.106\forge-1.20.1-47.1.106.jar path net/minecraft/world/level/levelgen/structure/pieces/PieceGenerator.class
[13Aug2026 02:00:07.680] [background-scan-handler-0/DEBUG] [net.minecraftforge.fml.loading.moddiscovery.Scanner/SCAN]: Scanning Mod File: C:\Users\mattw\Documents\Git\SampleMod\.gradle\repositories\ng_dummy_ng\net\neoforged\forge\1.20.1-47.1.106\forge-1.20.1-47.1.106.jar path net/minecraft/world/level/levelgen/structure/pieces/PieceGenerator$Context.class
[13Aug2026 02:00:07.680] [background-scan-handler-0/DEBUG] [net.minecraftforge.fml.loading.moddiscovery.Scanner/SCAN]: Scanning Mod File: C:\Users\mattw\Documents\Git\SampleMod\.gradle\repositories\ng_dummy_ng\net\neoforged\forge\1.20.1-47.1.106\forge-1.20.1-47.1.106.jar path net/minecraft/world/level/levelgen/structure/pieces/package-info.class
[13Aug2026 02:00:07.680] [background-scan-handler-0/DEBUG] [net.minecraftforge.fml.loading.moddiscovery.Scanner/SCAN]: Scanning Mod File: C:\Users\mattw\Documents\Git\SampleMod\.gradle\repositories\ng_dummy_ng\net\neoforged\forge\1.20.1-47.1.106\forge-1.20.1-47.1.106.jar path net/minecraft/world/level/levelgen/structure/package-info.class
[13Aug2026 02:00:07.681] [background-scan-handler-0/DEBUG] [net.minecraftforge.fml.loading.moddiscovery.Scanner/SCAN]: Scanning Mod File: C:\Users\mattw\Documents\Git\SampleMod\.gradle\repositories\ng_dummy_ng\net\neoforged\forge\1.20.1-47.1.106\forge-1.20.1-47.1.106.jar path net/minecraft/world/level/levelgen/structure/LegacyStructureDataHandler.class
[13Aug2026 02:00:07.682] [background-scan-handler-0/DEBUG] [net.minecraftforge.fml.loading.moddiscovery.Scanner/SCAN]: Scanning Mod File: C:\Users\mattw\Documents\Git\SampleMod\.gradle\repositories\ng_dummy_ng\net\neoforged\forge\1.20.1-47.1.106\forge-1.20.1-47.1.106.jar path net/minecraft/world/level/levelgen/structure/BuiltinStructureSets.class
[13Aug2026 02:00:07.682] [background-scan-handler-0/DEBUG] [net.minecraftforge.fml.loading.moddiscovery.Scanner/SCAN]: Scanning Mod File: C:\Users\mattw\Documents\Git\SampleMod\.gradle\repositories\ng_dummy_ng\net\neoforged\forge\1.20.1-47.1.106\forge-1.20.1-47.1.106.jar path net/minecraft/world/level/levelgen/structure/BuiltinStructures.class
[13Aug2026 02:00:07.682] [background-scan-handler-0/DEBUG] [net.minecraftforge.fml.loading.moddiscovery.Scanner/SCAN]: Scanning Mod File: C:\Users\mattw\Documents\Git\SampleMod\.gradle\repositories\ng_dummy_ng\net\neoforged\forge\1.20.1-47.1.106\forge-1.20.1-47.1.106.jar path net/minecraft/world/level/levelgen/structure/BoundingBox.class
[13Aug2026 02:00:07.682] [background-scan-handler-0/DEBUG] [net.minecraftforge.fml.loading.moddiscovery.Scanner/SCAN]: Scanning Mod File: C:\Users\mattw\Documents\Git\SampleMod\.gradle\repositories\ng_dummy_ng\net\neoforged\forge\1.20.1-47.1.106\forge-1.20.1-47.1.106.jar path net/minecraft/world/level/levelgen/structure/BoundingBox$1.class
[13Aug2026 02:00:07.682] [background-scan-handler-0/DEBUG] [net.minecraftforge.fml.loading.moddiscovery.Scanner/SCAN]: Scanning Mod File: C:\Users\mattw\Documents\Git\SampleMod\.gradle\repositories\ng_dummy_ng\net\neoforged\forge\1.20.1-47.1.106\forge-1.20.1-47.1.106.jar path net/minecraft/world/level/levelgen/SingleThreadedRandomSource.class
[13Aug2026 02:00:07.683] [background-scan-handler-0/DEBUG] [net.minecraftforge.fml.loading.moddiscovery.Scanner/SCAN]: Scanning Mod File: C:\Users\mattw\Documents\Git\SampleMod\.gradle\repositories\ng_dummy_ng\net\neoforged\forge\1.20.1-47.1.106\forge-1.20.1-47.1.106.jar path net/minecraft/world/level/levelgen/RandomSupport.class
[13Aug2026 02:00:07.683] [background-scan-handler-0/DEBUG] [net.minecraftforge.fml.loading.moddiscovery.Scanner/SCAN]: Scanning Mod File: C:\Users\mattw\Documents\Git\SampleMod\.gradle\repositories\ng_dummy_ng\net\neoforged\forge\1.20.1-47.1.106\forge-1.20.1-47.1.106.jar path net/minecraft/world/level/levelgen/RandomSupport$Seed128bit.class
[13Aug2026 02:00:07.683] [background-scan-handler-0/DEBUG] [net.minecraftforge.fml.loading.moddiscovery.Scanner/SCAN]: Scanning Mod File: C:\Users\mattw\Documents\Git\SampleMod\.gradle\repositories\ng_dummy_ng\net\neoforged\forge\1.20.1-47.1.106\forge-1.20.1-47.1.106.jar path net/minecraft/world/level/levelgen/RandomState.class
[13Aug2026 02:00:07.684] [background-scan-handler-0/DEBUG] [net.minecraftforge.fml.loading.moddiscovery.Scanner/SCAN]: Scanning Mod File: C:\Users\mattw\Documents\Git\SampleMod\.gradle\repositories\ng_dummy_ng\net\neoforged\forge\1.20.1-47.1.106\forge-1.20.1-47.1.106.jar path net/minecraft/world/level/levelgen/RandomState$1NoiseWiringHelper.class
[13Aug2026 02:00:07.685] [background-scan-handler-0/DEBUG] [net.minecraftforge.fml.loading.moddiscovery.Scanner/SCAN]: Scanning Mod File: C:\Users\mattw\Documents\Git\SampleMod\.gradle\repositories\ng_dummy_ng\net\neoforged\forge\1.20.1-47.1.106\forge-1.20.1-47.1.106.jar path net/minecraft/world/level/levelgen/RandomState$1.class
[13Aug2026 02:00:07.686] [background-scan-handler-0/DEBUG] [net.minecraftforge.fml.loading.moddiscovery.Scanner/SCAN]: Scanning Mod File: C:\Users\mattw\Documents\Git\SampleMod\.gradle\repositories\ng_dummy_ng\net\neoforged\forge\1.20.1-47.1.106\forge-1.20.1-47.1.106.jar path net/minecraft/world/level/levelgen/presets/WorldPresets.class
[13Aug2026 02:00:07.687] [background-scan-handler-0/DEBUG] [net.minecraftforge.fml.loading.moddiscovery.Scanner/SCAN]: Scanning Mod File: C:\Users\mattw\Documents\Git\SampleMod\.gradle\repositories\ng_dummy_ng\net\neoforged\forge\1.20.1-47.1.106\forge-1.20.1-47.1.106.jar path net/minecraft/world/level/levelgen/presets/WorldPresets$Bootstrap.class
[13Aug2026 02:00:07.688] [background-scan-handler-0/DEBUG] [net.minecraftforge.fml.loading.moddiscovery.Scanner/SCAN]: Scanning Mod File: C:\Users\mattw\Documents\Git\SampleMod\.gradle\repositories\ng_dummy_ng\net\neoforged\forge\1.20.1-47.1.106\forge-1.20.1-47.1.106.jar path net/minecraft/world/level/levelgen/presets/WorldPreset.class
[13Aug2026 02:00:07.688] [background-scan-handler-0/DEBUG] [net.minecraftforge.fml.loading.moddiscovery.Scanner/SCAN]: Scanning Mod File: C:\Users\mattw\Documents\Git\SampleMod\.gradle\repositories\ng_dummy_ng\net\neoforged\forge\1.20.1-47.1.106\forge-1.20.1-47.1.106.jar path net/minecraft/world/level/levelgen/presets/package-info.class
[13Aug2026 02:00:07.689] [background-scan-handler-0/DEBUG] [net.minecraftforge.fml.loading.moddiscovery.Scanner/SCAN]: Scanning Mod File: C:\Users\mattw\Documents\Git\SampleMod\.gradle\repositories\ng_dummy_ng\net\neoforged\forge\1.20.1-47.1.106\forge-1.20.1-47.1.106.jar path net/minecraft/world/level/levelgen/PositionalRandomFactory.class
[13Aug2026 02:00:07.689] [background-scan-handler-0/DEBUG] [net.minecraftforge.fml.loading.moddiscovery.Scanner/SCAN]: Scanning Mod File: C:\Users\mattw\Documents\Git\SampleMod\.gradle\repositories\ng_dummy_ng\net\neoforged\forge\1.20.1-47.1.106\forge-1.20.1-47.1.106.jar path net/minecraft/world/level/levelgen/placement/SurfaceWaterDepthFilter.class
[13Aug2026 02:00:07.689] [background-scan-handler-0/DEBUG] [net.minecraftforge.fml.loading.moddiscovery.Scanner/SCAN]: Scanning Mod File: C:\Users\mattw\Documents\Git\SampleMod\.gradle\repositories\ng_dummy_ng\net\neoforged\forge\1.20.1-47.1.106\forge-1.20.1-47.1.106.jar path net/minecraft/world/level/levelgen/placement/SurfaceRelativeThresholdFilter.class
[13Aug2026 02:00:07.690] [background-scan-handler-0/DEBUG] [net.minecraftforge.fml.loading.moddiscovery.Scanner/SCAN]: Scanning Mod File: C:\Users\mattw\Documents\Git\SampleMod\.gradle\repositories\ng_dummy_ng\net\neoforged\forge\1.20.1-47.1.106\forge-1.20.1-47.1.106.jar path net/minecraft/world/level/levelgen/placement/RepeatingPlacement.class
[13Aug2026 02:00:07.690] [background-scan-handler-0/DEBUG] [net.minecraftforge.fml.loading.moddiscovery.Scanner/SCAN]: Scanning Mod File: C:\Users\mattw\Documents\Git\SampleMod\.gradle\repositories\ng_dummy_ng\net\neoforged\forge\1.20.1-47.1.106\forge-1.20.1-47.1.106.jar path net/minecraft/world/level/levelgen/placement/RarityFilter.class
[13Aug2026 02:00:07.691] [background-scan-handler-0/DEBUG] [net.minecraftforge.fml.loading.moddiscovery.Scanner/SCAN]: Scanning Mod File: C:\Users\mattw\Documents\Git\SampleMod\.gradle\repositories\ng_dummy_ng\net\neoforged\forge\1.20.1-47.1.106\forge-1.20.1-47.1.106.jar path net/minecraft/world/level/levelgen/placement/RandomOffsetPlacement.class
[13Aug2026 02:00:07.691] [background-scan-handler-0/DEBUG] [net.minecraftforge.fml.loading.moddiscovery.Scanner/SCAN]: Scanning Mod File: C:\Users\mattw\Documents\Git\SampleMod\.gradle\repositories\ng_dummy_ng\net\neoforged\forge\1.20.1-47.1.106\forge-1.20.1-47.1.106.jar path net/minecraft/world/level/levelgen/placement/PlacementModifierType.class
[13Aug2026 02:00:07.691] [background-scan-handler-0/DEBUG] [net.minecraftforge.fml.loading.moddiscovery.Scanner/SCAN]: Scanning Mod File: C:\Users\mattw\Documents\Git\SampleMod\.gradle\repositories\ng_dummy_ng\net\neoforged\forge\1.20.1-47.1.106\forge-1.20.1-47.1.106.jar path net/minecraft/world/level/levelgen/placement/PlacementModifier.class
[13Aug2026 02:00:07.692] [background-scan-handler-0/DEBUG] [net.minecraftforge.fml.loading.moddiscovery.Scanner/SCAN]: Scanning Mod File: C:\Users\mattw\Documents\Git\SampleMod\.gradle\repositories\ng_dummy_ng\net\neoforged\forge\1.20.1-47.1.106\forge-1.20.1-47.1.106.jar path net/minecraft/world/level/levelgen/placement/PlacementFilter.class
[13Aug2026 02:00:07.692] [background-scan-handler-0/DEBUG] [net.minecraftforge.fml.loading.moddiscovery.Scanner/SCAN]: Scanning Mod File: C:\Users\mattw\Documents\Git\SampleMod\.gradle\repositories\ng_dummy_ng\net\neoforged\forge\1.20.1-47.1.106\forge-1.20.1-47.1.106.jar path net/minecraft/world/level/levelgen/placement/PlacementContext.class
[13Aug2026 02:00:07.693] [background-scan-handler-0/DEBUG] [net.minecraftforge.fml.loading.moddiscovery.Scanner/SCAN]: Scanning Mod File: C:\Users\mattw\Documents\Git\SampleMod\.gradle\repositories\ng_dummy_ng\net\neoforged\forge\1.20.1-47.1.106\forge-1.20.1-47.1.106.jar path net/minecraft/world/level/levelgen/placement/PlacedFeature.class
[13Aug2026 02:00:07.694] [background-scan-handler-0/DEBUG] [net.minecraftforge.fml.loading.moddiscovery.Scanner/SCAN]: Scanning Mod File: C:\Users\mattw\Documents\Git\SampleMod\.gradle\repositories\ng_dummy_ng\net\neoforged\forge\1.20.1-47.1.106\forge-1.20.1-47.1.106.jar path net/minecraft/world/level/levelgen/placement/package-info.class
[13Aug2026 02:00:07.694] [background-scan-handler-0/DEBUG] [net.minecraftforge.fml.loading.moddiscovery.Scanner/SCAN]: Scanning Mod File: C:\Users\mattw\Documents\Git\SampleMod\.gradle\repositories\ng_dummy_ng\net\neoforged\forge\1.20.1-47.1.106\forge-1.20.1-47.1.106.jar path net/minecraft/world/level/levelgen/placement/NoiseThresholdCountPlacement.class
[13Aug2026 02:00:07.695] [background-scan-handler-0/DEBUG] [net.minecraftforge.fml.loading.moddiscovery.Scanner/SCAN]: Scanning Mod File: C:\Users\mattw\Documents\Git\SampleMod\.gradle\repositories\ng_dummy_ng\net\neoforged\forge\1.20.1-47.1.106\forge-1.20.1-47.1.106.jar path net/minecraft/world/level/levelgen/placement/NoiseBasedCountPlacement.class
[13Aug2026 02:00:07.696] [background-scan-handler-0/DEBUG] [net.minecraftforge.fml.loading.moddiscovery.Scanner/SCAN]: Scanning Mod File: C:\Users\mattw\Documents\Git\SampleMod\.gradle\repositories\ng_dummy_ng\net\neoforged\forge\1.20.1-47.1.106\forge-1.20.1-47.1.106.jar path net/minecraft/world/level/levelgen/placement/InSquarePlacement.class
[13Aug2026 02:00:07.696] [background-scan-handler-0/DEBUG] [net.minecraftforge.fml.loading.moddiscovery.Scanner/SCAN]: Scanning Mod File: C:\Users\mattw\Documents\Git\SampleMod\.gradle\repositories\ng_dummy_ng\net\neoforged\forge\1.20.1-47.1.106\forge-1.20.1-47.1.106.jar path net/minecraft/world/level/levelgen/placement/HeightRangePlacement.class
[13Aug2026 02:00:07.696] [background-scan-handler-0/DEBUG] [net.minecraftforge.fml.loading.moddiscovery.Scanner/SCAN]: Scanning Mod File: C:\Users\mattw\Documents\Git\SampleMod\.gradle\repositories\ng_dummy_ng\net\neoforged\forge\1.20.1-47.1.106\forge-1.20.1-47.1.106.jar path net/minecraft/world/level/levelgen/placement/HeightmapPlacement.class
[13Aug2026 02:00:07.696] [background-scan-handler-0/DEBUG] [net.minecraftforge.fml.loading.moddiscovery.Scanner/SCAN]: Scanning Mod File: C:\Users\mattw\Documents\Git\SampleMod\.gradle\repositories\ng_dummy_ng\net\neoforged\forge\1.20.1-47.1.106\forge-1.20.1-47.1.106.jar path net/minecraft/world/level/levelgen/placement/EnvironmentScanPlacement.class
[13Aug2026 02:00:07.697] [background-scan-handler-0/DEBUG] [net.minecraftforge.fml.loading.moddiscovery.Scanner/SCAN]: Scanning Mod File: C:\Users\mattw\Documents\Git\SampleMod\.gradle\repositories\ng_dummy_ng\net\neoforged\forge\1.20.1-47.1.106\forge-1.20.1-47.1.106.jar path net/minecraft/world/level/levelgen/placement/CountPlacement.class
[13Aug2026 02:00:07.697] [background-scan-handler-0/DEBUG] [net.minecraftforge.fml.loading.moddiscovery.Scanner/SCAN]: Scanning Mod File: C:\Users\mattw\Documents\Git\SampleMod\.gradle\repositories\ng_dummy_ng\net\neoforged\forge\1.20.1-47.1.106\forge-1.20.1-47.1.106.jar path net/minecraft/world/level/levelgen/placement/CountOnEveryLayerPlacement.class
[13Aug2026 02:00:07.697] [background-scan-handler-0/DEBUG] [net.minecraftforge.fml.loading.moddiscovery.Scanner/SCAN]: Scanning Mod File: C:\Users\mattw\Documents\Git\SampleMod\.gradle\repositories\ng_dummy_ng\net\neoforged\forge\1.20.1-47.1.106\forge-1.20.1-47.1.106.jar path net/minecraft/world/level/levelgen/placement/CaveSurface.class
[13Aug2026 02:00:07.698] [background-scan-handler-0/DEBUG] [net.minecraftforge.fml.loading.moddiscovery.Scanner/SCAN]: Scanning Mod File: C:\Users\mattw\Documents\Git\SampleMod\.gradle\repositories\ng_dummy_ng\net\neoforged\forge\1.20.1-47.1.106\forge-1.20.1-47.1.106.jar path net/minecraft/world/level/levelgen/placement/CarvingMaskPlacement.class
[13Aug2026 02:00:07.699] [background-scan-handler-0/DEBUG] [net.minecraftforge.fml.loading.moddiscovery.Scanner/SCAN]: Scanning Mod File: C:\Users\mattw\Documents\Git\SampleMod\.gradle\repositories\ng_dummy_ng\net\neoforged\forge\1.20.1-47.1.106\forge-1.20.1-47.1.106.jar path net/minecraft/world/level/levelgen/placement/BlockPredicateFilter.class
[13Aug2026 02:00:07.700] [background-scan-handler-0/DEBUG] [net.minecraftforge.fml.loading.moddiscovery.Scanner/SCAN]: Scanning Mod File: C:\Users\mattw\Documents\Git\SampleMod\.gradle\repositories\ng_dummy_ng\net\neoforged\forge\1.20.1-47.1.106\forge-1.20.1-47.1.106.jar path net/minecraft/world/level/levelgen/placement/BiomeFilter.class
[13Aug2026 02:00:07.700] [background-scan-handler-0/DEBUG] [net.minecraftforge.fml.loading.moddiscovery.Scanner/SCAN]: Scanning Mod File: C:\Users\mattw\Documents\Git\SampleMod\.gradle\repositories\ng_dummy_ng\net\neoforged\forge\1.20.1-47.1.106\forge-1.20.1-47.1.106.jar path net/minecraft/world/level/levelgen/PhantomSpawner.class
[13Aug2026 02:00:07.700] [background-scan-handler-0/DEBUG] [net.minecraftforge.fml.loading.moddiscovery.Scanner/SCAN]: Scanning Mod File: C:\Users\mattw\Documents\Git\SampleMod\.gradle\repositories\ng_dummy_ng\net\neoforged\forge\1.20.1-47.1.106\forge-1.20.1-47.1.106.jar path net/minecraft/world/level/levelgen/PatrolSpawner.class
[13Aug2026 02:00:07.701] [background-scan-handler-0/DEBUG] [net.minecraftforge.fml.loading.moddiscovery.Scanner/SCAN]: Scanning Mod File: C:\Users\mattw\Documents\Git\SampleMod\.gradle\repositories\ng_dummy_ng\net\neoforged\forge\1.20.1-47.1.106\forge-1.20.1-47.1.106.jar path net/minecraft/world/level/levelgen/package-info.class
[13Aug2026 02:00:07.701] [background-scan-handler-0/DEBUG] [net.minecraftforge.fml.loading.moddiscovery.Scanner/SCAN]: Scanning Mod File: C:\Users\mattw\Documents\Git\SampleMod\.gradle\repositories\ng_dummy_ng\net\neoforged\forge\1.20.1-47.1.106\forge-1.20.1-47.1.106.jar path net/minecraft/world/level/levelgen/OreVeinifier.class
[13Aug2026 02:00:07.702] [background-scan-handler-0/DEBUG] [net.minecraftforge.fml.loading.moddiscovery.Scanner/SCAN]: Scanning Mod File: C:\Users\mattw\Documents\Git\SampleMod\.gradle\repositories\ng_dummy_ng\net\neoforged\forge\1.20.1-47.1.106\forge-1.20.1-47.1.106.jar path net/minecraft/world/level/levelgen/OreVeinifier$VeinType.class
[13Aug2026 02:00:07.702] [background-scan-handler-0/DEBUG] [net.minecraftforge.fml.loading.moddiscovery.Scanner/SCAN]: Scanning Mod File: C:\Users\mattw\Documents\Git\SampleMod\.gradle\repositories\ng_dummy_ng\net\neoforged\forge\1.20.1-47.1.106\forge-1.20.1-47.1.106.jar path net/minecraft/world/level/levelgen/NoiseSettings.class
[13Aug2026 02:00:07.703] [background-scan-handler-0/DEBUG] [net.minecraftforge.fml.loading.moddiscovery.Scanner/SCAN]: Scanning Mod File: C:\Users\mattw\Documents\Git\SampleMod\.gradle\repositories\ng_dummy_ng\net\neoforged\forge\1.20.1-47.1.106\forge-1.20.1-47.1.106.jar path net/minecraft/world/level/levelgen/Noises.class
[13Aug2026 02:00:07.703] [background-scan-handler-0/DEBUG] [net.minecraftforge.fml.loading.moddiscovery.Scanner/SCAN]: Scanning Mod File: C:\Users\mattw\Documents\Git\SampleMod\.gradle\repositories\ng_dummy_ng\net\neoforged\forge\1.20.1-47.1.106\forge-1.20.1-47.1.106.jar path net/minecraft/world/level/levelgen/NoiseRouterData.class
[13Aug2026 02:00:07.704] [background-scan-handler-0/DEBUG] [net.minecraftforge.fml.loading.moddiscovery.Scanner/SCAN]: Scanning Mod File: C:\Users\mattw\Documents\Git\SampleMod\.gradle\repositories\ng_dummy_ng\net\neoforged\forge\1.20.1-47.1.106\forge-1.20.1-47.1.106.jar path net/minecraft/world/level/levelgen/NoiseRouterData$QuantizedSpaghettiRarity.class
[13Aug2026 02:00:07.704] [background-scan-handler-0/DEBUG] [net.minecraftforge.fml.loading.moddiscovery.Scanner/SCAN]: Scanning Mod File: C:\Users\mattw\Documents\Git\SampleMod\.gradle\repositories\ng_dummy_ng\net\neoforged\forge\1.20.1-47.1.106\forge-1.20.1-47.1.106.jar path net/minecraft/world/level/levelgen/NoiseRouter.class
[13Aug2026 02:00:07.705] [background-scan-handler-0/DEBUG] [net.minecraftforge.fml.loading.moddiscovery.Scanner/SCAN]: Scanning Mod File: C:\Users\mattw\Documents\Git\SampleMod\.gradle\repositories\ng_dummy_ng\net\neoforged\forge\1.20.1-47.1.106\forge-1.20.1-47.1.106.jar path net/minecraft/world/level/levelgen/NoiseGeneratorSettings.class
[13Aug2026 02:00:07.707] [background-scan-handler-0/DEBUG] [net.minecraftforge.fml.loading.moddiscovery.Scanner/SCAN]: Scanning Mod File: C:\Users\mattw\Documents\Git\SampleMod\.gradle\repositories\ng_dummy_ng\net\neoforged\forge\1.20.1-47.1.106\forge-1.20.1-47.1.106.jar path net/minecraft/world/level/levelgen/NoiseChunk.class
[13Aug2026 02:00:07.708] [background-scan-handler-0/DEBUG] [net.minecraftforge.fml.loading.moddiscovery.Scanner/SCAN]: Scanning Mod File: C:\Users\mattw\Documents\Git\SampleMod\.gradle\repositories\ng_dummy_ng\net\neoforged\forge\1.20.1-47.1.106\forge-1.20.1-47.1.106.jar path net/minecraft/world/level/levelgen/NoiseChunk$NoiseInterpolator.class
[13Aug2026 02:00:07.709] [background-scan-handler-0/DEBUG] [net.minecraftforge.fml.loading.moddiscovery.Scanner/SCAN]: Scanning Mod File: C:\Users\mattw\Documents\Git\SampleMod\.gradle\repositories\ng_dummy_ng\net\neoforged\forge\1.20.1-47.1.106\forge-1.20.1-47.1.106.jar path net/minecraft/world/level/levelgen/NoiseChunk$NoiseChunkDensityFunction.class
[13Aug2026 02:00:07.709] [background-scan-handler-0/DEBUG] [net.minecraftforge.fml.loading.moddiscovery.Scanner/SCAN]: Scanning Mod File: C:\Users\mattw\Documents\Git\SampleMod\.gradle\repositories\ng_dummy_ng\net\neoforged\forge\1.20.1-47.1.106\forge-1.20.1-47.1.106.jar path net/minecraft/world/level/levelgen/NoiseChunk$FlatCache.class
[13Aug2026 02:00:07.709] [background-scan-handler-0/DEBUG] [net.minecraftforge.fml.loading.moddiscovery.Scanner/SCAN]: Scanning Mod File: C:\Users\mattw\Documents\Git\SampleMod\.gradle\repositories\ng_dummy_ng\net\neoforged\forge\1.20.1-47.1.106\forge-1.20.1-47.1.106.jar path net/minecraft/world/level/levelgen/NoiseChunk$CacheOnce.class
[13Aug2026 02:00:07.709] [background-scan-handler-0/DEBUG] [net.minecraftforge.fml.loading.moddiscovery.Scanner/SCAN]: Scanning Mod File: C:\Users\mattw\Documents\Git\SampleMod\.gradle\repositories\ng_dummy_ng\net\neoforged\forge\1.20.1-47.1.106\forge-1.20.1-47.1.106.jar path net/minecraft/world/level/levelgen/NoiseChunk$CacheAllInCell.class
[13Aug2026 02:00:07.710] [background-scan-handler-0/DEBUG] [net.minecraftforge.fml.loading.moddiscovery.Scanner/SCAN]: Scanning Mod File: C:\Users\mattw\Documents\Git\SampleMod\.gradle\repositories\ng_dummy_ng\net\neoforged\forge\1.20.1-47.1.106\forge-1.20.1-47.1.106.jar path net/minecraft/world/level/levelgen/NoiseChunk$Cache2D.class
[13Aug2026 02:00:07.711] [background-scan-handler-0/DEBUG] [net.minecraftforge.fml.loading.moddiscovery.Scanner/SCAN]: Scanning Mod File: C:\Users\mattw\Documents\Git\SampleMod\.gradle\repositories\ng_dummy_ng\net\neoforged\forge\1.20.1-47.1.106\forge-1.20.1-47.1.106.jar path net/minecraft/world/level/levelgen/NoiseChunk$BlockStateFiller.class
[13Aug2026 02:00:07.711] [background-scan-handler-0/DEBUG] [net.minecraftforge.fml.loading.moddiscovery.Scanner/SCAN]: Scanning Mod File: C:\Users\mattw\Documents\Git\SampleMod\.gradle\repositories\ng_dummy_ng\net\neoforged\forge\1.20.1-47.1.106\forge-1.20.1-47.1.106.jar path net/minecraft/world/level/levelgen/NoiseChunk$BlendOffset.class
[13Aug2026 02:00:07.711] [background-scan-handler-0/DEBUG] [net.minecraftforge.fml.loading.moddiscovery.Scanner/SCAN]: Scanning Mod File: C:\Users\mattw\Documents\Git\SampleMod\.gradle\repositories\ng_dummy_ng\net\neoforged\forge\1.20.1-47.1.106\forge-1.20.1-47.1.106.jar path net/minecraft/world/level/levelgen/NoiseChunk$BlendAlpha.class
[13Aug2026 02:00:07.712] [background-scan-handler-0/DEBUG] [net.minecraftforge.fml.loading.moddiscovery.Scanner/SCAN]: Scanning Mod File: C:\Users\mattw\Documents\Git\SampleMod\.gradle\repositories\ng_dummy_ng\net\neoforged\forge\1.20.1-47.1.106\forge-1.20.1-47.1.106.jar path net/minecraft/world/level/levelgen/NoiseChunk$2.class
[13Aug2026 02:00:07.712] [background-scan-handler-0/DEBUG] [net.minecraftforge.fml.loading.moddiscovery.Scanner/SCAN]: Scanning Mod File: C:\Users\mattw\Documents\Git\SampleMod\.gradle\repositories\ng_dummy_ng\net\neoforged\forge\1.20.1-47.1.106\forge-1.20.1-47.1.106.jar path net/minecraft/world/level/levelgen/NoiseChunk$1.class
[13Aug2026 02:00:07.712] [background-scan-handler-0/DEBUG] [net.minecraftforge.fml.loading.moddiscovery.Scanner/SCAN]: Scanning Mod File: C:\Users\mattw\Documents\Git\SampleMod\.gradle\repositories\ng_dummy_ng\net\neoforged\forge\1.20.1-47.1.106\forge-1.20.1-47.1.106.jar path net/minecraft/world/level/levelgen/NoiseBasedChunkGenerator.class
[13Aug2026 02:00:07.713] [background-scan-handler-0/DEBUG] [net.minecraftforge.fml.loading.moddiscovery.Scanner/SCAN]: Scanning Mod File: C:\Users\mattw\Documents\Git\SampleMod\.gradle\repositories\ng_dummy_ng\net\neoforged\forge\1.20.1-47.1.106\forge-1.20.1-47.1.106.jar path net/minecraft/world/level/levelgen/material/WorldGenMaterialRule.class
[13Aug2026 02:00:07.713] [background-scan-handler-0/DEBUG] [net.minecraftforge.fml.loading.moddiscovery.Scanner/SCAN]: Scanning Mod File: C:\Users\mattw\Documents\Git\SampleMod\.gradle\repositories\ng_dummy_ng\net\neoforged\forge\1.20.1-47.1.106\forge-1.20.1-47.1.106.jar path net/minecraft/world/level/levelgen/material/package-info.class
[13Aug2026 02:00:07.713] [background-scan-handler-0/DEBUG] [net.minecraftforge.fml.loading.moddiscovery.Scanner/SCAN]: Scanning Mod File: C:\Users\mattw\Documents\Git\SampleMod\.gradle\repositories\ng_dummy_ng\net\neoforged\forge\1.20.1-47.1.106\forge-1.20.1-47.1.106.jar path net/minecraft/world/level/levelgen/material/MaterialRuleList.class
[13Aug2026 02:00:07.715] [background-scan-handler-0/DEBUG] [net.minecraftforge.fml.loading.moddiscovery.Scanner/SCAN]: Scanning Mod File: C:\Users\mattw\Documents\Git\SampleMod\.gradle\repositories\ng_dummy_ng\net\neoforged\forge\1.20.1-47.1.106\forge-1.20.1-47.1.106.jar path net/minecraft/world/level/levelgen/MarsagliaPolarGaussian.class
[13Aug2026 02:00:07.715] [background-scan-handler-0/DEBUG] [net.minecraftforge.fml.loading.moddiscovery.Scanner/SCAN]: Scanning Mod File: C:\Users\mattw\Documents\Git\SampleMod\.gradle\repositories\ng_dummy_ng\net\neoforged\forge\1.20.1-47.1.106\forge-1.20.1-47.1.106.jar path net/minecraft/world/level/levelgen/LegacyRandomSource.class
[13Aug2026 02:00:07.715] [background-scan-handler-0/DEBUG] [net.minecraftforge.fml.loading.moddiscovery.Scanner/SCAN]: Scanning Mod File: C:\Users\mattw\Documents\Git\SampleMod\.gradle\repositories\ng_dummy_ng\net\neoforged\forge\1.20.1-47.1.106\forge-1.20.1-47.1.106.jar path net/minecraft/world/level/levelgen/LegacyRandomSource$LegacyPositionalRandomFactory.class
[13Aug2026 02:00:07.717] [background-scan-handler-0/DEBUG] [net.minecraftforge.fml.loading.moddiscovery.Scanner/SCAN]: Scanning Mod File: C:\Users\mattw\Documents\Git\SampleMod\.gradle\repositories\ng_dummy_ng\net\neoforged\forge\1.20.1-47.1.106\forge-1.20.1-47.1.106.jar path net/minecraft/world/level/levelgen/heightproviders/WeightedListHeight.class
[13Aug2026 02:00:07.718] [background-scan-handler-0/DEBUG] [net.minecraftforge.fml.loading.moddiscovery.Scanner/SCAN]: Scanning Mod File: C:\Users\mattw\Documents\Git\SampleMod\.gradle\repositories\ng_dummy_ng\net\neoforged\forge\1.20.1-47.1.106\forge-1.20.1-47.1.106.jar path net/minecraft/world/level/levelgen/heightproviders/VeryBiasedToBottomHeight.class
[13Aug2026 02:00:07.719] [background-scan-handler-0/DEBUG] [net.minecraftforge.fml.loading.moddiscovery.Scanner/SCAN]: Scanning Mod File: C:\Users\mattw\Documents\Git\SampleMod\.gradle\repositories\ng_dummy_ng\net\neoforged\forge\1.20.1-47.1.106\forge-1.20.1-47.1.106.jar path net/minecraft/world/level/levelgen/heightproviders/UniformHeight.class
[13Aug2026 02:00:07.720] [background-scan-handler-0/DEBUG] [net.minecraftforge.fml.loading.moddiscovery.Scanner/SCAN]: Scanning Mod File: C:\Users\mattw\Documents\Git\SampleMod\.gradle\repositories\ng_dummy_ng\net\neoforged\forge\1.20.1-47.1.106\forge-1.20.1-47.1.106.jar path net/minecraft/world/level/levelgen/heightproviders/TrapezoidHeight.class
[13Aug2026 02:00:07.720] [background-scan-handler-0/DEBUG] [net.minecraftforge.fml.loading.moddiscovery.Scanner/SCAN]: Scanning Mod File: C:\Users\mattw\Documents\Git\SampleMod\.gradle\repositories\ng_dummy_ng\net\neoforged\forge\1.20.1-47.1.106\forge-1.20.1-47.1.106.jar path net/minecraft/world/level/levelgen/heightproviders/package-info.class
[13Aug2026 02:00:07.720] [background-scan-handler-0/DEBUG] [net.minecraftforge.fml.loading.moddiscovery.Scanner/SCAN]: Scanning Mod File: C:\Users\mattw\Documents\Git\SampleMod\.gradle\repositories\ng_dummy_ng\net\neoforged\forge\1.20.1-47.1.106\forge-1.20.1-47.1.106.jar path net/minecraft/world/level/levelgen/heightproviders/HeightProviderType.class
[13Aug2026 02:00:07.721] [background-scan-handler-0/DEBUG] [net.minecraftforge.fml.loading.moddiscovery.Scanner/SCAN]: Scanning Mod File: C:\Users\mattw\Documents\Git\SampleMod\.gradle\repositories\ng_dummy_ng\net\neoforged\forge\1.20.1-47.1.106\forge-1.20.1-47.1.106.jar path net/minecraft/world/level/levelgen/heightproviders/HeightProvider.class
[13Aug2026 02:00:07.721] [background-scan-handler-0/DEBUG] [net.minecraftforge.fml.loading.moddiscovery.Scanner/SCAN]: Scanning Mod File: C:\Users\mattw\Documents\Git\SampleMod\.gradle\repositories\ng_dummy_ng\net\neoforged\forge\1.20.1-47.1.106\forge-1.20.1-47.1.106.jar path net/minecraft/world/level/levelgen/heightproviders/ConstantHeight.class
[13Aug2026 02:00:07.722] [background-scan-handler-0/DEBUG] [net.minecraftforge.fml.loading.moddiscovery.Scanner/SCAN]: Scanning Mod File: C:\Users\mattw\Documents\Git\SampleMod\.gradle\repositories\ng_dummy_ng\net\neoforged\forge\1.20.1-47.1.106\forge-1.20.1-47.1.106.jar path net/minecraft/world/level/levelgen/heightproviders/BiasedToBottomHeight.class
[13Aug2026 02:00:07.722] [background-scan-handler-0/DEBUG] [net.minecraftforge.fml.loading.moddiscovery.Scanner/SCAN]: Scanning Mod File: C:\Users\mattw\Documents\Git\SampleMod\.gradle\repositories\ng_dummy_ng\net\neoforged\forge\1.20.1-47.1.106\forge-1.20.1-47.1.106.jar path net/minecraft/world/level/levelgen/Heightmap.class
[13Aug2026 02:00:07.722] [background-scan-handler-0/DEBUG] [net.minecraftforge.fml.loading.moddiscovery.Scanner/SCAN]: Scanning Mod File: C:\Users\mattw\Documents\Git\SampleMod\.gradle\repositories\ng_dummy_ng\net\neoforged\forge\1.20.1-47.1.106\forge-1.20.1-47.1.106.jar path net/minecraft/world/level/levelgen/Heightmap$Usage.class
[13Aug2026 02:00:07.723] [background-scan-handler-0/DEBUG] [net.minecraftforge.fml.loading.moddiscovery.Scanner/SCAN]: Scanning Mod File: C:\Users\mattw\Documents\Git\SampleMod\.gradle\repositories\ng_dummy_ng\net\neoforged\forge\1.20.1-47.1.106\forge-1.20.1-47.1.106.jar path net/minecraft/world/level/levelgen/Heightmap$Types.class
[13Aug2026 02:00:07.724] [background-scan-handler-0/DEBUG] [net.minecraftforge.fml.loading.moddiscovery.Scanner/SCAN]: Scanning Mod File: C:\Users\mattw\Documents\Git\SampleMod\.gradle\repositories\ng_dummy_ng\net\neoforged\forge\1.20.1-47.1.106\forge-1.20.1-47.1.106.jar path net/minecraft/world/level/levelgen/GeodeLayerSettings.class
[13Aug2026 02:00:07.724] [background-scan-handler-0/DEBUG] [net.minecraftforge.fml.loading.moddiscovery.Scanner/SCAN]: Scanning Mod File: C:\Users\mattw\Documents\Git\SampleMod\.gradle\repositories\ng_dummy_ng\net\neoforged\forge\1.20.1-47.1.106\forge-1.20.1-47.1.106.jar path net/minecraft/world/level/levelgen/GeodeCrackSettings.class
[13Aug2026 02:00:07.725] [background-scan-handler-0/DEBUG] [net.minecraftforge.fml.loading.moddiscovery.Scanner/SCAN]: Scanning Mod File: C:\Users\mattw\Documents\Git\SampleMod\.gradle\repositories\ng_dummy_ng\net\neoforged\forge\1.20.1-47.1.106\forge-1.20.1-47.1.106.jar path net/minecraft/world/level/levelgen/GeodeBlockSettings.class
[13Aug2026 02:00:07.725] [background-scan-handler-0/DEBUG] [net.minecraftforge.fml.loading.moddiscovery.Scanner/SCAN]: Scanning Mod File: C:\Users\mattw\Documents\Git\SampleMod\.gradle\repositories\ng_dummy_ng\net\neoforged\forge\1.20.1-47.1.106\forge-1.20.1-47.1.106.jar path net/minecraft/world/level/levelgen/GenerationStep.class
[13Aug2026 02:00:07.726] [background-scan-handler-0/DEBUG] [net.minecraftforge.fml.loading.moddiscovery.Scanner/SCAN]: Scanning Mod File: C:\Users\mattw\Documents\Git\SampleMod\.gradle\repositories\ng_dummy_ng\net\neoforged\forge\1.20.1-47.1.106\forge-1.20.1-47.1.106.jar path net/minecraft/world/level/levelgen/GenerationStep$Decoration.class
[13Aug2026 02:00:07.727] [background-scan-handler-0/DEBUG] [net.minecraftforge.fml.loading.moddiscovery.Scanner/SCAN]: Scanning Mod File: C:\Users\mattw\Documents\Git\SampleMod\.gradle\repositories\ng_dummy_ng\net\neoforged\forge\1.20.1-47.1.106\forge-1.20.1-47.1.106.jar path net/minecraft/world/level/levelgen/GenerationStep$Carving.class
[13Aug2026 02:00:07.728] [background-scan-handler-0/DEBUG] [net.minecraftforge.fml.loading.moddiscovery.Scanner/SCAN]: Scanning Mod File: C:\Users\mattw\Documents\Git\SampleMod\.gradle\repositories\ng_dummy_ng\net\neoforged\forge\1.20.1-47.1.106\forge-1.20.1-47.1.106.jar path net/minecraft/world/level/levelgen/FlatLevelSource.class
[13Aug2026 02:00:07.729] [background-scan-handler-0/DEBUG] [net.minecraftforge.fml.loading.moddiscovery.Scanner/SCAN]: Scanning Mod File: C:\Users\mattw\Documents\Git\SampleMod\.gradle\repositories\ng_dummy_ng\net\neoforged\forge\1.20.1-47.1.106\forge-1.20.1-47.1.106.jar path net/minecraft/world/level/levelgen/flat/package-info.class
[13Aug2026 02:00:07.729] [background-scan-handler-0/DEBUG] [net.minecraftforge.fml.loading.moddiscovery.Scanner/SCAN]: Scanning Mod File: C:\Users\mattw\Documents\Git\SampleMod\.gradle\repositories\ng_dummy_ng\net\neoforged\forge\1.20.1-47.1.106\forge-1.20.1-47.1.106.jar path net/minecraft/world/level/levelgen/flat/FlatLevelGeneratorSettings.class
[13Aug2026 02:00:07.730] [background-scan-handler-0/DEBUG] [net.minecraftforge.fml.loading.moddiscovery.Scanner/SCAN]: Scanning Mod File: C:\Users\mattw\Documents\Git\SampleMod\.gradle\repositories\ng_dummy_ng\net\neoforged\forge\1.20.1-47.1.106\forge-1.20.1-47.1.106.jar path net/minecraft/world/level/levelgen/flat/FlatLevelGeneratorPresets.class
[13Aug2026 02:00:07.730] [background-scan-handler-0/DEBUG] [net.minecraftforge.fml.loading.moddiscovery.Scanner/SCAN]: Scanning Mod File: C:\Users\mattw\Documents\Git\SampleMod\.gradle\repositories\ng_dummy_ng\net\neoforged\forge\1.20.1-47.1.106\forge-1.20.1-47.1.106.jar path net/minecraft/world/level/levelgen/flat/FlatLevelGeneratorPresets$Bootstrap.class
[13Aug2026 02:00:07.731] [background-scan-handler-0/DEBUG] [net.minecraftforge.fml.loading.moddiscovery.Scanner/SCAN]: Scanning Mod File: C:\Users\mattw\Documents\Git\SampleMod\.gradle\repositories\ng_dummy_ng\net\neoforged\forge\1.20.1-47.1.106\forge-1.20.1-47.1.106.jar path net/minecraft/world/level/levelgen/flat/FlatLevelGeneratorPreset.class
[13Aug2026 02:00:07.731] [background-scan-handler-0/DEBUG] [net.minecraftforge.fml.loading.moddiscovery.Scanner/SCAN]: Scanning Mod File: C:\Users\mattw\Documents\Git\SampleMod\.gradle\repositories\ng_dummy_ng\net\neoforged\forge\1.20.1-47.1.106\forge-1.20.1-47.1.106.jar path net/minecraft/world/level/levelgen/flat/FlatLayerInfo.class
[13Aug2026 02:00:07.732] [background-scan-handler-0/DEBUG] [net.minecraftforge.fml.loading.moddiscovery.Scanner/SCAN]: Scanning Mod File: C:\Users\mattw\Documents\Git\SampleMod\.gradle\repositories\ng_dummy_ng\net\neoforged\forge\1.20.1-47.1.106\forge-1.20.1-47.1.106.jar path net/minecraft/world/level/levelgen/feature/WeightedPlacedFeature.class
[13Aug2026 02:00:07.732] [background-scan-handler-0/DEBUG] [net.minecraftforge.fml.loading.moddiscovery.Scanner/SCAN]: Scanning Mod File: C:\Users\mattw\Documents\Git\SampleMod\.gradle\repositories\ng_dummy_ng\net\neoforged\forge\1.20.1-47.1.106\forge-1.20.1-47.1.106.jar path net/minecraft/world/level/levelgen/feature/WeepingVinesFeature.class
[13Aug2026 02:00:07.733] [background-scan-handler-0/DEBUG] [net.minecraftforge.fml.loading.moddiscovery.Scanner/SCAN]: Scanning Mod File: C:\Users\mattw\Documents\Git\SampleMod\.gradle\repositories\ng_dummy_ng\net\neoforged\forge\1.20.1-47.1.106\forge-1.20.1-47.1.106.jar path net/minecraft/world/level/levelgen/feature/WaterloggedVegetationPatchFeature.class
[13Aug2026 02:00:07.733] [background-scan-handler-0/DEBUG] [net.minecraftforge.fml.loading.moddiscovery.Scanner/SCAN]: Scanning Mod File: C:\Users\mattw\Documents\Git\SampleMod\.gradle\repositories\ng_dummy_ng\net\neoforged\forge\1.20.1-47.1.106\forge-1.20.1-47.1.106.jar path net/minecraft/world/level/levelgen/feature/VoidStartPlatformFeature.class
[13Aug2026 02:00:07.735] [background-scan-handler-0/DEBUG] [net.minecraftforge.fml.loading.moddiscovery.Scanner/SCAN]: Scanning Mod File: C:\Users\mattw\Documents\Git\SampleMod\.gradle\repositories\ng_dummy_ng\net\neoforged\forge\1.20.1-47.1.106\forge-1.20.1-47.1.106.jar path net/minecraft/world/level/levelgen/feature/VinesFeature.class
[13Aug2026 02:00:07.735] [background-scan-handler-0/DEBUG] [net.minecraftforge.fml.loading.moddiscovery.Scanner/SCAN]: Scanning Mod File: C:\Users\mattw\Documents\Git\SampleMod\.gradle\repositories\ng_dummy_ng\net\neoforged\forge\1.20.1-47.1.106\forge-1.20.1-47.1.106.jar path net/minecraft/world/level/levelgen/feature/VegetationPatchFeature.class
[13Aug2026 02:00:07.736] [background-scan-handler-0/DEBUG] [net.minecraftforge.fml.loading.moddiscovery.Scanner/SCAN]: Scanning Mod File: C:\Users\mattw\Documents\Git\SampleMod\.gradle\repositories\ng_dummy_ng\net\neoforged\forge\1.20.1-47.1.106\forge-1.20.1-47.1.106.jar path net/minecraft/world/level/levelgen/feature/UnderwaterMagmaFeature.class
[13Aug2026 02:00:07.737] [background-scan-handler-0/DEBUG] [net.minecraftforge.fml.loading.moddiscovery.Scanner/SCAN]: Scanning Mod File: C:\Users\mattw\Documents\Git\SampleMod\.gradle\repositories\ng_dummy_ng\net\neoforged\forge\1.20.1-47.1.106\forge-1.20.1-47.1.106.jar path net/minecraft/world/level/levelgen/feature/TwistingVinesFeature.class
[13Aug2026 02:00:07.737] [background-scan-handler-0/DEBUG] [net.minecraftforge.fml.loading.moddiscovery.Scanner/SCAN]: Scanning Mod File: C:\Users\mattw\Documents\Git\SampleMod\.gradle\repositories\ng_dummy_ng\net\neoforged\forge\1.20.1-47.1.106\forge-1.20.1-47.1.106.jar path net/minecraft/world/level/levelgen/feature/trunkplacers/UpwardsBranchingTrunkPlacer.class
[13Aug2026 02:00:07.738] [background-scan-handler-0/DEBUG] [net.minecraftforge.fml.loading.moddiscovery.Scanner/SCAN]: Scanning Mod File: C:\Users\mattw\Documents\Git\SampleMod\.gradle\repositories\ng_dummy_ng\net\neoforged\forge\1.20.1-47.1.106\forge-1.20.1-47.1.106.jar path net/minecraft/world/level/levelgen/feature/trunkplacers/TrunkPlacerType.class
[13Aug2026 02:00:07.738] [background-scan-handler-0/DEBUG] [net.minecraftforge.fml.loading.moddiscovery.Scanner/SCAN]: Scanning Mod File: C:\Users\mattw\Documents\Git\SampleMod\.gradle\repositories\ng_dummy_ng\net\neoforged\forge\1.20.1-47.1.106\forge-1.20.1-47.1.106.jar path net/minecraft/world/level/levelgen/feature/trunkplacers/TrunkPlacer.class
[13Aug2026 02:00:07.739] [background-scan-handler-0/DEBUG] [net.minecraftforge.fml.loading.moddiscovery.Scanner/SCAN]: Scanning Mod File: C:\Users\mattw\Documents\Git\SampleMod\.gradle\repositories\ng_dummy_ng\net\neoforged\forge\1.20.1-47.1.106\forge-1.20.1-47.1.106.jar path net/minecraft/world/level/levelgen/feature/trunkplacers/StraightTrunkPlacer.class
[13Aug2026 02:00:07.740] [background-scan-handler-0/DEBUG] [net.minecraftforge.fml.loading.moddiscovery.Scanner/SCAN]: Scanning Mod File: C:\Users\mattw\Documents\Git\SampleMod\.gradle\repositories\ng_dummy_ng\net\neoforged\forge\1.20.1-47.1.106\forge-1.20.1-47.1.106.jar path net/minecraft/world/level/levelgen/feature/trunkplacers/package-info.class
[13Aug2026 02:00:07.740] [background-scan-handler-0/DEBUG] [net.minecraftforge.fml.loading.moddiscovery.Scanner/SCAN]: Scanning Mod File: C:\Users\mattw\Documents\Git\SampleMod\.gradle\repositories\ng_dummy_ng\net\neoforged\forge\1.20.1-47.1.106\forge-1.20.1-47.1.106.jar path net/minecraft/world/level/levelgen/feature/trunkplacers/MegaJungleTrunkPlacer.class
[13Aug2026 02:00:07.741] [background-scan-handler-0/DEBUG] [net.minecraftforge.fml.loading.moddiscovery.Scanner/SCAN]: Scanning Mod File: C:\Users\mattw\Documents\Git\SampleMod\.gradle\repositories\ng_dummy_ng\net\neoforged\forge\1.20.1-47.1.106\forge-1.20.1-47.1.106.jar path net/minecraft/world/level/levelgen/feature/trunkplacers/GiantTrunkPlacer.class
[13Aug2026 02:00:07.742] [background-scan-handler-0/DEBUG] [net.minecraftforge.fml.loading.moddiscovery.Scanner/SCAN]: Scanning Mod File: C:\Users\mattw\Documents\Git\SampleMod\.gradle\repositories\ng_dummy_ng\net\neoforged\forge\1.20.1-47.1.106\forge-1.20.1-47.1.106.jar path net/minecraft/world/level/levelgen/feature/trunkplacers/ForkingTrunkPlacer.class
[13Aug2026 02:00:07.743] [background-scan-handler-0/DEBUG] [net.minecraftforge.fml.loading.moddiscovery.Scanner/SCAN]: Scanning Mod File: C:\Users\mattw\Documents\Git\SampleMod\.gradle\repositories\ng_dummy_ng\net\neoforged\forge\1.20.1-47.1.106\forge-1.20.1-47.1.106.jar path net/minecraft/world/level/levelgen/feature/trunkplacers/FancyTrunkPlacer.class
[13Aug2026 02:00:07.744] [background-scan-handler-0/DEBUG] [net.minecraftforge.fml.loading.moddiscovery.Scanner/SCAN]: Scanning Mod File: C:\Users\mattw\Documents\Git\SampleMod\.gradle\repositories\ng_dummy_ng\net\neoforged\forge\1.20.1-47.1.106\forge-1.20.1-47.1.106.jar path net/minecraft/world/level/levelgen/feature/trunkplacers/FancyTrunkPlacer$FoliageCoords.class
[13Aug2026 02:00:07.744] [background-scan-handler-0/DEBUG] [net.minecraftforge.fml.loading.moddiscovery.Scanner/SCAN]: Scanning Mod File: C:\Users\mattw\Documents\Git\SampleMod\.gradle\repositories\ng_dummy_ng\net\neoforged\forge\1.20.1-47.1.106\forge-1.20.1-47.1.106.jar path net/minecraft/world/level/levelgen/feature/trunkplacers/DarkOakTrunkPlacer.class
[13Aug2026 02:00:07.745] [background-scan-handler-0/DEBUG] [net.minecraftforge.fml.loading.moddiscovery.Scanner/SCAN]: Scanning Mod File: C:\Users\mattw\Documents\Git\SampleMod\.gradle\repositories\ng_dummy_ng\net\neoforged\forge\1.20.1-47.1.106\forge-1.20.1-47.1.106.jar path net/minecraft/world/level/levelgen/feature/trunkplacers/CherryTrunkPlacer.class
[13Aug2026 02:00:07.745] [background-scan-handler-0/DEBUG] [net.minecraftforge.fml.loading.moddiscovery.Scanner/SCAN]: Scanning Mod File: C:\Users\mattw\Documents\Git\SampleMod\.gradle\repositories\ng_dummy_ng\net\neoforged\forge\1.20.1-47.1.106\forge-1.20.1-47.1.106.jar path net/minecraft/world/level/levelgen/feature/trunkplacers/BendingTrunkPlacer.class
[13Aug2026 02:00:07.747] [background-scan-handler-0/DEBUG] [net.minecraftforge.fml.loading.moddiscovery.Scanner/SCAN]: Scanning Mod File: C:\Users\mattw\Documents\Git\SampleMod\.gradle\repositories\ng_dummy_ng\net\neoforged\forge\1.20.1-47.1.106\forge-1.20.1-47.1.106.jar path net/minecraft/world/level/levelgen/feature/TreeFeature.class
[13Aug2026 02:00:07.748] [background-scan-handler-0/DEBUG] [net.minecraftforge.fml.loading.moddiscovery.Scanner/SCAN]: Scanning Mod File: C:\Users\mattw\Documents\Git\SampleMod\.gradle\repositories\ng_dummy_ng\net\neoforged\forge\1.20.1-47.1.106\forge-1.20.1-47.1.106.jar path net/minecraft/world/level/levelgen/feature/TreeFeature$1.class
[13Aug2026 02:00:07.748] [background-scan-handler-0/DEBUG] [net.minecraftforge.fml.loading.moddiscovery.Scanner/SCAN]: Scanning Mod File: C:\Users\mattw\Documents\Git\SampleMod\.gradle\repositories\ng_dummy_ng\net\neoforged\forge\1.20.1-47.1.106\forge-1.20.1-47.1.106.jar path net/minecraft/world/level/levelgen/feature/treedecorators/TrunkVineDecorator.class
[13Aug2026 02:00:07.749] [background-scan-handler-0/DEBUG] [net.minecraftforge.fml.loading.moddiscovery.Scanner/SCAN]: Scanning Mod File: C:\Users\mattw\Documents\Git\SampleMod\.gradle\repositories\ng_dummy_ng\net\neoforged\forge\1.20.1-47.1.106\forge-1.20.1-47.1.106.jar path net/minecraft/world/level/levelgen/feature/treedecorators/TreeDecoratorType.class
[13Aug2026 02:00:07.758] [background-scan-handler-0/DEBUG] [net.minecraftforge.fml.loading.moddiscovery.Scanner/SCAN]: Scanning Mod File: C:\Users\mattw\Documents\Git\SampleMod\.gradle\repositories\ng_dummy_ng\net\neoforged\forge\1.20.1-47.1.106\forge-1.20.1-47.1.106.jar path net/minecraft/world/level/levelgen/feature/treedecorators/TreeDecorator.class
[13Aug2026 02:00:07.758] [background-scan-handler-0/DEBUG] [net.minecraftforge.fml.loading.moddiscovery.Scanner/SCAN]: Scanning Mod File: C:\Users\mattw\Documents\Git\SampleMod\.gradle\repositories\ng_dummy_ng\net\neoforged\forge\1.20.1-47.1.106\forge-1.20.1-47.1.106.jar path net/minecraft/world/level/levelgen/feature/treedecorators/TreeDecorator$Context.class
[13Aug2026 02:00:07.761] [background-scan-handler-0/DEBUG] [net.minecraftforge.fml.loading.moddiscovery.Scanner/SCAN]: Scanning Mod File: C:\Users\mattw\Documents\Git\SampleMod\.gradle\repositories\ng_dummy_ng\net\neoforged\forge\1.20.1-47.1.106\forge-1.20.1-47.1.106.jar path net/minecraft/world/level/levelgen/feature/treedecorators/package-info.class
[13Aug2026 02:00:07.763] [background-scan-handler-0/DEBUG] [net.minecraftforge.fml.loading.moddiscovery.Scanner/SCAN]: Scanning Mod File: C:\Users\mattw\Documents\Git\SampleMod\.gradle\repositories\ng_dummy_ng\net\neoforged\forge\1.20.1-47.1.106\forge-1.20.1-47.1.106.jar path net/minecraft/world/level/levelgen/feature/treedecorators/LeaveVineDecorator.class
[13Aug2026 02:00:07.767] [background-scan-handler-0/DEBUG] [net.minecraftforge.fml.loading.moddiscovery.Scanner/SCAN]: Scanning Mod File: C:\Users\mattw\Documents\Git\SampleMod\.gradle\repositories\ng_dummy_ng\net\neoforged\forge\1.20.1-47.1.106\forge-1.20.1-47.1.106.jar path net/minecraft/world/level/levelgen/feature/treedecorators/CocoaDecorator.class
[13Aug2026 02:00:07.769] [background-scan-handler-0/DEBUG] [net.minecraftforge.fml.loading.moddiscovery.Scanner/SCAN]: Scanning Mod File: C:\Users\mattw\Documents\Git\SampleMod\.gradle\repositories\ng_dummy_ng\net\neoforged\forge\1.20.1-47.1.106\forge-1.20.1-47.1.106.jar path net/minecraft/world/level/levelgen/feature/treedecorators/BeehiveDecorator.class
[13Aug2026 02:00:07.772] [background-scan-handler-0/DEBUG] [net.minecraftforge.fml.loading.moddiscovery.Scanner/SCAN]: Scanning Mod File: C:\Users\mattw\Documents\Git\SampleMod\.gradle\repositories\ng_dummy_ng\net\neoforged\forge\1.20.1-47.1.106\forge-1.20.1-47.1.106.jar path net/minecraft/world/level/levelgen/feature/treedecorators/AttachedToLeavesDecorator.class
[13Aug2026 02:00:07.773] [background-scan-handler-0/DEBUG] [net.minecraftforge.fml.loading.moddiscovery.Scanner/SCAN]: Scanning Mod File: C:\Users\mattw\Documents\Git\SampleMod\.gradle\repositories\ng_dummy_ng\net\neoforged\forge\1.20.1-47.1.106\forge-1.20.1-47.1.106.jar path net/minecraft/world/level/levelgen/feature/treedecorators/AlterGroundDecorator.class
[13Aug2026 02:00:07.776] [background-scan-handler-0/DEBUG] [net.minecraftforge.fml.loading.moddiscovery.Scanner/SCAN]: Scanning Mod File: C:\Users\mattw\Documents\Git\SampleMod\.gradle\repositories\ng_dummy_ng\net\neoforged\forge\1.20.1-47.1.106\forge-1.20.1-47.1.106.jar path net/minecraft/world/level/levelgen/feature/stateproviders/WeightedStateProvider.class
[13Aug2026 02:00:07.777] [background-scan-handler-0/DEBUG] [net.minecraftforge.fml.loading.moddiscovery.Scanner/SCAN]: Scanning Mod File: C:\Users\mattw\Documents\Git\SampleMod\.gradle\repositories\ng_dummy_ng\net\neoforged\forge\1.20.1-47.1.106\forge-1.20.1-47.1.106.jar path net/minecraft/world/level/levelgen/feature/stateproviders/SimpleStateProvider.class
[13Aug2026 02:00:07.780] [background-scan-handler-0/DEBUG] [net.minecraftforge.fml.loading.moddiscovery.Scanner/SCAN]: Scanning Mod File: C:\Users\mattw\Documents\Git\SampleMod\.gradle\repositories\ng_dummy_ng\net\neoforged\forge\1.20.1-47.1.106\forge-1.20.1-47.1.106.jar path net/minecraft/world/level/levelgen/feature/stateproviders/RuleBasedBlockStateProvider.class
[13Aug2026 02:00:07.782] [background-scan-handler-0/DEBUG] [net.minecraftforge.fml.loading.moddiscovery.Scanner/SCAN]: Scanning Mod File: C:\Users\mattw\Documents\Git\SampleMod\.gradle\repositories\ng_dummy_ng\net\neoforged\forge\1.20.1-47.1.106\forge-1.20.1-47.1.106.jar path net/minecraft/world/level/levelgen/feature/stateproviders/RuleBasedBlockStateProvider$Rule.class
[13Aug2026 02:00:07.782] [background-scan-handler-0/DEBUG] [net.minecraftforge.fml.loading.moddiscovery.Scanner/SCAN]: Scanning Mod File: C:\Users\mattw\Documents\Git\SampleMod\.gradle\repositories\ng_dummy_ng\net\neoforged\forge\1.20.1-47.1.106\forge-1.20.1-47.1.106.jar path net/minecraft/world/level/levelgen/feature/stateproviders/RotatedBlockProvider.class
[13Aug2026 02:00:07.787] [background-scan-handler-0/DEBUG] [net.minecraftforge.fml.loading.moddiscovery.Scanner/SCAN]: Scanning Mod File: C:\Users\mattw\Documents\Git\SampleMod\.gradle\repositories\ng_dummy_ng\net\neoforged\forge\1.20.1-47.1.106\forge-1.20.1-47.1.106.jar path net/minecraft/world/level/levelgen/feature/stateproviders/RandomizedIntStateProvider.class
[13Aug2026 02:00:07.787] [background-scan-handler-0/DEBUG] [net.minecraftforge.fml.loading.moddiscovery.Scanner/SCAN]: Scanning Mod File: C:\Users\mattw\Documents\Git\SampleMod\.gradle\repositories\ng_dummy_ng\net\neoforged\forge\1.20.1-47.1.106\forge-1.20.1-47.1.106.jar path net/minecraft/world/level/levelgen/feature/stateproviders/package-info.class
[13Aug2026 02:00:07.792] [background-scan-handler-0/DEBUG] [net.minecraftforge.fml.loading.moddiscovery.Scanner/SCAN]: Scanning Mod File: C:\Users\mattw\Documents\Git\SampleMod\.gradle\repositories\ng_dummy_ng\net\neoforged\forge\1.20.1-47.1.106\forge-1.20.1-47.1.106.jar path net/minecraft/world/level/levelgen/feature/stateproviders/NoiseThresholdProvider.class
[13Aug2026 02:00:07.795] [background-scan-handler-0/DEBUG] [net.minecraftforge.fml.loading.moddiscovery.Scanner/SCAN]: Scanning Mod File: C:\Users\mattw\Documents\Git\SampleMod\.gradle\repositories\ng_dummy_ng\net\neoforged\forge\1.20.1-47.1.106\forge-1.20.1-47.1.106.jar path net/minecraft/world/level/levelgen/feature/stateproviders/NoiseProvider.class
[13Aug2026 02:00:07.803] [background-scan-handler-0/DEBUG] [net.minecraftforge.fml.loading.moddiscovery.Scanner/SCAN]: Scanning Mod File: C:\Users\mattw\Documents\Git\SampleMod\.gradle\repositories\ng_dummy_ng\net\neoforged\forge\1.20.1-47.1.106\forge-1.20.1-47.1.106.jar path net/minecraft/world/level/levelgen/feature/stateproviders/NoiseBasedStateProvider.class
[13Aug2026 02:00:07.810] [background-scan-handler-0/DEBUG] [net.minecraftforge.fml.loading.moddiscovery.Scanner/SCAN]: Scanning Mod File: C:\Users\mattw\Documents\Git\SampleMod\.gradle\repositories\ng_dummy_ng\net\neoforged\forge\1.20.1-47.1.106\forge-1.20.1-47.1.106.jar path net/minecraft/world/level/levelgen/feature/stateproviders/DualNoiseProvider.class
[13Aug2026 02:00:07.814] [background-scan-handler-0/DEBUG] [net.minecraftforge.fml.loading.moddiscovery.Scanner/SCAN]: Scanning Mod File: C:\Users\mattw\Documents\Git\SampleMod\.gradle\repositories\ng_dummy_ng\net\neoforged\forge\1.20.1-47.1.106\forge-1.20.1-47.1.106.jar path net/minecraft/world/level/levelgen/feature/stateproviders/BlockStateProviderType.class
[13Aug2026 02:00:07.816] [background-scan-handler-0/DEBUG] [net.minecraftforge.fml.loading.moddiscovery.Scanner/SCAN]: Scanning Mod File: C:\Users\mattw\Documents\Git\SampleMod\.gradle\repositories\ng_dummy_ng\net\neoforged\forge\1.20.1-47.1.106\forge-1.20.1-47.1.106.jar path net/minecraft/world/level/levelgen/feature/stateproviders/BlockStateProvider.class
[13Aug2026 02:00:07.817] [background-scan-handler-0/DEBUG] [net.minecraftforge.fml.loading.moddiscovery.Scanner/SCAN]: Scanning Mod File: C:\Users\mattw\Documents\Git\SampleMod\.gradle\repositories\ng_dummy_ng\net\neoforged\forge\1.20.1-47.1.106\forge-1.20.1-47.1.106.jar path net/minecraft/world/level/levelgen/feature/SpringFeature.class
[13Aug2026 02:00:07.818] [background-scan-handler-0/DEBUG] [net.minecraftforge.fml.loading.moddiscovery.Scanner/SCAN]: Scanning Mod File: C:\Users\mattw\Documents\Git\SampleMod\.gradle\repositories\ng_dummy_ng\net\neoforged\forge\1.20.1-47.1.106\forge-1.20.1-47.1.106.jar path net/minecraft/world/level/levelgen/feature/SpikeFeature.class
[13Aug2026 02:00:07.818] [background-scan-handler-0/DEBUG] [net.minecraftforge.fml.loading.moddiscovery.Scanner/SCAN]: Scanning Mod File: C:\Users\mattw\Documents\Git\SampleMod\.gradle\repositories\ng_dummy_ng\net\neoforged\forge\1.20.1-47.1.106\forge-1.20.1-47.1.106.jar path net/minecraft/world/level/levelgen/feature/SpikeFeature$SpikeCacheLoader.class
[13Aug2026 02:00:07.819] [background-scan-handler-0/DEBUG] [net.minecraftforge.fml.loading.moddiscovery.Scanner/SCAN]: Scanning Mod File: C:\Users\mattw\Documents\Git\SampleMod\.gradle\repositories\ng_dummy_ng\net\neoforged\forge\1.20.1-47.1.106\forge-1.20.1-47.1.106.jar path net/minecraft/world/level/levelgen/feature/SpikeFeature$EndSpike.class
[13Aug2026 02:00:07.822] [background-scan-handler-0/DEBUG] [net.minecraftforge.fml.loading.moddiscovery.Scanner/SCAN]: Scanning Mod File: C:\Users\mattw\Documents\Git\SampleMod\.gradle\repositories\ng_dummy_ng\net\neoforged\forge\1.20.1-47.1.106\forge-1.20.1-47.1.106.jar path net/minecraft/world/level/levelgen/feature/SnowAndFreezeFeature.class
[13Aug2026 02:00:07.825] [background-scan-handler-0/DEBUG] [net.minecraftforge.fml.loading.moddiscovery.Scanner/SCAN]: Scanning Mod File: C:\Users\mattw\Documents\Git\SampleMod\.gradle\repositories\ng_dummy_ng\net\neoforged\forge\1.20.1-47.1.106\forge-1.20.1-47.1.106.jar path net/minecraft/world/level/levelgen/feature/SimpleRandomSelectorFeature.class
[13Aug2026 02:00:07.828] [background-scan-handler-0/DEBUG] [net.minecraftforge.fml.loading.moddiscovery.Scanner/SCAN]: Scanning Mod File: C:\Users\mattw\Documents\Git\SampleMod\.gradle\repositories\ng_dummy_ng\net\neoforged\forge\1.20.1-47.1.106\forge-1.20.1-47.1.106.jar path net/minecraft/world/level/levelgen/feature/SimpleBlockFeature.class
[13Aug2026 02:00:07.829] [background-scan-handler-0/DEBUG] [net.minecraftforge.fml.loading.moddiscovery.Scanner/SCAN]: Scanning Mod File: C:\Users\mattw\Documents\Git\SampleMod\.gradle\repositories\ng_dummy_ng\net\neoforged\forge\1.20.1-47.1.106\forge-1.20.1-47.1.106.jar path net/minecraft/world/level/levelgen/feature/SeaPickleFeature.class
[13Aug2026 02:00:07.830] [background-scan-handler-0/DEBUG] [net.minecraftforge.fml.loading.moddiscovery.Scanner/SCAN]: Scanning Mod File: C:\Users\mattw\Documents\Git\SampleMod\.gradle\repositories\ng_dummy_ng\net\neoforged\forge\1.20.1-47.1.106\forge-1.20.1-47.1.106.jar path net/minecraft/world/level/levelgen/feature/SeagrassFeature.class
[13Aug2026 02:00:07.834] [background-scan-handler-0/DEBUG] [net.minecraftforge.fml.loading.moddiscovery.Scanner/SCAN]: Scanning Mod File: C:\Users\mattw\Documents\Git\SampleMod\.gradle\repositories\ng_dummy_ng\net\neoforged\forge\1.20.1-47.1.106\forge-1.20.1-47.1.106.jar path net/minecraft/world/level/levelgen/feature/SculkPatchFeature.class
[13Aug2026 02:00:07.836] [background-scan-handler-0/DEBUG] [net.minecraftforge.fml.loading.moddiscovery.Scanner/SCAN]: Scanning Mod File: C:\Users\mattw\Documents\Git\SampleMod\.gradle\repositories\ng_dummy_ng\net\neoforged\forge\1.20.1-47.1.106\forge-1.20.1-47.1.106.jar path net/minecraft/world/level/levelgen/feature/ScatteredOreFeature.class
[13Aug2026 02:00:07.843] [background-scan-handler-0/DEBUG] [net.minecraftforge.fml.loading.moddiscovery.Scanner/SCAN]: Scanning Mod File: C:\Users\mattw\Documents\Git\SampleMod\.gradle\repositories\ng_dummy_ng\net\neoforged\forge\1.20.1-47.1.106\forge-1.20.1-47.1.106.jar path net/minecraft/world/level/levelgen/feature/RootSystemFeature.class
[13Aug2026 02:00:07.844] [background-scan-handler-0/DEBUG] [net.minecraftforge.fml.loading.moddiscovery.Scanner/SCAN]: Scanning Mod File: C:\Users\mattw\Documents\Git\SampleMod\.gradle\repositories\ng_dummy_ng\net\neoforged\forge\1.20.1-47.1.106\forge-1.20.1-47.1.106.jar path net/minecraft/world/level/levelgen/feature/rootplacers/RootPlacerType.class
[13Aug2026 02:00:07.845] [main/DEBUG] [net.minecraftforge.coremod.CoreModEngine/COREMOD]: CoreMod loaded successfully
[13Aug2026 02:00:07.847] [background-scan-handler-0/DEBUG] [net.minecraftforge.fml.loading.moddiscovery.Scanner/SCAN]: Scanning Mod File: C:\Users\mattw\Documents\Git\SampleMod\.gradle\repositories\ng_dummy_ng\net\neoforged\forge\1.20.1-47.1.106\forge-1.20.1-47.1.106.jar path net/minecraft/world/level/levelgen/feature/rootplacers/RootPlacer.class
[13Aug2026 02:00:07.848] [background-scan-handler-0/DEBUG] [net.minecraftforge.fml.loading.moddiscovery.Scanner/SCAN]: Scanning Mod File: C:\Users\mattw\Documents\Git\SampleMod\.gradle\repositories\ng_dummy_ng\net\neoforged\forge\1.20.1-47.1.106\forge-1.20.1-47.1.106.jar path net/minecraft/world/level/levelgen/feature/rootplacers/package-info.class
[13Aug2026 02:00:07.848] [background-scan-handler-0/DEBUG] [net.minecraftforge.fml.loading.moddiscovery.Scanner/SCAN]: Scanning Mod File: C:\Users\mattw\Documents\Git\SampleMod\.gradle\repositories\ng_dummy_ng\net\neoforged\forge\1.20.1-47.1.106\forge-1.20.1-47.1.106.jar path net/minecraft/world/level/levelgen/feature/rootplacers/MangroveRootPlacer.class
[13Aug2026 02:00:07.849] [background-scan-handler-0/DEBUG] [net.minecraftforge.fml.loading.moddiscovery.Scanner/SCAN]: Scanning Mod File: C:\Users\mattw\Documents\Git\SampleMod\.gradle\repositories\ng_dummy_ng\net\neoforged\forge\1.20.1-47.1.106\forge-1.20.1-47.1.106.jar path net/minecraft/world/level/levelgen/feature/rootplacers/MangroveRootPlacement.class
[13Aug2026 02:00:07.849] [background-scan-handler-0/DEBUG] [net.minecraftforge.fml.loading.moddiscovery.Scanner/SCAN]: Scanning Mod File: C:\Users\mattw\Documents\Git\SampleMod\.gradle\repositories\ng_dummy_ng\net\neoforged\forge\1.20.1-47.1.106\forge-1.20.1-47.1.106.jar path net/minecraft/world/level/levelgen/feature/rootplacers/AboveRootPlacement.class
[13Aug2026 02:00:07.850] [background-scan-handler-0/DEBUG] [net.minecraftforge.fml.loading.moddiscovery.Scanner/SCAN]: Scanning Mod File: C:\Users\mattw\Documents\Git\SampleMod\.gradle\repositories\ng_dummy_ng\net\neoforged\forge\1.20.1-47.1.106\forge-1.20.1-47.1.106.jar path net/minecraft/world/level/levelgen/feature/ReplaceBlockFeature.class
[13Aug2026 02:00:07.852] [background-scan-handler-0/DEBUG] [net.minecraftforge.fml.loading.moddiscovery.Scanner/SCAN]: Scanning Mod File: C:\Users\mattw\Documents\Git\SampleMod\.gradle\repositories\ng_dummy_ng\net\neoforged\forge\1.20.1-47.1.106\forge-1.20.1-47.1.106.jar path net/minecraft/world/level/levelgen/feature/ReplaceBlobsFeature.class
[13Aug2026 02:00:07.852] [background-scan-handler-0/DEBUG] [net.minecraftforge.fml.loading.moddiscovery.Scanner/SCAN]: Scanning Mod File: C:\Users\mattw\Documents\Git\SampleMod\.gradle\repositories\ng_dummy_ng\net\neoforged\forge\1.20.1-47.1.106\forge-1.20.1-47.1.106.jar path net/minecraft/world/level/levelgen/feature/RandomSelectorFeature.class
[13Aug2026 02:00:07.853] [background-scan-handler-0/DEBUG] [net.minecraftforge.fml.loading.moddiscovery.Scanner/SCAN]: Scanning Mod File: C:\Users\mattw\Documents\Git\SampleMod\.gradle\repositories\ng_dummy_ng\net\neoforged\forge\1.20.1-47.1.106\forge-1.20.1-47.1.106.jar path net/minecraft/world/level/levelgen/feature/RandomPatchFeature.class
[13Aug2026 02:00:07.853] [background-scan-handler-0/DEBUG] [net.minecraftforge.fml.loading.moddiscovery.Scanner/SCAN]: Scanning Mod File: C:\Users\mattw\Documents\Git\SampleMod\.gradle\repositories\ng_dummy_ng\net\neoforged\forge\1.20.1-47.1.106\forge-1.20.1-47.1.106.jar path net/minecraft/world/level/levelgen/feature/RandomBooleanSelectorFeature.class
[13Aug2026 02:00:07.854] [background-scan-handler-0/DEBUG] [net.minecraftforge.fml.loading.moddiscovery.Scanner/SCAN]: Scanning Mod File: C:\Users\mattw\Documents\Git\SampleMod\.gradle\repositories\ng_dummy_ng\net\neoforged\forge\1.20.1-47.1.106\forge-1.20.1-47.1.106.jar path net/minecraft/world/level/levelgen/feature/PointedDripstoneFeature.class
[13Aug2026 02:00:07.854] [background-scan-handler-0/DEBUG] [net.minecraftforge.fml.loading.moddiscovery.Scanner/SCAN]: Scanning Mod File: C:\Users\mattw\Documents\Git\SampleMod\.gradle\repositories\ng_dummy_ng\net\neoforged\forge\1.20.1-47.1.106\forge-1.20.1-47.1.106.jar path net/minecraft/world/level/levelgen/feature/package-info.class
[13Aug2026 02:00:07.855] [background-scan-handler-0/DEBUG] [net.minecraftforge.fml.loading.moddiscovery.Scanner/SCAN]: Scanning Mod File: C:\Users\mattw\Documents\Git\SampleMod\.gradle\repositories\ng_dummy_ng\net\neoforged\forge\1.20.1-47.1.106\forge-1.20.1-47.1.106.jar path net/minecraft/world/level/levelgen/feature/OreFeature.class
[13Aug2026 02:00:07.855] [background-scan-handler-0/DEBUG] [net.minecraftforge.fml.loading.moddiscovery.Scanner/SCAN]: Scanning Mod File: C:\Users\mattw\Documents\Git\SampleMod\.gradle\repositories\ng_dummy_ng\net\neoforged\forge\1.20.1-47.1.106\forge-1.20.1-47.1.106.jar path net/minecraft/world/level/levelgen/feature/NoOpFeature.class
[13Aug2026 02:00:07.857] [background-scan-handler-0/DEBUG] [net.minecraftforge.fml.loading.moddiscovery.Scanner/SCAN]: Scanning Mod File: C:\Users\mattw\Documents\Git\SampleMod\.gradle\repositories\ng_dummy_ng\net\neoforged\forge\1.20.1-47.1.106\forge-1.20.1-47.1.106.jar path net/minecraft/world/level/levelgen/feature/NetherForestVegetationFeature.class
[13Aug2026 02:00:07.857] [background-scan-handler-0/DEBUG] [net.minecraftforge.fml.loading.moddiscovery.Scanner/SCAN]: Scanning Mod File: C:\Users\mattw\Documents\Git\SampleMod\.gradle\repositories\ng_dummy_ng\net\neoforged\forge\1.20.1-47.1.106\forge-1.20.1-47.1.106.jar path net/minecraft/world/level/levelgen/feature/MultifaceGrowthFeature.class
[13Aug2026 02:00:07.858] [background-scan-handler-0/DEBUG] [net.minecraftforge.fml.loading.moddiscovery.Scanner/SCAN]: Scanning Mod File: C:\Users\mattw\Documents\Git\SampleMod\.gradle\repositories\ng_dummy_ng\net\neoforged\forge\1.20.1-47.1.106\forge-1.20.1-47.1.106.jar path net/minecraft/world/level/levelgen/feature/MonsterRoomFeature.class
[13Aug2026 02:00:07.858] [background-scan-handler-0/DEBUG] [net.minecraftforge.fml.loading.moddiscovery.Scanner/SCAN]: Scanning Mod File: C:\Users\mattw\Documents\Git\SampleMod\.gradle\repositories\ng_dummy_ng\net\neoforged\forge\1.20.1-47.1.106\forge-1.20.1-47.1.106.jar path net/minecraft/world/level/levelgen/feature/LargeDripstoneFeature.class
[13Aug2026 02:00:07.860] [background-scan-handler-0/DEBUG] [net.minecraftforge.fml.loading.moddiscovery.Scanner/SCAN]: Scanning Mod File: C:\Users\mattw\Documents\Git\SampleMod\.gradle\repositories\ng_dummy_ng\net\neoforged\forge\1.20.1-47.1.106\forge-1.20.1-47.1.106.jar path net/minecraft/world/level/levelgen/feature/LargeDripstoneFeature$WindOffsetter.class
[13Aug2026 02:00:07.860] [background-scan-handler-0/DEBUG] [net.minecraftforge.fml.loading.moddiscovery.Scanner/SCAN]: Scanning Mod File: C:\Users\mattw\Documents\Git\SampleMod\.gradle\repositories\ng_dummy_ng\net\neoforged\forge\1.20.1-47.1.106\forge-1.20.1-47.1.106.jar path net/minecraft/world/level/levelgen/feature/LargeDripstoneFeature$LargeDripstone.class
[13Aug2026 02:00:07.861] [background-scan-handler-0/DEBUG] [net.minecraftforge.fml.loading.moddiscovery.Scanner/SCAN]: Scanning Mod File: C:\Users\mattw\Documents\Git\SampleMod\.gradle\repositories\ng_dummy_ng\net\neoforged\forge\1.20.1-47.1.106\forge-1.20.1-47.1.106.jar path net/minecraft/world/level/levelgen/feature/LakeFeature.class
[13Aug2026 02:00:07.862] [background-scan-handler-0/DEBUG] [net.minecraftforge.fml.loading.moddiscovery.Scanner/SCAN]: Scanning Mod File: C:\Users\mattw\Documents\Git\SampleMod\.gradle\repositories\ng_dummy_ng\net\neoforged\forge\1.20.1-47.1.106\forge-1.20.1-47.1.106.jar path net/minecraft/world/level/levelgen/feature/LakeFeature$Configuration.class
[13Aug2026 02:00:07.862] [background-scan-handler-0/DEBUG] [net.minecraftforge.fml.loading.moddiscovery.Scanner/SCAN]: Scanning Mod File: C:\Users\mattw\Documents\Git\SampleMod\.gradle\repositories\ng_dummy_ng\net\neoforged\forge\1.20.1-47.1.106\forge-1.20.1-47.1.106.jar path net/minecraft/world/level/levelgen/feature/KelpFeature.class
[13Aug2026 02:00:07.862] [background-scan-handler-0/DEBUG] [net.minecraftforge.fml.loading.moddiscovery.Scanner/SCAN]: Scanning Mod File: C:\Users\mattw\Documents\Git\SampleMod\.gradle\repositories\ng_dummy_ng\net\neoforged\forge\1.20.1-47.1.106\forge-1.20.1-47.1.106.jar path net/minecraft/world/level/levelgen/feature/IceSpikeFeature.class
[13Aug2026 02:00:07.863] [background-scan-handler-0/DEBUG] [net.minecraftforge.fml.loading.moddiscovery.Scanner/SCAN]: Scanning Mod File: C:\Users\mattw\Documents\Git\SampleMod\.gradle\repositories\ng_dummy_ng\net\neoforged\forge\1.20.1-47.1.106\forge-1.20.1-47.1.106.jar path net/minecraft/world/level/levelgen/feature/IcebergFeature.class
[13Aug2026 02:00:07.865] [background-scan-handler-0/DEBUG] [net.minecraftforge.fml.loading.moddiscovery.Scanner/SCAN]: Scanning Mod File: C:\Users\mattw\Documents\Git\SampleMod\.gradle\repositories\ng_dummy_ng\net\neoforged\forge\1.20.1-47.1.106\forge-1.20.1-47.1.106.jar path net/minecraft/world/level/levelgen/feature/HugeRedMushroomFeature.class
[13Aug2026 02:00:07.865] [background-scan-handler-0/DEBUG] [net.minecraftforge.fml.loading.moddiscovery.Scanner/SCAN]: Scanning Mod File: C:\Users\mattw\Documents\Git\SampleMod\.gradle\repositories\ng_dummy_ng\net\neoforged\forge\1.20.1-47.1.106\forge-1.20.1-47.1.106.jar path net/minecraft/world/level/levelgen/feature/HugeFungusFeature.class
[13Aug2026 02:00:07.866] [background-scan-handler-0/DEBUG] [net.minecraftforge.fml.loading.moddiscovery.Scanner/SCAN]: Scanning Mod File: C:\Users\mattw\Documents\Git\SampleMod\.gradle\repositories\ng_dummy_ng\net\neoforged\forge\1.20.1-47.1.106\forge-1.20.1-47.1.106.jar path net/minecraft/world/level/levelgen/feature/HugeFungusConfiguration.class
[13Aug2026 02:00:07.869] [background-scan-handler-0/DEBUG] [net.minecraftforge.fml.loading.moddiscovery.Scanner/SCAN]: Scanning Mod File: C:\Users\mattw\Documents\Git\SampleMod\.gradle\repositories\ng_dummy_ng\net\neoforged\forge\1.20.1-47.1.106\forge-1.20.1-47.1.106.jar path net/minecraft/world/level/levelgen/feature/HugeBrownMushroomFeature.class
[13Aug2026 02:00:07.869] [background-scan-handler-0/DEBUG] [net.minecraftforge.fml.loading.moddiscovery.Scanner/SCAN]: Scanning Mod File: C:\Users\mattw\Documents\Git\SampleMod\.gradle\repositories\ng_dummy_ng\net\neoforged\forge\1.20.1-47.1.106\forge-1.20.1-47.1.106.jar path net/minecraft/world/level/levelgen/feature/GlowstoneFeature.class
[13Aug2026 02:00:07.870] [background-scan-handler-0/DEBUG] [net.minecraftforge.fml.loading.moddiscovery.Scanner/SCAN]: Scanning Mod File: C:\Users\mattw\Documents\Git\SampleMod\.gradle\repositories\ng_dummy_ng\net\neoforged\forge\1.20.1-47.1.106\forge-1.20.1-47.1.106.jar path net/minecraft/world/level/levelgen/feature/GeodeFeature.class
[13Aug2026 02:00:07.870] [background-scan-handler-0/DEBUG] [net.minecraftforge.fml.loading.moddiscovery.Scanner/SCAN]: Scanning Mod File: C:\Users\mattw\Documents\Git\SampleMod\.gradle\repositories\ng_dummy_ng\net\neoforged\forge\1.20.1-47.1.106\forge-1.20.1-47.1.106.jar path net/minecraft/world/level/levelgen/feature/FossilFeatureConfiguration.class
[13Aug2026 02:00:07.871] [background-scan-handler-0/DEBUG] [net.minecraftforge.fml.loading.moddiscovery.Scanner/SCAN]: Scanning Mod File: C:\Users\mattw\Documents\Git\SampleMod\.gradle\repositories\ng_dummy_ng\net\neoforged\forge\1.20.1-47.1.106\forge-1.20.1-47.1.106.jar path net/minecraft/world/level/levelgen/feature/FossilFeature.class
[13Aug2026 02:00:07.871] [background-scan-handler-0/DEBUG] [net.minecraftforge.fml.loading.moddiscovery.Scanner/SCAN]: Scanning Mod File: C:\Users\mattw\Documents\Git\SampleMod\.gradle\repositories\ng_dummy_ng\net\neoforged\forge\1.20.1-47.1.106\forge-1.20.1-47.1.106.jar path net/minecraft/world/level/levelgen/feature/foliageplacers/SpruceFoliagePlacer.class
[13Aug2026 02:00:07.872] [background-scan-handler-0/DEBUG] [net.minecraftforge.fml.loading.moddiscovery.Scanner/SCAN]: Scanning Mod File: C:\Users\mattw\Documents\Git\SampleMod\.gradle\repositories\ng_dummy_ng\net\neoforged\forge\1.20.1-47.1.106\forge-1.20.1-47.1.106.jar path net/minecraft/world/level/levelgen/feature/foliageplacers/RandomSpreadFoliagePlacer.class
[13Aug2026 02:00:07.873] [background-scan-handler-0/DEBUG] [net.minecraftforge.fml.loading.moddiscovery.Scanner/SCAN]: Scanning Mod File: C:\Users\mattw\Documents\Git\SampleMod\.gradle\repositories\ng_dummy_ng\net\neoforged\forge\1.20.1-47.1.106\forge-1.20.1-47.1.106.jar path net/minecraft/world/level/levelgen/feature/foliageplacers/PineFoliagePlacer.class
[13Aug2026 02:00:07.873] [background-scan-handler-0/DEBUG] [net.minecraftforge.fml.loading.moddiscovery.Scanner/SCAN]: Scanning Mod File: C:\Users\mattw\Documents\Git\SampleMod\.gradle\repositories\ng_dummy_ng\net\neoforged\forge\1.20.1-47.1.106\forge-1.20.1-47.1.106.jar path net/minecraft/world/level/levelgen/feature/foliageplacers/package-info.class
[13Aug2026 02:00:07.874] [background-scan-handler-0/DEBUG] [net.minecraftforge.fml.loading.moddiscovery.Scanner/SCAN]: Scanning Mod File: C:\Users\mattw\Documents\Git\SampleMod\.gradle\repositories\ng_dummy_ng\net\neoforged\forge\1.20.1-47.1.106\forge-1.20.1-47.1.106.jar path net/minecraft/world/level/levelgen/feature/foliageplacers/MegaPineFoliagePlacer.class
[13Aug2026 02:00:07.875] [background-scan-handler-0/DEBUG] [net.minecraftforge.fml.loading.moddiscovery.Scanner/SCAN]: Scanning Mod File: C:\Users\mattw\Documents\Git\SampleMod\.gradle\repositories\ng_dummy_ng\net\neoforged\forge\1.20.1-47.1.106\forge-1.20.1-47.1.106.jar path net/minecraft/world/level/levelgen/feature/foliageplacers/MegaJungleFoliagePlacer.class
[13Aug2026 02:00:07.875] [background-scan-handler-0/DEBUG] [net.minecraftforge.fml.loading.moddiscovery.Scanner/SCAN]: Scanning Mod File: C:\Users\mattw\Documents\Git\SampleMod\.gradle\repositories\ng_dummy_ng\net\neoforged\forge\1.20.1-47.1.106\forge-1.20.1-47.1.106.jar path net/minecraft/world/level/levelgen/feature/foliageplacers/FoliagePlacerType.class
[13Aug2026 02:00:07.876] [background-scan-handler-0/DEBUG] [net.minecraftforge.fml.loading.moddiscovery.Scanner/SCAN]: Scanning Mod File: C:\Users\mattw\Documents\Git\SampleMod\.gradle\repositories\ng_dummy_ng\net\neoforged\forge\1.20.1-47.1.106\forge-1.20.1-47.1.106.jar path net/minecraft/world/level/levelgen/feature/foliageplacers/FoliagePlacer.class
[13Aug2026 02:00:07.877] [background-scan-handler-0/DEBUG] [net.minecraftforge.fml.loading.moddiscovery.Scanner/SCAN]: Scanning Mod File: C:\Users\mattw\Documents\Git\SampleMod\.gradle\repositories\ng_dummy_ng\net\neoforged\forge\1.20.1-47.1.106\forge-1.20.1-47.1.106.jar path net/minecraft/world/level/levelgen/feature/foliageplacers/FoliagePlacer$FoliageSetter.class
[13Aug2026 02:00:07.878] [background-scan-handler-0/DEBUG] [net.minecraftforge.fml.loading.moddiscovery.Scanner/SCAN]: Scanning Mod File: C:\Users\mattw\Documents\Git\SampleMod\.gradle\repositories\ng_dummy_ng\net\neoforged\forge\1.20.1-47.1.106\forge-1.20.1-47.1.106.jar path net/minecraft/world/level/levelgen/feature/foliageplacers/FoliagePlacer$FoliageAttachment.class
[13Aug2026 02:00:07.878] [background-scan-handler-0/DEBUG] [net.minecraftforge.fml.loading.moddiscovery.Scanner/SCAN]: Scanning Mod File: C:\Users\mattw\Documents\Git\SampleMod\.gradle\repositories\ng_dummy_ng\net\neoforged\forge\1.20.1-47.1.106\forge-1.20.1-47.1.106.jar path net/minecraft/world/level/levelgen/feature/foliageplacers/FancyFoliagePlacer.class
[13Aug2026 02:00:07.879] [background-scan-handler-0/DEBUG] [net.minecraftforge.fml.loading.moddiscovery.Scanner/SCAN]: Scanning Mod File: C:\Users\mattw\Documents\Git\SampleMod\.gradle\repositories\ng_dummy_ng\net\neoforged\forge\1.20.1-47.1.106\forge-1.20.1-47.1.106.jar path net/minecraft/world/level/levelgen/feature/foliageplacers/DarkOakFoliagePlacer.class
[13Aug2026 02:00:07.879] [background-scan-handler-0/DEBUG] [net.minecraftforge.fml.loading.moddiscovery.Scanner/SCAN]: Scanning Mod File: C:\Users\mattw\Documents\Git\SampleMod\.gradle\repositories\ng_dummy_ng\net\neoforged\forge\1.20.1-47.1.106\forge-1.20.1-47.1.106.jar path net/minecraft/world/level/levelgen/feature/foliageplacers/CherryFoliagePlacer.class
[13Aug2026 02:00:07.880] [background-scan-handler-0/DEBUG] [net.minecraftforge.fml.loading.moddiscovery.Scanner/SCAN]: Scanning Mod File: C:\Users\mattw\Documents\Git\SampleMod\.gradle\repositories\ng_dummy_ng\net\neoforged\forge\1.20.1-47.1.106\forge-1.20.1-47.1.106.jar path net/minecraft/world/level/levelgen/feature/foliageplacers/BushFoliagePlacer.class
[13Aug2026 02:00:07.881] [background-scan-handler-0/DEBUG] [net.minecraftforge.fml.loading.moddiscovery.Scanner/SCAN]: Scanning Mod File: C:\Users\mattw\Documents\Git\SampleMod\.gradle\repositories\ng_dummy_ng\net\neoforged\forge\1.20.1-47.1.106\forge-1.20.1-47.1.106.jar path net/minecraft/world/level/levelgen/feature/foliageplacers/BlobFoliagePlacer.class
[13Aug2026 02:00:07.881] [background-scan-handler-0/DEBUG] [net.minecraftforge.fml.loading.moddiscovery.Scanner/SCAN]: Scanning Mod File: C:\Users\mattw\Documents\Git\SampleMod\.gradle\repositories\ng_dummy_ng\net\neoforged\forge\1.20.1-47.1.106\forge-1.20.1-47.1.106.jar path net/minecraft/world/level/levelgen/feature/foliageplacers/AcaciaFoliagePlacer.class
[13Aug2026 02:00:07.887] [background-scan-handler-0/DEBUG] [net.minecraftforge.fml.loading.moddiscovery.Scanner/SCAN]: Scanning Mod File: C:\Users\mattw\Documents\Git\SampleMod\.gradle\repositories\ng_dummy_ng\net\neoforged\forge\1.20.1-47.1.106\forge-1.20.1-47.1.106.jar path net/minecraft/world/level/levelgen/feature/FillLayerFeature.class
[13Aug2026 02:00:07.888] [background-scan-handler-0/DEBUG] [net.minecraftforge.fml.loading.moddiscovery.Scanner/SCAN]: Scanning Mod File: C:\Users\mattw\Documents\Git\SampleMod\.gradle\repositories\ng_dummy_ng\net\neoforged\forge\1.20.1-47.1.106\forge-1.20.1-47.1.106.jar path net/minecraft/world/level/levelgen/feature/featuresize/TwoLayersFeatureSize.class
[13Aug2026 02:00:07.889] [background-scan-handler-0/DEBUG] [net.minecraftforge.fml.loading.moddiscovery.Scanner/SCAN]: Scanning Mod File: C:\Users\mattw\Documents\Git\SampleMod\.gradle\repositories\ng_dummy_ng\net\neoforged\forge\1.20.1-47.1.106\forge-1.20.1-47.1.106.jar path net/minecraft/world/level/levelgen/feature/featuresize/ThreeLayersFeatureSize.class
[13Aug2026 02:00:07.889] [background-scan-handler-0/DEBUG] [net.minecraftforge.fml.loading.moddiscovery.Scanner/SCAN]: Scanning Mod File: C:\Users\mattw\Documents\Git\SampleMod\.gradle\repositories\ng_dummy_ng\net\neoforged\forge\1.20.1-47.1.106\forge-1.20.1-47.1.106.jar path net/minecraft/world/level/levelgen/feature/featuresize/package-info.class
[13Aug2026 02:00:07.890] [background-scan-handler-0/DEBUG] [net.minecraftforge.fml.loading.moddiscovery.Scanner/SCAN]: Scanning Mod File: C:\Users\mattw\Documents\Git\SampleMod\.gradle\repositories\ng_dummy_ng\net\neoforged\forge\1.20.1-47.1.106\forge-1.20.1-47.1.106.jar path net/minecraft/world/level/levelgen/feature/featuresize/FeatureSizeType.class
[13Aug2026 02:00:07.890] [background-scan-handler-0/DEBUG] [net.minecraftforge.fml.loading.moddiscovery.Scanner/SCAN]: Scanning Mod File: C:\Users\mattw\Documents\Git\SampleMod\.gradle\repositories\ng_dummy_ng\net\neoforged\forge\1.20.1-47.1.106\forge-1.20.1-47.1.106.jar path net/minecraft/world/level/levelgen/feature/featuresize/FeatureSize.class
[13Aug2026 02:00:07.890] [background-scan-handler-0/DEBUG] [net.minecraftforge.fml.loading.moddiscovery.Scanner/SCAN]: Scanning Mod File: C:\Users\mattw\Documents\Git\SampleMod\.gradle\repositories\ng_dummy_ng\net\neoforged\forge\1.20.1-47.1.106\forge-1.20.1-47.1.106.jar path net/minecraft/world/level/levelgen/feature/FeaturePlaceContext.class
[13Aug2026 02:00:07.891] [background-scan-handler-0/DEBUG] [net.minecraftforge.fml.loading.moddiscovery.Scanner/SCAN]: Scanning Mod File: C:\Users\mattw\Documents\Git\SampleMod\.gradle\repositories\ng_dummy_ng\net\neoforged\forge\1.20.1-47.1.106\forge-1.20.1-47.1.106.jar path net/minecraft/world/level/levelgen/feature/FeatureCountTracker.class
[13Aug2026 02:00:07.891] [background-scan-handler-0/DEBUG] [net.minecraftforge.fml.loading.moddiscovery.Scanner/SCAN]: Scanning Mod File: C:\Users\mattw\Documents\Git\SampleMod\.gradle\repositories\ng_dummy_ng\net\neoforged\forge\1.20.1-47.1.106\forge-1.20.1-47.1.106.jar path net/minecraft/world/level/levelgen/feature/FeatureCountTracker$LevelData.class
[13Aug2026 02:00:07.891] [background-scan-handler-0/DEBUG] [net.minecraftforge.fml.loading.moddiscovery.Scanner/SCAN]: Scanning Mod File: C:\Users\mattw\Documents\Git\SampleMod\.gradle\repositories\ng_dummy_ng\net\neoforged\forge\1.20.1-47.1.106\forge-1.20.1-47.1.106.jar path net/minecraft/world/level/levelgen/feature/FeatureCountTracker$FeatureData.class
[13Aug2026 02:00:07.892] [background-scan-handler-0/DEBUG] [net.minecraftforge.fml.loading.moddiscovery.Scanner/SCAN]: Scanning Mod File: C:\Users\mattw\Documents\Git\SampleMod\.gradle\repositories\ng_dummy_ng\net\neoforged\forge\1.20.1-47.1.106\forge-1.20.1-47.1.106.jar path net/minecraft/world/level/levelgen/feature/FeatureCountTracker$1.class
[13Aug2026 02:00:07.892] [background-scan-handler-0/DEBUG] [net.minecraftforge.fml.loading.moddiscovery.Scanner/SCAN]: Scanning Mod File: C:\Users\mattw\Documents\Git\SampleMod\.gradle\repositories\ng_dummy_ng\net\neoforged\forge\1.20.1-47.1.106\forge-1.20.1-47.1.106.jar path net/minecraft/world/level/levelgen/feature/Feature.class
[13Aug2026 02:00:07.894] [background-scan-handler-0/DEBUG] [net.minecraftforge.fml.loading.moddiscovery.Scanner/SCAN]: Scanning Mod File: C:\Users\mattw\Documents\Git\SampleMod\.gradle\repositories\ng_dummy_ng\net\neoforged\forge\1.20.1-47.1.106\forge-1.20.1-47.1.106.jar path net/minecraft/world/level/levelgen/feature/EndPodiumFeature.class
[13Aug2026 02:00:07.894] [background-scan-handler-0/DEBUG] [net.minecraftforge.fml.loading.moddiscovery.Scanner/SCAN]: Scanning Mod File: C:\Users\mattw\Documents\Git\SampleMod\.gradle\repositories\ng_dummy_ng\net\neoforged\forge\1.20.1-47.1.106\forge-1.20.1-47.1.106.jar path net/minecraft/world/level/levelgen/feature/EndIslandFeature.class
[13Aug2026 02:00:07.895] [background-scan-handler-0/DEBUG] [net.minecraftforge.fml.loading.moddiscovery.Scanner/SCAN]: Scanning Mod File: C:\Users\mattw\Documents\Git\SampleMod\.gradle\repositories\ng_dummy_ng\net\neoforged\forge\1.20.1-47.1.106\forge-1.20.1-47.1.106.jar path net/minecraft/world/level/levelgen/feature/EndGatewayFeature.class
[13Aug2026 02:00:07.895] [background-scan-handler-0/DEBUG] [net.minecraftforge.fml.loading.moddiscovery.Scanner/SCAN]: Scanning Mod File: C:\Users\mattw\Documents\Git\SampleMod\.gradle\repositories\ng_dummy_ng\net\neoforged\forge\1.20.1-47.1.106\forge-1.20.1-47.1.106.jar path net/minecraft/world/level/levelgen/feature/DripstoneUtils.class
[13Aug2026 02:00:07.896] [background-scan-handler-0/DEBUG] [net.minecraftforge.fml.loading.moddiscovery.Scanner/SCAN]: Scanning Mod File: C:\Users\mattw\Documents\Git\SampleMod\.gradle\repositories\ng_dummy_ng\net\neoforged\forge\1.20.1-47.1.106\forge-1.20.1-47.1.106.jar path net/minecraft/world/level/levelgen/feature/DripstoneClusterFeature.class
[13Aug2026 02:00:07.897] [background-scan-handler-0/DEBUG] [net.minecraftforge.fml.loading.moddiscovery.Scanner/SCAN]: Scanning Mod File: C:\Users\mattw\Documents\Git\SampleMod\.gradle\repositories\ng_dummy_ng\net\neoforged\forge\1.20.1-47.1.106\forge-1.20.1-47.1.106.jar path net/minecraft/world/level/levelgen/feature/DiskFeature.class
[13Aug2026 02:00:07.897] [background-scan-handler-0/DEBUG] [net.minecraftforge.fml.loading.moddiscovery.Scanner/SCAN]: Scanning Mod File: C:\Users\mattw\Documents\Git\SampleMod\.gradle\repositories\ng_dummy_ng\net\neoforged\forge\1.20.1-47.1.106\forge-1.20.1-47.1.106.jar path net/minecraft/world/level/levelgen/feature/DesertWellFeature.class
[13Aug2026 02:00:07.897] [background-scan-handler-0/DEBUG] [net.minecraftforge.fml.loading.moddiscovery.Scanner/SCAN]: Scanning Mod File: C:\Users\mattw\Documents\Git\SampleMod\.gradle\repositories\ng_dummy_ng\net\neoforged\forge\1.20.1-47.1.106\forge-1.20.1-47.1.106.jar path net/minecraft/world/level/levelgen/feature/DeltaFeature.class
[13Aug2026 02:00:07.897] [background-scan-handler-0/DEBUG] [net.minecraftforge.fml.loading.moddiscovery.Scanner/SCAN]: Scanning Mod File: C:\Users\mattw\Documents\Git\SampleMod\.gradle\repositories\ng_dummy_ng\net\neoforged\forge\1.20.1-47.1.106\forge-1.20.1-47.1.106.jar path net/minecraft/world/level/levelgen/feature/CoralTreeFeature.class
[13Aug2026 02:00:07.897] [background-scan-handler-0/DEBUG] [net.minecraftforge.fml.loading.moddiscovery.Scanner/SCAN]: Scanning Mod File: C:\Users\mattw\Documents\Git\SampleMod\.gradle\repositories\ng_dummy_ng\net\neoforged\forge\1.20.1-47.1.106\forge-1.20.1-47.1.106.jar path net/minecraft/world/level/levelgen/feature/CoralMushroomFeature.class
[13Aug2026 02:00:07.898] [background-scan-handler-0/DEBUG] [net.minecraftforge.fml.loading.moddiscovery.Scanner/SCAN]: Scanning Mod File: C:\Users\mattw\Documents\Git\SampleMod\.gradle\repositories\ng_dummy_ng\net\neoforged\forge\1.20.1-47.1.106\forge-1.20.1-47.1.106.jar path net/minecraft/world/level/levelgen/feature/CoralFeature.class
[13Aug2026 02:00:07.898] [background-scan-handler-0/DEBUG] [net.minecraftforge.fml.loading.moddiscovery.Scanner/SCAN]: Scanning Mod File: C:\Users\mattw\Documents\Git\SampleMod\.gradle\repositories\ng_dummy_ng\net\neoforged\forge\1.20.1-47.1.106\forge-1.20.1-47.1.106.jar path net/minecraft/world/level/levelgen/feature/CoralClawFeature.class
[13Aug2026 02:00:07.898] [background-scan-handler-0/DEBUG] [net.minecraftforge.fml.loading.moddiscovery.Scanner/SCAN]: Scanning Mod File: C:\Users\mattw\Documents\Git\SampleMod\.gradle\repositories\ng_dummy_ng\net\neoforged\forge\1.20.1-47.1.106\forge-1.20.1-47.1.106.jar path net/minecraft/world/level/levelgen/feature/ConfiguredFeature.class
[13Aug2026 02:00:07.899] [background-scan-handler-0/DEBUG] [net.minecraftforge.fml.loading.moddiscovery.Scanner/SCAN]: Scanning Mod File: C:\Users\mattw\Documents\Git\SampleMod\.gradle\repositories\ng_dummy_ng\net\neoforged\forge\1.20.1-47.1.106\forge-1.20.1-47.1.106.jar path net/minecraft/world/level/levelgen/feature/configurations/VegetationPatchConfiguration.class
[13Aug2026 02:00:07.899] [background-scan-handler-0/DEBUG] [net.minecraftforge.fml.loading.moddiscovery.Scanner/SCAN]: Scanning Mod File: C:\Users\mattw\Documents\Git\SampleMod\.gradle\repositories\ng_dummy_ng\net\neoforged\forge\1.20.1-47.1.106\forge-1.20.1-47.1.106.jar path net/minecraft/world/level/levelgen/feature/configurations/UnderwaterMagmaConfiguration.class
[13Aug2026 02:00:07.900] [background-scan-handler-0/DEBUG] [net.minecraftforge.fml.loading.moddiscovery.Scanner/SCAN]: Scanning Mod File: C:\Users\mattw\Documents\Git\SampleMod\.gradle\repositories\ng_dummy_ng\net\neoforged\forge\1.20.1-47.1.106\forge-1.20.1-47.1.106.jar path net/minecraft/world/level/levelgen/feature/configurations/TwistingVinesConfig.class
[13Aug2026 02:00:07.900] [background-scan-handler-0/DEBUG] [net.minecraftforge.fml.loading.moddiscovery.Scanner/SCAN]: Scanning Mod File: C:\Users\mattw\Documents\Git\SampleMod\.gradle\repositories\ng_dummy_ng\net\neoforged\forge\1.20.1-47.1.106\forge-1.20.1-47.1.106.jar path net/minecraft/world/level/levelgen/feature/configurations/TreeConfiguration.class
[13Aug2026 02:00:07.900] [background-scan-handler-0/DEBUG] [net.minecraftforge.fml.loading.moddiscovery.Scanner/SCAN]: Scanning Mod File: C:\Users\mattw\Documents\Git\SampleMod\.gradle\repositories\ng_dummy_ng\net\neoforged\forge\1.20.1-47.1.106\forge-1.20.1-47.1.106.jar path net/minecraft/world/level/levelgen/feature/configurations/TreeConfiguration$TreeConfigurationBuilder.class
[13Aug2026 02:00:07.901] [background-scan-handler-0/DEBUG] [net.minecraftforge.fml.loading.moddiscovery.Scanner/SCAN]: Scanning Mod File: C:\Users\mattw\Documents\Git\SampleMod\.gradle\repositories\ng_dummy_ng\net\neoforged\forge\1.20.1-47.1.106\forge-1.20.1-47.1.106.jar path net/minecraft/world/level/levelgen/feature/configurations/SpringConfiguration.class
[13Aug2026 02:00:07.901] [background-scan-handler-0/DEBUG] [net.minecraftforge.fml.loading.moddiscovery.Scanner/SCAN]: Scanning Mod File: C:\Users\mattw\Documents\Git\SampleMod\.gradle\repositories\ng_dummy_ng\net\neoforged\forge\1.20.1-47.1.106\forge-1.20.1-47.1.106.jar path net/minecraft/world/level/levelgen/feature/configurations/SpikeConfiguration.class
[13Aug2026 02:00:07.902] [background-scan-handler-0/DEBUG] [net.minecraftforge.fml.loading.moddiscovery.Scanner/SCAN]: Scanning Mod File: C:\Users\mattw\Documents\Git\SampleMod\.gradle\repositories\ng_dummy_ng\net\neoforged\forge\1.20.1-47.1.106\forge-1.20.1-47.1.106.jar path net/minecraft/world/level/levelgen/feature/configurations/SimpleRandomFeatureConfiguration.class
[13Aug2026 02:00:07.902] [background-scan-handler-0/DEBUG] [net.minecraftforge.fml.loading.moddiscovery.Scanner/SCAN]: Scanning Mod File: C:\Users\mattw\Documents\Git\SampleMod\.gradle\repositories\ng_dummy_ng\net\neoforged\forge\1.20.1-47.1.106\forge-1.20.1-47.1.106.jar path net/minecraft/world/level/levelgen/feature/configurations/SimpleBlockConfiguration.class
[13Aug2026 02:00:07.902] [background-scan-handler-0/DEBUG] [net.minecraftforge.fml.loading.moddiscovery.Scanner/SCAN]: Scanning Mod File: C:\Users\mattw\Documents\Git\SampleMod\.gradle\repositories\ng_dummy_ng\net\neoforged\forge\1.20.1-47.1.106\forge-1.20.1-47.1.106.jar path net/minecraft/world/level/levelgen/feature/configurations/SculkPatchConfiguration.class
[13Aug2026 02:00:07.903] [background-scan-handler-0/DEBUG] [net.minecraftforge.fml.loading.moddiscovery.Scanner/SCAN]: Scanning Mod File: C:\Users\mattw\Documents\Git\SampleMod\.gradle\repositories\ng_dummy_ng\net\neoforged\forge\1.20.1-47.1.106\forge-1.20.1-47.1.106.jar path net/minecraft/world/level/levelgen/feature/configurations/RootSystemConfiguration.class
[13Aug2026 02:00:07.903] [main/DEBUG] [cpw.mods.modlauncher.TransformStore/MODLAUNCHER]: Adding transformer net.minecraftforge.coremod.transformer.CoreModClassTransformer@727320fa to Target : CLASS {Lnet/minecraft/world/level/biome/Biome;} {} {V}
[13Aug2026 02:00:07.904] [background-scan-handler-0/DEBUG] [net.minecraftforge.fml.loading.moddiscovery.Scanner/SCAN]: Scanning Mod File: C:\Users\mattw\Documents\Git\SampleMod\.gradle\repositories\ng_dummy_ng\net\neoforged\forge\1.20.1-47.1.106\forge-1.20.1-47.1.106.jar path net/minecraft/world/level/levelgen/feature/configurations/ReplaceSphereConfiguration.class
[13Aug2026 02:00:07.904] [background-scan-handler-0/DEBUG] [net.minecraftforge.fml.loading.moddiscovery.Scanner/SCAN]: Scanning Mod File: C:\Users\mattw\Documents\Git\SampleMod\.gradle\repositories\ng_dummy_ng\net\neoforged\forge\1.20.1-47.1.106\forge-1.20.1-47.1.106.jar path net/minecraft/world/level/levelgen/feature/configurations/ReplaceBlockConfiguration.class
[13Aug2026 02:00:07.904] [background-scan-handler-0/DEBUG] [net.minecraftforge.fml.loading.moddiscovery.Scanner/SCAN]: Scanning Mod File: C:\Users\mattw\Documents\Git\SampleMod\.gradle\repositories\ng_dummy_ng\net\neoforged\forge\1.20.1-47.1.106\forge-1.20.1-47.1.106.jar path net/minecraft/world/level/levelgen/feature/configurations/RandomPatchConfiguration.class
[13Aug2026 02:00:07.904] [background-scan-handler-0/DEBUG] [net.minecraftforge.fml.loading.moddiscovery.Scanner/SCAN]: Scanning Mod File: C:\Users\mattw\Documents\Git\SampleMod\.gradle\repositories\ng_dummy_ng\net\neoforged\forge\1.20.1-47.1.106\forge-1.20.1-47.1.106.jar path net/minecraft/world/level/levelgen/feature/configurations/RandomFeatureConfiguration.class
[13Aug2026 02:00:07.904] [background-scan-handler-0/DEBUG] [net.minecraftforge.fml.loading.moddiscovery.Scanner/SCAN]: Scanning Mod File: C:\Users\mattw\Documents\Git\SampleMod\.gradle\repositories\ng_dummy_ng\net\neoforged\forge\1.20.1-47.1.106\forge-1.20.1-47.1.106.jar path net/minecraft/world/level/levelgen/feature/configurations/RandomBooleanFeatureConfiguration.class
[13Aug2026 02:00:07.905] [background-scan-handler-0/DEBUG] [net.minecraftforge.fml.loading.moddiscovery.Scanner/SCAN]: Scanning Mod File: C:\Users\mattw\Documents\Git\SampleMod\.gradle\repositories\ng_dummy_ng\net\neoforged\forge\1.20.1-47.1.106\forge-1.20.1-47.1.106.jar path net/minecraft/world/level/levelgen/feature/configurations/ProbabilityFeatureConfiguration.class
[13Aug2026 02:00:07.905] [background-scan-handler-0/DEBUG] [net.minecraftforge.fml.loading.moddiscovery.Scanner/SCAN]: Scanning Mod File: C:\Users\mattw\Documents\Git\SampleMod\.gradle\repositories\ng_dummy_ng\net\neoforged\forge\1.20.1-47.1.106\forge-1.20.1-47.1.106.jar path net/minecraft/world/level/levelgen/feature/configurations/PointedDripstoneConfiguration.class
[13Aug2026 02:00:07.905] [background-scan-handler-0/DEBUG] [net.minecraftforge.fml.loading.moddiscovery.Scanner/SCAN]: Scanning Mod File: C:\Users\mattw\Documents\Git\SampleMod\.gradle\repositories\ng_dummy_ng\net\neoforged\forge\1.20.1-47.1.106\forge-1.20.1-47.1.106.jar path net/minecraft/world/level/levelgen/feature/configurations/package-info.class
[13Aug2026 02:00:07.906] [background-scan-handler-0/DEBUG] [net.minecraftforge.fml.loading.moddiscovery.Scanner/SCAN]: Scanning Mod File: C:\Users\mattw\Documents\Git\SampleMod\.gradle\repositories\ng_dummy_ng\net\neoforged\forge\1.20.1-47.1.106\forge-1.20.1-47.1.106.jar path net/minecraft/world/level/levelgen/feature/configurations/OreConfiguration.class
[13Aug2026 02:00:07.907] [background-scan-handler-0/DEBUG] [net.minecraftforge.fml.loading.moddiscovery.Scanner/SCAN]: Scanning Mod File: C:\Users\mattw\Documents\Git\SampleMod\.gradle\repositories\ng_dummy_ng\net\neoforged\forge\1.20.1-47.1.106\forge-1.20.1-47.1.106.jar path net/minecraft/world/level/levelgen/feature/configurations/OreConfiguration$TargetBlockState.class
[13Aug2026 02:00:07.907] [background-scan-handler-0/DEBUG] [net.minecraftforge.fml.loading.moddiscovery.Scanner/SCAN]: Scanning Mod File: C:\Users\mattw\Documents\Git\SampleMod\.gradle\repositories\ng_dummy_ng\net\neoforged\forge\1.20.1-47.1.106\forge-1.20.1-47.1.106.jar path net/minecraft/world/level/levelgen/feature/configurations/NoneFeatureConfiguration.class
[13Aug2026 02:00:07.908] [background-scan-handler-0/DEBUG] [net.minecraftforge.fml.loading.moddiscovery.Scanner/SCAN]: Scanning Mod File: C:\Users\mattw\Documents\Git\SampleMod\.gradle\repositories\ng_dummy_ng\net\neoforged\forge\1.20.1-47.1.106\forge-1.20.1-47.1.106.jar path net/minecraft/world/level/levelgen/feature/configurations/NetherForestVegetationConfig.class
[13Aug2026 02:00:07.908] [background-scan-handler-0/DEBUG] [net.minecraftforge.fml.loading.moddiscovery.Scanner/SCAN]: Scanning Mod File: C:\Users\mattw\Documents\Git\SampleMod\.gradle\repositories\ng_dummy_ng\net\neoforged\forge\1.20.1-47.1.106\forge-1.20.1-47.1.106.jar path net/minecraft/world/level/levelgen/feature/configurations/MultifaceGrowthConfiguration.class
[13Aug2026 02:00:07.909] [background-scan-handler-0/DEBUG] [net.minecraftforge.fml.loading.moddiscovery.Scanner/SCAN]: Scanning Mod File: C:\Users\mattw\Documents\Git\SampleMod\.gradle\repositories\ng_dummy_ng\net\neoforged\forge\1.20.1-47.1.106\forge-1.20.1-47.1.106.jar path net/minecraft/world/level/levelgen/feature/configurations/LayerConfiguration.class
[13Aug2026 02:00:07.909] [background-scan-handler-0/DEBUG] [net.minecraftforge.fml.loading.moddiscovery.Scanner/SCAN]: Scanning Mod File: C:\Users\mattw\Documents\Git\SampleMod\.gradle\repositories\ng_dummy_ng\net\neoforged\forge\1.20.1-47.1.106\forge-1.20.1-47.1.106.jar path net/minecraft/world/level/levelgen/feature/configurations/LargeDripstoneConfiguration.class
[13Aug2026 02:00:07.911] [main/DEBUG] [cpw.mods.modlauncher.TransformStore/MODLAUNCHER]: Adding transformer net.minecraftforge.coremod.transformer.CoreModClassTransformer@6b63e6ad to Target : CLASS {Lnet/minecraft/world/level/levelgen/structure/Structure;} {} {V}
[13Aug2026 02:00:07.911] [background-scan-handler-0/DEBUG] [net.minecraftforge.fml.loading.moddiscovery.Scanner/SCAN]: Scanning Mod File: C:\Users\mattw\Documents\Git\SampleMod\.gradle\repositories\ng_dummy_ng\net\neoforged\forge\1.20.1-47.1.106\forge-1.20.1-47.1.106.jar path net/minecraft/world/level/levelgen/feature/configurations/HugeMushroomFeatureConfiguration.class
[13Aug2026 02:00:07.911] [main/DEBUG] [cpw.mods.modlauncher.TransformStore/MODLAUNCHER]: Adding transformer net.minecraftforge.coremod.transformer.CoreModClassTransformer@7beae796 to Target : CLASS {Lnet/minecraft/world/effect/MobEffectInstance;} {} {V}
[13Aug2026 02:00:07.911] [background-scan-handler-0/DEBUG] [net.minecraftforge.fml.loading.moddiscovery.Scanner/SCAN]: Scanning Mod File: C:\Users\mattw\Documents\Git\SampleMod\.gradle\repositories\ng_dummy_ng\net\neoforged\forge\1.20.1-47.1.106\forge-1.20.1-47.1.106.jar path net/minecraft/world/level/levelgen/feature/configurations/GeodeConfiguration.class
[13Aug2026 02:00:07.912] [main/DEBUG] [cpw.mods.modlauncher.TransformStore/MODLAUNCHER]: Adding transformer net.minecraftforge.coremod.transformer.CoreModClassTransformer@6749fe50 to Target : CLASS {Lnet/minecraft/world/level/block/LiquidBlock;} {} {V}
[13Aug2026 02:00:07.912] [background-scan-handler-0/DEBUG] [net.minecraftforge.fml.loading.moddiscovery.Scanner/SCAN]: Scanning Mod File: C:\Users\mattw\Documents\Git\SampleMod\.gradle\repositories\ng_dummy_ng\net\neoforged\forge\1.20.1-47.1.106\forge-1.20.1-47.1.106.jar path net/minecraft/world/level/levelgen/feature/configurations/FeatureConfiguration.class
[13Aug2026 02:00:07.912] [main/DEBUG] [cpw.mods.modlauncher.TransformStore/MODLAUNCHER]: Adding transformer net.minecraftforge.coremod.transformer.CoreModClassTransformer@52bf7bf6 to Target : CLASS {Lnet/minecraft/world/item/BucketItem;} {} {V}
[13Aug2026 02:00:07.913] [main/DEBUG] [cpw.mods.modlauncher.TransformStore/MODLAUNCHER]: Adding transformer net.minecraftforge.coremod.transformer.CoreModClassTransformer@261db982 to Target : CLASS {Lnet/minecraft/world/level/block/StairBlock;} {} {V}
[13Aug2026 02:00:07.913] [main/DEBUG] [cpw.mods.modlauncher.TransformStore/MODLAUNCHER]: Adding transformer net.minecraftforge.coremod.transformer.CoreModClassTransformer@ae73c80 to Target : CLASS {Lnet/minecraft/world/level/block/FlowerPotBlock;} {} {V}
[13Aug2026 02:00:07.913] [main/DEBUG] [cpw.mods.modlauncher.TransformStore/MODLAUNCHER]: Adding transformer net.minecraftforge.coremod.transformer.CoreModClassTransformer@22f4f8f2 to Target : CLASS {Lnet/minecraft/world/item/ItemStack;} {} {V}
[13Aug2026 02:00:07.913] [main/DEBUG] [cpw.mods.modlauncher.TransformStore/MODLAUNCHER]: Adding transformer net.minecraftforge.coremod.transformer.CoreModClassTransformer@bbd4791 to Target : CLASS {Lnet/minecraft/network/play/client/CClientSettingsPacket;} {} {V}
[13Aug2026 02:00:07.913] [main/DEBUG] [cpw.mods.modlauncher.TransformStore/MODLAUNCHER]: Adding transformer net.minecraftforge.coremod.transformer.CoreModClassTransformer@40a72ecd to Target : CLASS {Lnet/minecraft/world/entity/monster/ZombieVillager;} {} {V}
[13Aug2026 02:00:07.913] [main/DEBUG] [cpw.mods.modlauncher.TransformStore/MODLAUNCHER]: Adding transformer net.minecraftforge.coremod.transformer.CoreModClassTransformer@40a72ecd to Target : CLASS {Lnet/minecraft/world/entity/monster/Zombie;} {} {V}
[13Aug2026 02:00:07.913] [background-scan-handler-0/DEBUG] [net.minecraftforge.fml.loading.moddiscovery.Scanner/SCAN]: Scanning Mod File: C:\Users\mattw\Documents\Git\SampleMod\.gradle\repositories\ng_dummy_ng\net\neoforged\forge\1.20.1-47.1.106\forge-1.20.1-47.1.106.jar path net/minecraft/world/level/levelgen/feature/configurations/EndGatewayConfiguration.class
[13Aug2026 02:00:07.913] [main/DEBUG] [cpw.mods.modlauncher.TransformStore/MODLAUNCHER]: Adding transformer net.minecraftforge.coremod.transformer.CoreModClassTransformer@40a72ecd to Target : CLASS {Lnet/minecraft/world/entity/monster/Spider;} {} {V}
[13Aug2026 02:00:07.913] [main/DEBUG] [cpw.mods.modlauncher.TransformStore/MODLAUNCHER]: Adding transformer net.minecraftforge.coremod.transformer.CoreModClassTransformer@40a72ecd to Target : CLASS {Lnet/minecraft/world/entity/monster/Strider;} {} {V}
[13Aug2026 02:00:07.913] [main/DEBUG] [cpw.mods.modlauncher.TransformStore/MODLAUNCHER]: Adding transformer net.minecraftforge.coremod.transformer.CoreModClassTransformer@40a72ecd to Target : CLASS {Lnet/minecraft/world/level/NaturalSpawner;} {} {V}
[13Aug2026 02:00:07.913] [main/DEBUG] [cpw.mods.modlauncher.TransformStore/MODLAUNCHER]: Adding transformer net.minecraftforge.coremod.transformer.CoreModClassTransformer@40a72ecd to Target : CLASS {Lnet/minecraft/world/level/levelgen/PatrolSpawner;} {} {V}
[13Aug2026 02:00:07.913] [main/DEBUG] [cpw.mods.modlauncher.TransformStore/MODLAUNCHER]: Adding transformer net.minecraftforge.coremod.transformer.CoreModClassTransformer@40a72ecd to Target : CLASS {Lnet/minecraft/world/level/levelgen/structure/structures/OceanMonumentPieces$OceanMonumentPiece;} {} {V}
[13Aug2026 02:00:07.913] [main/DEBUG] [cpw.mods.modlauncher.TransformStore/MODLAUNCHER]: Adding transformer net.minecraftforge.coremod.transformer.CoreModClassTransformer@40a72ecd to Target : CLASS {Lnet/minecraft/world/entity/npc/CatSpawner;} {} {V}
[13Aug2026 02:00:07.913] [main/DEBUG] [cpw.mods.modlauncher.TransformStore/MODLAUNCHER]: Adding transformer net.minecraftforge.coremod.transformer.CoreModClassTransformer@40a72ecd to Target : CLASS {Lnet/minecraft/world/level/levelgen/structure/structures/WoodlandMansionPieces$WoodlandMansionPiece;} {} {V}
[13Aug2026 02:00:07.913] [main/DEBUG] [cpw.mods.modlauncher.TransformStore/MODLAUNCHER]: Adding transformer net.minecraftforge.coremod.transformer.CoreModClassTransformer@40a72ecd to Target : CLASS {Lnet/minecraft/world/entity/monster/Evoker$EvokerSummonSpellGoal;} {} {V}
[13Aug2026 02:00:07.913] [main/DEBUG] [cpw.mods.modlauncher.TransformStore/MODLAUNCHER]: Adding transformer net.minecraftforge.coremod.transformer.CoreModClassTransformer@40a72ecd to Target : CLASS {Lnet/minecraft/server/commands/SummonCommand;} {} {V}
[13Aug2026 02:00:07.913] [main/DEBUG] [cpw.mods.modlauncher.TransformStore/MODLAUNCHER]: Adding transformer net.minecraftforge.coremod.transformer.CoreModClassTransformer@40a72ecd to Target : CLASS {Lnet/minecraft/world/entity/animal/frog/Tadpole;} {} {V}
[13Aug2026 02:00:07.913] [main/DEBUG] [cpw.mods.modlauncher.TransformStore/MODLAUNCHER]: Adding transformer net.minecraftforge.coremod.transformer.CoreModClassTransformer@40a72ecd to Target : CLASS {Lnet/minecraft/world/level/levelgen/structure/structures/OceanRuinPieces$OceanRuinPiece;} {} {V}
[13Aug2026 02:00:07.913] [main/DEBUG] [cpw.mods.modlauncher.TransformStore/MODLAUNCHER]: Adding transformer net.minecraftforge.coremod.transformer.CoreModClassTransformer@40a72ecd to Target : CLASS {Lnet/minecraft/world/level/levelgen/structure/structures/SwampHutPiece;} {} {V}
[13Aug2026 02:00:07.913] [main/DEBUG] [cpw.mods.modlauncher.TransformStore/MODLAUNCHER]: Adding transformer net.minecraftforge.coremod.transformer.CoreModClassTransformer@40a72ecd to Target : CLASS {Lnet/minecraft/world/entity/raid/Raid;} {} {V}
[13Aug2026 02:00:07.913] [main/DEBUG] [cpw.mods.modlauncher.TransformStore/MODLAUNCHER]: Adding transformer net.minecraftforge.coremod.transformer.CoreModClassTransformer@40a72ecd to Target : CLASS {Lnet/minecraft/world/level/levelgen/PhantomSpawner;} {} {V}
[13Aug2026 02:00:07.913] [main/DEBUG] [cpw.mods.modlauncher.TransformStore/MODLAUNCHER]: Adding transformer net.minecraftforge.coremod.transformer.CoreModClassTransformer@40a72ecd to Target : CLASS {Lnet/minecraft/world/level/levelgen/structure/templatesystem/StructureTemplate;} {} {V}
[13Aug2026 02:00:07.913] [main/DEBUG] [cpw.mods.modlauncher.TransformStore/MODLAUNCHER]: Adding transformer net.minecraftforge.coremod.transformer.CoreModClassTransformer@40a72ecd to Target : CLASS {Lnet/minecraft/world/entity/npc/Villager;} {} {V}
[13Aug2026 02:00:07.913] [main/DEBUG] [cpw.mods.modlauncher.TransformStore/MODLAUNCHER]: Adding transformer net.minecraftforge.coremod.transformer.CoreModClassTransformer@40a72ecd to Target : CLASS {Lnet/minecraft/world/entity/animal/horse/SkeletonTrapGoal;} {} {V}
[13Aug2026 02:00:07.913] [main/DEBUG] [cpw.mods.modlauncher.TransformStore/MODLAUNCHER]: Adding transformer net.minecraftforge.coremod.transformer.CoreModClassTransformer@40a72ecd to Target : CLASS {Lnet/minecraft/server/commands/RaidCommand;} {} {V}
[13Aug2026 02:00:07.913] [main/DEBUG] [cpw.mods.modlauncher.TransformStore/MODLAUNCHER]: Adding transformer net.minecraftforge.coremod.transformer.CoreModClassTransformer@40a72ecd to Target : CLASS {Lnet/minecraft/world/entity/EntityType;} {} {V}
[13Aug2026 02:00:07.913] [main/DEBUG] [cpw.mods.modlauncher.TransformStore/MODLAUNCHER]: Adding transformer net.minecraftforge.coremod.transformer.CoreModClassTransformer@40a72ecd to Target : CLASS {Lnet/minecraft/world/entity/ai/village/VillageSiege;} {} {V}
[13Aug2026 02:00:07.913] [main/DEBUG] [cpw.mods.modlauncher.TransformationServiceDecorator/MODLAUNCHER]: Initialized transformers for transformation service fml
[13Aug2026 02:00:07.913] [background-scan-handler-0/DEBUG] [net.minecraftforge.fml.loading.moddiscovery.Scanner/SCAN]: Scanning Mod File: C:\Users\mattw\Documents\Git\SampleMod\.gradle\repositories\ng_dummy_ng\net\neoforged\forge\1.20.1-47.1.106\forge-1.20.1-47.1.106.jar path net/minecraft/world/level/levelgen/feature/configurations/DripstoneClusterConfiguration.class
[13Aug2026 02:00:07.918] [background-scan-handler-0/DEBUG] [net.minecraftforge.fml.loading.moddiscovery.Scanner/SCAN]: Scanning Mod File: C:\Users\mattw\Documents\Git\SampleMod\.gradle\repositories\ng_dummy_ng\net\neoforged\forge\1.20.1-47.1.106\forge-1.20.1-47.1.106.jar path net/minecraft/world/level/levelgen/feature/configurations/DiskConfiguration.class
[13Aug2026 02:00:07.919] [background-scan-handler-0/DEBUG] [net.minecraftforge.fml.loading.moddiscovery.Scanner/SCAN]: Scanning Mod File: C:\Users\mattw\Documents\Git\SampleMod\.gradle\repositories\ng_dummy_ng\net\neoforged\forge\1.20.1-47.1.106\forge-1.20.1-47.1.106.jar path net/minecraft/world/level/levelgen/feature/configurations/DeltaFeatureConfiguration.class
[13Aug2026 02:00:07.924] [background-scan-handler-0/DEBUG] [net.minecraftforge.fml.loading.moddiscovery.Scanner/SCAN]: Scanning Mod File: C:\Users\mattw\Documents\Git\SampleMod\.gradle\repositories\ng_dummy_ng\net\neoforged\forge\1.20.1-47.1.106\forge-1.20.1-47.1.106.jar path net/minecraft/world/level/levelgen/feature/configurations/CountConfiguration.class
[13Aug2026 02:00:07.925] [background-scan-handler-0/DEBUG] [net.minecraftforge.fml.loading.moddiscovery.Scanner/SCAN]: Scanning Mod File: C:\Users\mattw\Documents\Git\SampleMod\.gradle\repositories\ng_dummy_ng\net\neoforged\forge\1.20.1-47.1.106\forge-1.20.1-47.1.106.jar path net/minecraft/world/level/levelgen/feature/configurations/ColumnFeatureConfiguration.class
[13Aug2026 02:00:07.927] [background-scan-handler-0/DEBUG] [net.minecraftforge.fml.loading.moddiscovery.Scanner/SCAN]: Scanning Mod File: C:\Users\mattw\Documents\Git\SampleMod\.gradle\repositories\ng_dummy_ng\net\neoforged\forge\1.20.1-47.1.106\forge-1.20.1-47.1.106.jar path net/minecraft/world/level/levelgen/feature/configurations/BlockStateConfiguration.class
[13Aug2026 02:00:07.927] [background-scan-handler-0/DEBUG] [net.minecraftforge.fml.loading.moddiscovery.Scanner/SCAN]: Scanning Mod File: C:\Users\mattw\Documents\Git\SampleMod\.gradle\repositories\ng_dummy_ng\net\neoforged\forge\1.20.1-47.1.106\forge-1.20.1-47.1.106.jar path net/minecraft/world/level/levelgen/feature/configurations/BlockPileConfiguration.class
[13Aug2026 02:00:07.928] [background-scan-handler-0/DEBUG] [net.minecraftforge.fml.loading.moddiscovery.Scanner/SCAN]: Scanning Mod File: C:\Users\mattw\Documents\Git\SampleMod\.gradle\repositories\ng_dummy_ng\net\neoforged\forge\1.20.1-47.1.106\forge-1.20.1-47.1.106.jar path net/minecraft/world/level/levelgen/feature/configurations/BlockColumnConfiguration.class
[13Aug2026 02:00:07.931] [background-scan-handler-0/DEBUG] [net.minecraftforge.fml.loading.moddiscovery.Scanner/SCAN]: Scanning Mod File: C:\Users\mattw\Documents\Git\SampleMod\.gradle\repositories\ng_dummy_ng\net\neoforged\forge\1.20.1-47.1.106\forge-1.20.1-47.1.106.jar path net/minecraft/world/level/levelgen/feature/configurations/BlockColumnConfiguration$Layer.class
[13Aug2026 02:00:07.932] [background-scan-handler-0/DEBUG] [net.minecraftforge.fml.loading.moddiscovery.Scanner/SCAN]: Scanning Mod File: C:\Users\mattw\Documents\Git\SampleMod\.gradle\repositories\ng_dummy_ng\net\neoforged\forge\1.20.1-47.1.106\forge-1.20.1-47.1.106.jar path net/minecraft/world/level/levelgen/feature/ChorusPlantFeature.class
[13Aug2026 02:00:07.932] [background-scan-handler-0/DEBUG] [net.minecraftforge.fml.loading.moddiscovery.Scanner/SCAN]: Scanning Mod File: C:\Users\mattw\Documents\Git\SampleMod\.gradle\repositories\ng_dummy_ng\net\neoforged\forge\1.20.1-47.1.106\forge-1.20.1-47.1.106.jar path net/minecraft/world/level/levelgen/feature/BonusChestFeature.class
[13Aug2026 02:00:07.934] [background-scan-handler-0/DEBUG] [net.minecraftforge.fml.loading.moddiscovery.Scanner/SCAN]: Scanning Mod File: C:\Users\mattw\Documents\Git\SampleMod\.gradle\repositories\ng_dummy_ng\net\neoforged\forge\1.20.1-47.1.106\forge-1.20.1-47.1.106.jar path net/minecraft/world/level/levelgen/feature/BlueIceFeature.class
[13Aug2026 02:00:07.934] [background-scan-handler-0/DEBUG] [net.minecraftforge.fml.loading.moddiscovery.Scanner/SCAN]: Scanning Mod File: C:\Users\mattw\Documents\Git\SampleMod\.gradle\repositories\ng_dummy_ng\net\neoforged\forge\1.20.1-47.1.106\forge-1.20.1-47.1.106.jar path net/minecraft/world/level/levelgen/feature/BlockPileFeature.class
[13Aug2026 02:00:07.937] [background-scan-handler-0/DEBUG] [net.minecraftforge.fml.loading.moddiscovery.Scanner/SCAN]: Scanning Mod File: C:\Users\mattw\Documents\Git\SampleMod\.gradle\repositories\ng_dummy_ng\net\neoforged\forge\1.20.1-47.1.106\forge-1.20.1-47.1.106.jar path net/minecraft/world/level/levelgen/feature/BlockColumnFeature.class
[13Aug2026 02:00:07.937] [background-scan-handler-0/DEBUG] [net.minecraftforge.fml.loading.moddiscovery.Scanner/SCAN]: Scanning Mod File: C:\Users\mattw\Documents\Git\SampleMod\.gradle\repositories\ng_dummy_ng\net\neoforged\forge\1.20.1-47.1.106\forge-1.20.1-47.1.106.jar path net/minecraft/world/level/levelgen/feature/BlockBlobFeature.class
[13Aug2026 02:00:07.941] [background-scan-handler-0/DEBUG] [net.minecraftforge.fml.loading.moddiscovery.Scanner/SCAN]: Scanning Mod File: C:\Users\mattw\Documents\Git\SampleMod\.gradle\repositories\ng_dummy_ng\net\neoforged\forge\1.20.1-47.1.106\forge-1.20.1-47.1.106.jar path net/minecraft/world/level/levelgen/feature/BasaltPillarFeature.class
[13Aug2026 02:00:07.942] [background-scan-handler-0/DEBUG] [net.minecraftforge.fml.loading.moddiscovery.Scanner/SCAN]: Scanning Mod File: C:\Users\mattw\Documents\Git\SampleMod\.gradle\repositories\ng_dummy_ng\net\neoforged\forge\1.20.1-47.1.106\forge-1.20.1-47.1.106.jar path net/minecraft/world/level/levelgen/feature/BasaltColumnsFeature.class
[13Aug2026 02:00:07.943] [background-scan-handler-0/DEBUG] [net.minecraftforge.fml.loading.moddiscovery.Scanner/SCAN]: Scanning Mod File: C:\Users\mattw\Documents\Git\SampleMod\.gradle\repositories\ng_dummy_ng\net\neoforged\forge\1.20.1-47.1.106\forge-1.20.1-47.1.106.jar path net/minecraft/world/level/levelgen/feature/BambooFeature.class
[13Aug2026 02:00:07.946] [background-scan-handler-0/DEBUG] [net.minecraftforge.fml.loading.moddiscovery.Scanner/SCAN]: Scanning Mod File: C:\Users\mattw\Documents\Git\SampleMod\.gradle\repositories\ng_dummy_ng\net\neoforged\forge\1.20.1-47.1.106\forge-1.20.1-47.1.106.jar path net/minecraft/world/level/levelgen/feature/AbstractHugeMushroomFeature.class
[13Aug2026 02:00:07.946] [background-scan-handler-0/DEBUG] [net.minecraftforge.fml.loading.moddiscovery.Scanner/SCAN]: Scanning Mod File: C:\Users\mattw\Documents\Git\SampleMod\.gradle\repositories\ng_dummy_ng\net\neoforged\forge\1.20.1-47.1.106\forge-1.20.1-47.1.106.jar path net/minecraft/world/level/levelgen/DensityFunctions.class
[13Aug2026 02:00:07.978] [background-scan-handler-0/DEBUG] [net.minecraftforge.fml.loading.moddiscovery.Scanner/SCAN]: Scanning Mod File: C:\Users\mattw\Documents\Git\SampleMod\.gradle\repositories\ng_dummy_ng\net\neoforged\forge\1.20.1-47.1.106\forge-1.20.1-47.1.106.jar path net/minecraft/world/level/levelgen/DensityFunctions$YClampedGradient.class
[13Aug2026 02:00:07.983] [background-scan-handler-0/DEBUG] [net.minecraftforge.fml.loading.moddiscovery.Scanner/SCAN]: Scanning Mod File: C:\Users\mattw\Documents\Git\SampleMod\.gradle\repositories\ng_dummy_ng\net\neoforged\forge\1.20.1-47.1.106\forge-1.20.1-47.1.106.jar path net/minecraft/world/level/levelgen/DensityFunctions$WeirdScaledSampler.class
[13Aug2026 02:00:08.007] [background-scan-handler-0/DEBUG] [net.minecraftforge.fml.loading.moddiscovery.Scanner/SCAN]: Scanning Mod File: C:\Users\mattw\Documents\Git\SampleMod\.gradle\repositories\ng_dummy_ng\net\neoforged\forge\1.20.1-47.1.106\forge-1.20.1-47.1.106.jar path net/minecraft/world/level/levelgen/DensityFunctions$WeirdScaledSampler$RarityValueMapper.class
[13Aug2026 02:00:08.009] [background-scan-handler-0/DEBUG] [net.minecraftforge.fml.loading.moddiscovery.Scanner/SCAN]: Scanning Mod File: C:\Users\mattw\Documents\Git\SampleMod\.gradle\repositories\ng_dummy_ng\net\neoforged\forge\1.20.1-47.1.106\forge-1.20.1-47.1.106.jar path net/minecraft/world/level/levelgen/DensityFunctions$TwoArgumentSimpleFunction.class
[13Aug2026 02:00:08.020] [background-scan-handler-0/DEBUG] [net.minecraftforge.fml.loading.moddiscovery.Scanner/SCAN]: Scanning Mod File: C:\Users\mattw\Documents\Git\SampleMod\.gradle\repositories\ng_dummy_ng\net\neoforged\forge\1.20.1-47.1.106\forge-1.20.1-47.1.106.jar path net/minecraft/world/level/levelgen/DensityFunctions$TwoArgumentSimpleFunction$Type.class
[13Aug2026 02:00:08.022] [background-scan-handler-0/DEBUG] [net.minecraftforge.fml.loading.moddiscovery.Scanner/SCAN]: Scanning Mod File: C:\Users\mattw\Documents\Git\SampleMod\.gradle\repositories\ng_dummy_ng\net\neoforged\forge\1.20.1-47.1.106\forge-1.20.1-47.1.106.jar path net/minecraft/world/level/levelgen/DensityFunctions$TransformerWithContext.class
[13Aug2026 02:00:08.034] [background-scan-handler-0/DEBUG] [net.minecraftforge.fml.loading.moddiscovery.Scanner/SCAN]: Scanning Mod File: C:\Users\mattw\Documents\Git\SampleMod\.gradle\repositories\ng_dummy_ng\net\neoforged\forge\1.20.1-47.1.106\forge-1.20.1-47.1.106.jar path net/minecraft/world/level/levelgen/DensityFunctions$Spline.class
[13Aug2026 02:00:08.107] [background-scan-handler-0/DEBUG] [net.minecraftforge.fml.loading.moddiscovery.Scanner/SCAN]: Scanning Mod File: C:\Users\mattw\Documents\Git\SampleMod\.gradle\repositories\ng_dummy_ng\net\neoforged\forge\1.20.1-47.1.106\forge-1.20.1-47.1.106.jar path net/minecraft/world/level/levelgen/DensityFunctions$Spline$Point.class
[13Aug2026 02:00:08.108] [background-scan-handler-0/DEBUG] [net.minecraftforge.fml.loading.moddiscovery.Scanner/SCAN]: Scanning Mod File: C:\Users\mattw\Documents\Git\SampleMod\.gradle\repositories\ng_dummy_ng\net\neoforged\forge\1.20.1-47.1.106\forge-1.20.1-47.1.106.jar path net/minecraft/world/level/levelgen/DensityFunctions$Spline$Coordinate.class
[13Aug2026 02:00:08.110] [background-scan-handler-0/DEBUG] [net.minecraftforge.fml.loading.moddiscovery.Scanner/SCAN]: Scanning Mod File: C:\Users\mattw\Documents\Git\SampleMod\.gradle\repositories\ng_dummy_ng\net\neoforged\forge\1.20.1-47.1.106\forge-1.20.1-47.1.106.jar path net/minecraft/world/level/levelgen/DensityFunctions$ShiftNoise.class
[13Aug2026 02:00:08.111] [background-scan-handler-0/DEBUG] [net.minecraftforge.fml.loading.moddiscovery.Scanner/SCAN]: Scanning Mod File: C:\Users\mattw\Documents\Git\SampleMod\.gradle\repositories\ng_dummy_ng\net\neoforged\forge\1.20.1-47.1.106\forge-1.20.1-47.1.106.jar path net/minecraft/world/level/levelgen/DensityFunctions$ShiftedNoise.class
[13Aug2026 02:00:08.111] [background-scan-handler-0/DEBUG] [net.minecraftforge.fml.loading.moddiscovery.Scanner/SCAN]: Scanning Mod File: C:\Users\mattw\Documents\Git\SampleMod\.gradle\repositories\ng_dummy_ng\net\neoforged\forge\1.20.1-47.1.106\forge-1.20.1-47.1.106.jar path net/minecraft/world/level/levelgen/DensityFunctions$ShiftB.class
[13Aug2026 02:00:08.112] [background-scan-handler-0/DEBUG] [net.minecraftforge.fml.loading.moddiscovery.Scanner/SCAN]: Scanning Mod File: C:\Users\mattw\Documents\Git\SampleMod\.gradle\repositories\ng_dummy_ng\net\neoforged\forge\1.20.1-47.1.106\forge-1.20.1-47.1.106.jar path net/minecraft/world/level/levelgen/DensityFunctions$ShiftA.class
[13Aug2026 02:00:08.112] [background-scan-handler-0/DEBUG] [net.minecraftforge.fml.loading.moddiscovery.Scanner/SCAN]: Scanning Mod File: C:\Users\mattw\Documents\Git\SampleMod\.gradle\repositories\ng_dummy_ng\net\neoforged\forge\1.20.1-47.1.106\forge-1.20.1-47.1.106.jar path net/minecraft/world/level/levelgen/DensityFunctions$Shift.class
[13Aug2026 02:00:08.123] [background-scan-handler-0/DEBUG] [net.minecraftforge.fml.loading.moddiscovery.Scanner/SCAN]: Scanning Mod File: C:\Users\mattw\Documents\Git\SampleMod\.gradle\repositories\ng_dummy_ng\net\neoforged\forge\1.20.1-47.1.106\forge-1.20.1-47.1.106.jar path net/minecraft/world/level/levelgen/DensityFunctions$RangeChoice.class
[13Aug2026 02:00:08.136] [background-scan-handler-0/DEBUG] [net.minecraftforge.fml.loading.moddiscovery.Scanner/SCAN]: Scanning Mod File: C:\Users\mattw\Documents\Git\SampleMod\.gradle\repositories\ng_dummy_ng\net\neoforged\forge\1.20.1-47.1.106\forge-1.20.1-47.1.106.jar path net/minecraft/world/level/levelgen/DensityFunctions$PureTransformer.class
[13Aug2026 02:00:08.149] [background-scan-handler-0/DEBUG] [net.minecraftforge.fml.loading.moddiscovery.Scanner/SCAN]: Scanning Mod File: C:\Users\mattw\Documents\Git\SampleMod\.gradle\repositories\ng_dummy_ng\net\neoforged\forge\1.20.1-47.1.106\forge-1.20.1-47.1.106.jar path net/minecraft/world/level/levelgen/DensityFunctions$Noise.class
[13Aug2026 02:00:08.165] [background-scan-handler-0/DEBUG] [net.minecraftforge.fml.loading.moddiscovery.Scanner/SCAN]: Scanning Mod File: C:\Users\mattw\Documents\Git\SampleMod\.gradle\repositories\ng_dummy_ng\net\neoforged\forge\1.20.1-47.1.106\forge-1.20.1-47.1.106.jar path net/minecraft/world/level/levelgen/DensityFunctions$MulOrAdd.class
[13Aug2026 02:00:08.178] [background-scan-handler-0/DEBUG] [net.minecraftforge.fml.loading.moddiscovery.Scanner/SCAN]: Scanning Mod File: C:\Users\mattw\Documents\Git\SampleMod\.gradle\repositories\ng_dummy_ng\net\neoforged\forge\1.20.1-47.1.106\forge-1.20.1-47.1.106.jar path net/minecraft/world/level/levelgen/DensityFunctions$MulOrAdd$Type.class
[13Aug2026 02:00:08.181] [background-scan-handler-0/DEBUG] [net.minecraftforge.fml.loading.moddiscovery.Scanner/SCAN]: Scanning Mod File: C:\Users\mattw\Documents\Git\SampleMod\.gradle\repositories\ng_dummy_ng\net\neoforged\forge\1.20.1-47.1.106\forge-1.20.1-47.1.106.jar path net/minecraft/world/level/levelgen/DensityFunctions$MarkerOrMarked.class
[13Aug2026 02:00:08.182] [background-scan-handler-0/DEBUG] [net.minecraftforge.fml.loading.moddiscovery.Scanner/SCAN]: Scanning Mod File: C:\Users\mattw\Documents\Git\SampleMod\.gradle\repositories\ng_dummy_ng\net\neoforged\forge\1.20.1-47.1.106\forge-1.20.1-47.1.106.jar path net/minecraft/world/level/levelgen/DensityFunctions$Marker.class
[13Aug2026 02:00:08.183] [background-scan-handler-0/DEBUG] [net.minecraftforge.fml.loading.moddiscovery.Scanner/SCAN]: Scanning Mod File: C:\Users\mattw\Documents\Git\SampleMod\.gradle\repositories\ng_dummy_ng\net\neoforged\forge\1.20.1-47.1.106\forge-1.20.1-47.1.106.jar path net/minecraft/world/level/levelgen/DensityFunctions$Marker$Type.class
[13Aug2026 02:00:08.183] [background-scan-handler-0/DEBUG] [net.minecraftforge.fml.loading.moddiscovery.Scanner/SCAN]: Scanning Mod File: C:\Users\mattw\Documents\Git\SampleMod\.gradle\repositories\ng_dummy_ng\net\neoforged\forge\1.20.1-47.1.106\forge-1.20.1-47.1.106.jar path net/minecraft/world/level/levelgen/DensityFunctions$Mapped.class
[13Aug2026 02:00:08.184] [background-scan-handler-0/DEBUG] [net.minecraftforge.fml.loading.moddiscovery.Scanner/SCAN]: Scanning Mod File: C:\Users\mattw\Documents\Git\SampleMod\.gradle\repositories\ng_dummy_ng\net\neoforged\forge\1.20.1-47.1.106\forge-1.20.1-47.1.106.jar path net/minecraft/world/level/levelgen/DensityFunctions$Mapped$Type.class
[13Aug2026 02:00:08.185] [background-scan-handler-0/DEBUG] [net.minecraftforge.fml.loading.moddiscovery.Scanner/SCAN]: Scanning Mod File: C:\Users\mattw\Documents\Git\SampleMod\.gradle\repositories\ng_dummy_ng\net\neoforged\forge\1.20.1-47.1.106\forge-1.20.1-47.1.106.jar path net/minecraft/world/level/levelgen/DensityFunctions$HolderHolder.class
[13Aug2026 02:00:08.185] [background-scan-handler-0/DEBUG] [net.minecraftforge.fml.loading.moddiscovery.Scanner/SCAN]: Scanning Mod File: C:\Users\mattw\Documents\Git\SampleMod\.gradle\repositories\ng_dummy_ng\net\neoforged\forge\1.20.1-47.1.106\forge-1.20.1-47.1.106.jar path net/minecraft/world/level/levelgen/DensityFunctions$EndIslandDensityFunction.class
[13Aug2026 02:00:08.187] [background-scan-handler-0/DEBUG] [net.minecraftforge.fml.loading.moddiscovery.Scanner/SCAN]: Scanning Mod File: C:\Users\mattw\Documents\Git\SampleMod\.gradle\repositories\ng_dummy_ng\net\neoforged\forge\1.20.1-47.1.106\forge-1.20.1-47.1.106.jar path net/minecraft/world/level/levelgen/DensityFunctions$Constant.class
[13Aug2026 02:00:08.189] [background-scan-handler-0/DEBUG] [net.minecraftforge.fml.loading.moddiscovery.Scanner/SCAN]: Scanning Mod File: C:\Users\mattw\Documents\Git\SampleMod\.gradle\repositories\ng_dummy_ng\net\neoforged\forge\1.20.1-47.1.106\forge-1.20.1-47.1.106.jar path net/minecraft/world/level/levelgen/DensityFunctions$Clamp.class
[13Aug2026 02:00:08.190] [background-scan-handler-0/DEBUG] [net.minecraftforge.fml.loading.moddiscovery.Scanner/SCAN]: Scanning Mod File: C:\Users\mattw\Documents\Git\SampleMod\.gradle\repositories\ng_dummy_ng\net\neoforged\forge\1.20.1-47.1.106\forge-1.20.1-47.1.106.jar path net/minecraft/world/level/levelgen/DensityFunctions$BlendOffset.class
[13Aug2026 02:00:08.194] [background-scan-handler-0/DEBUG] [net.minecraftforge.fml.loading.moddiscovery.Scanner/SCAN]: Scanning Mod File: C:\Users\mattw\Documents\Git\SampleMod\.gradle\repositories\ng_dummy_ng\net\neoforged\forge\1.20.1-47.1.106\forge-1.20.1-47.1.106.jar path net/minecraft/world/level/levelgen/DensityFunctions$BlendDensity.class
[13Aug2026 02:00:08.195] [background-scan-handler-0/DEBUG] [net.minecraftforge.fml.loading.moddiscovery.Scanner/SCAN]: Scanning Mod File: C:\Users\mattw\Documents\Git\SampleMod\.gradle\repositories\ng_dummy_ng\net\neoforged\forge\1.20.1-47.1.106\forge-1.20.1-47.1.106.jar path net/minecraft/world/level/levelgen/DensityFunctions$BlendAlpha.class
[13Aug2026 02:00:08.266] [background-scan-handler-0/DEBUG] [net.minecraftforge.fml.loading.moddiscovery.Scanner/SCAN]: Scanning Mod File: C:\Users\mattw\Documents\Git\SampleMod\.gradle\repositories\ng_dummy_ng\net\neoforged\forge\1.20.1-47.1.106\forge-1.20.1-47.1.106.jar path net/minecraft/world/level/levelgen/DensityFunctions$BeardifierOrMarker.class
[13Aug2026 02:00:08.266] [background-scan-handler-0/DEBUG] [net.minecraftforge.fml.loading.moddiscovery.Scanner/SCAN]: Scanning Mod File: C:\Users\mattw\Documents\Git\SampleMod\.gradle\repositories\ng_dummy_ng\net\neoforged\forge\1.20.1-47.1.106\forge-1.20.1-47.1.106.jar path net/minecraft/world/level/levelgen/DensityFunctions$BeardifierMarker.class
[13Aug2026 02:00:08.285] [background-scan-handler-0/DEBUG] [net.minecraftforge.fml.loading.moddiscovery.Scanner/SCAN]: Scanning Mod File: C:\Users\mattw\Documents\Git\SampleMod\.gradle\repositories\ng_dummy_ng\net\neoforged\forge\1.20.1-47.1.106\forge-1.20.1-47.1.106.jar path net/minecraft/world/level/levelgen/DensityFunctions$Ap2.class
[13Aug2026 02:00:08.303] [background-scan-handler-0/DEBUG] [net.minecraftforge.fml.loading.moddiscovery.Scanner/SCAN]: Scanning Mod File: C:\Users\mattw\Documents\Git\SampleMod\.gradle\repositories\ng_dummy_ng\net\neoforged\forge\1.20.1-47.1.106\forge-1.20.1-47.1.106.jar path net/minecraft/world/level/levelgen/DensityFunctions$1.class
[13Aug2026 02:00:08.305] [background-scan-handler-0/DEBUG] [net.minecraftforge.fml.loading.moddiscovery.Scanner/SCAN]: Scanning Mod File: C:\Users\mattw\Documents\Git\SampleMod\.gradle\repositories\ng_dummy_ng\net\neoforged\forge\1.20.1-47.1.106\forge-1.20.1-47.1.106.jar path net/minecraft/world/level/levelgen/DensityFunction.class
[13Aug2026 02:00:08.306] [background-scan-handler-0/DEBUG] [net.minecraftforge.fml.loading.moddiscovery.Scanner/SCAN]: Scanning Mod File: C:\Users\mattw\Documents\Git\SampleMod\.gradle\repositories\ng_dummy_ng\net\neoforged\forge\1.20.1-47.1.106\forge-1.20.1-47.1.106.jar path net/minecraft/world/level/levelgen/DensityFunction$Visitor.class
[13Aug2026 02:00:08.306] [background-scan-handler-0/DEBUG] [net.minecraftforge.fml.loading.moddiscovery.Scanner/SCAN]: Scanning Mod File: C:\Users\mattw\Documents\Git\SampleMod\.gradle\repositories\ng_dummy_ng\net\neoforged\forge\1.20.1-47.1.106\forge-1.20.1-47.1.106.jar path net/minecraft/world/level/levelgen/DensityFunction$SinglePointContext.class
[13Aug2026 02:00:08.307] [background-scan-handler-0/DEBUG] [net.minecraftforge.fml.loading.moddiscovery.Scanner/SCAN]: Scanning Mod File: C:\Users\mattw\Documents\Git\SampleMod\.gradle\repositories\ng_dummy_ng\net\neoforged\forge\1.20.1-47.1.106\forge-1.20.1-47.1.106.jar path net/minecraft/world/level/levelgen/DensityFunction$SimpleFunction.class
[13Aug2026 02:00:08.307] [background-scan-handler-0/DEBUG] [net.minecraftforge.fml.loading.moddiscovery.Scanner/SCAN]: Scanning Mod File: C:\Users\mattw\Documents\Git\SampleMod\.gradle\repositories\ng_dummy_ng\net\neoforged\forge\1.20.1-47.1.106\forge-1.20.1-47.1.106.jar path net/minecraft/world/level/levelgen/DensityFunction$NoiseHolder.class
[13Aug2026 02:00:08.307] [main/DEBUG] [mixin/]: Processing prepare() for PlatformAgent[MixinPlatformAgentDefault:ModLauncher Root Container(ModLauncher:4f56a0a2)]
[13Aug2026 02:00:08.308] [main/DEBUG] [mixin/]: Processing launch tasks for PlatformAgent[MixinPlatformAgentDefault:ModLauncher Root Container(ModLauncher:4f56a0a2)]
[13Aug2026 02:00:08.308] [main/DEBUG] [mixin/]: Adding mixin platform agents for container SecureJarResource(minecraft)
[13Aug2026 02:00:08.308] [main/DEBUG] [mixin/]: Instancing new MixinPlatformAgentMinecraftForge for SecureJarResource(minecraft)
[13Aug2026 02:00:08.308] [main/DEBUG] [mixin/]: MixinPlatformAgentMinecraftForge rejected container SecureJarResource(minecraft)
[13Aug2026 02:00:08.308] [main/DEBUG] [mixin/]: Instancing new MixinPlatformAgentDefault for SecureJarResource(minecraft)
[13Aug2026 02:00:08.308] [main/DEBUG] [mixin/]: MixinPlatformAgentDefault accepted container SecureJarResource(minecraft)
[13Aug2026 02:00:08.308] [main/DEBUG] [mixin/]: Processing prepare() for PlatformAgent[MixinPlatformAgentDefault:SecureJarResource(minecraft)]
[13Aug2026 02:00:08.308] [main/DEBUG] [mixin/]: Adding mixin platform agents for container SecureJarResource(umapi)
[13Aug2026 02:00:08.308] [main/DEBUG] [mixin/]: Instancing new MixinPlatformAgentMinecraftForge for SecureJarResource(umapi)
[13Aug2026 02:00:08.308] [main/DEBUG] [mixin/]: MixinPlatformAgentMinecraftForge rejected container SecureJarResource(umapi)
[13Aug2026 02:00:08.308] [main/DEBUG] [mixin/]: Instancing new MixinPlatformAgentDefault for SecureJarResource(umapi)
[13Aug2026 02:00:08.308] [main/DEBUG] [mixin/]: MixinPlatformAgentDefault accepted container SecureJarResource(umapi)
[13Aug2026 02:00:08.308] [main/DEBUG] [mixin/]: Processing prepare() for PlatformAgent[MixinPlatformAgentDefault:SecureJarResource(umapi)]
[13Aug2026 02:00:08.308] [main/DEBUG] [mixin/]: Adding mixin platform agents for container SecureJarResource(forge)
[13Aug2026 02:00:08.308] [main/DEBUG] [mixin/]: Instancing new MixinPlatformAgentMinecraftForge for SecureJarResource(forge)
[13Aug2026 02:00:08.308] [main/DEBUG] [mixin/]: MixinPlatformAgentMinecraftForge rejected container SecureJarResource(forge)
[13Aug2026 02:00:08.308] [main/DEBUG] [mixin/]: Instancing new MixinPlatformAgentDefault for SecureJarResource(forge)
[13Aug2026 02:00:08.308] [main/DEBUG] [mixin/]: MixinPlatformAgentDefault accepted container SecureJarResource(forge)
[13Aug2026 02:00:08.308] [main/DEBUG] [mixin/]: Processing prepare() for PlatformAgent[MixinPlatformAgentDefault:SecureJarResource(forge)]
[13Aug2026 02:00:08.308] [main/DEBUG] [mixin/]: Adding mixin platform agents for container SecureJarResource(samplemod)
[13Aug2026 02:00:08.308] [main/DEBUG] [mixin/]: Instancing new MixinPlatformAgentMinecraftForge for SecureJarResource(samplemod)
[13Aug2026 02:00:08.308] [main/DEBUG] [mixin/]: MixinPlatformAgentMinecraftForge rejected container SecureJarResource(samplemod)
[13Aug2026 02:00:08.308] [main/DEBUG] [mixin/]: Instancing new MixinPlatformAgentDefault for SecureJarResource(samplemod)
[13Aug2026 02:00:08.308] [main/DEBUG] [mixin/]: MixinPlatformAgentDefault accepted container SecureJarResource(samplemod)
[13Aug2026 02:00:08.308] [main/DEBUG] [mixin/]: Processing prepare() for PlatformAgent[MixinPlatformAgentDefault:SecureJarResource(samplemod)]
[13Aug2026 02:00:08.308] [main/DEBUG] [mixin/]: Adding mixin platform agents for container SecureJarResource(fml_events)
[13Aug2026 02:00:08.308] [main/DEBUG] [mixin/]: Instancing new MixinPlatformAgentMinecraftForge for SecureJarResource(fml_events)
[13Aug2026 02:00:08.308] [main/DEBUG] [mixin/]: MixinPlatformAgentMinecraftForge rejected container SecureJarResource(fml_events)
[13Aug2026 02:00:08.308] [main/DEBUG] [mixin/]: Instancing new MixinPlatformAgentDefault for SecureJarResource(fml_events)
[13Aug2026 02:00:08.308] [main/DEBUG] [mixin/]: MixinPlatformAgentDefault accepted container SecureJarResource(fml_events)
[13Aug2026 02:00:08.308] [main/DEBUG] [mixin/]: Processing prepare() for PlatformAgent[MixinPlatformAgentDefault:SecureJarResource(fml_events)]
[13Aug2026 02:00:08.308] [main/DEBUG] [mixin/]: inject() running with 6 agents
[13Aug2026 02:00:08.308] [main/DEBUG] [mixin/]: Processing inject() for PlatformAgent[MixinPlatformAgentDefault:ModLauncher Root Container(ModLauncher:4f56a0a2)]
[13Aug2026 02:00:08.308] [main/DEBUG] [mixin/]: Processing inject() for PlatformAgent[MixinPlatformAgentDefault:SecureJarResource(minecraft)]
[13Aug2026 02:00:08.308] [main/DEBUG] [mixin/]: Processing inject() for PlatformAgent[MixinPlatformAgentDefault:SecureJarResource(umapi)]
[13Aug2026 02:00:08.308] [main/DEBUG] [mixin/]: Processing inject() for PlatformAgent[MixinPlatformAgentDefault:SecureJarResource(forge)]
[13Aug2026 02:00:08.308] [main/DEBUG] [mixin/]: Processing inject() for PlatformAgent[MixinPlatformAgentDefault:SecureJarResource(samplemod)]
[13Aug2026 02:00:08.308] [main/DEBUG] [mixin/]: Processing inject() for PlatformAgent[MixinPlatformAgentDefault:SecureJarResource(fml_events)]
[13Aug2026 02:00:08.309] [main/INFO] [cpw.mods.modlauncher.LaunchServiceHandler/MODLAUNCHER]: Launching target 'forgeclientuserdev' with arguments [--version, MOD_DEV, --gameDir, ., --assetsDir, C:\Users\mattw\.gradle\caches\minecraft\assets, --assetIndex, asset-index]
[13Aug2026 02:00:08.309] [background-scan-handler-0/DEBUG] [net.minecraftforge.fml.loading.moddiscovery.Scanner/SCAN]: Scanning Mod File: C:\Users\mattw\Documents\Git\SampleMod\.gradle\repositories\ng_dummy_ng\net\neoforged\forge\1.20.1-47.1.106\forge-1.20.1-47.1.106.jar path net/minecraft/world/level/levelgen/DensityFunction$FunctionContext.class
[13Aug2026 02:00:08.310] [background-scan-handler-0/DEBUG] [net.minecraftforge.fml.loading.moddiscovery.Scanner/SCAN]: Scanning Mod File: C:\Users\mattw\Documents\Git\SampleMod\.gradle\repositories\ng_dummy_ng\net\neoforged\forge\1.20.1-47.1.106\forge-1.20.1-47.1.106.jar path net/minecraft/world/level/levelgen/DensityFunction$ContextProvider.class
[13Aug2026 02:00:08.310] [background-scan-handler-0/DEBUG] [net.minecraftforge.fml.loading.moddiscovery.Scanner/SCAN]: Scanning Mod File: C:\Users\mattw\Documents\Git\SampleMod\.gradle\repositories\ng_dummy_ng\net\neoforged\forge\1.20.1-47.1.106\forge-1.20.1-47.1.106.jar path net/minecraft/world/level/levelgen/Density.class
[13Aug2026 02:00:08.310] [background-scan-handler-0/DEBUG] [net.minecraftforge.fml.loading.moddiscovery.Scanner/SCAN]: Scanning Mod File: C:\Users\mattw\Documents\Git\SampleMod\.gradle\repositories\ng_dummy_ng\net\neoforged\forge\1.20.1-47.1.106\forge-1.20.1-47.1.106.jar path net/minecraft/world/level/levelgen/DebugLevelSource.class
[13Aug2026 02:00:08.312] [background-scan-handler-0/DEBUG] [net.minecraftforge.fml.loading.moddiscovery.Scanner/SCAN]: Scanning Mod File: C:\Users\mattw\Documents\Git\SampleMod\.gradle\repositories\ng_dummy_ng\net\neoforged\forge\1.20.1-47.1.106\forge-1.20.1-47.1.106.jar path net/minecraft/world/level/levelgen/Column.class
[13Aug2026 02:00:08.313] [background-scan-handler-0/DEBUG] [net.minecraftforge.fml.loading.moddiscovery.Scanner/SCAN]: Scanning Mod File: C:\Users\mattw\Documents\Git\SampleMod\.gradle\repositories\ng_dummy_ng\net\neoforged\forge\1.20.1-47.1.106\forge-1.20.1-47.1.106.jar path net/minecraft/world/level/levelgen/Column$Ray.class
[13Aug2026 02:00:08.313] [background-scan-handler-0/DEBUG] [net.minecraftforge.fml.loading.moddiscovery.Scanner/SCAN]: Scanning Mod File: C:\Users\mattw\Documents\Git\SampleMod\.gradle\repositories\ng_dummy_ng\net\neoforged\forge\1.20.1-47.1.106\forge-1.20.1-47.1.106.jar path net/minecraft/world/level/levelgen/Column$Range.class
[13Aug2026 02:00:08.313] [background-scan-handler-0/DEBUG] [net.minecraftforge.fml.loading.moddiscovery.Scanner/SCAN]: Scanning Mod File: C:\Users\mattw\Documents\Git\SampleMod\.gradle\repositories\ng_dummy_ng\net\neoforged\forge\1.20.1-47.1.106\forge-1.20.1-47.1.106.jar path net/minecraft/world/level/levelgen/Column$Line.class
[13Aug2026 02:00:08.313] [background-scan-handler-0/DEBUG] [net.minecraftforge.fml.loading.moddiscovery.Scanner/SCAN]: Scanning Mod File: C:\Users\mattw\Documents\Git\SampleMod\.gradle\repositories\ng_dummy_ng\net\neoforged\forge\1.20.1-47.1.106\forge-1.20.1-47.1.106.jar path net/minecraft/world/level/levelgen/carver/WorldCarver.class
[13Aug2026 02:00:08.315] [background-scan-handler-0/DEBUG] [net.minecraftforge.fml.loading.moddiscovery.Scanner/SCAN]: Scanning Mod File: C:\Users\mattw\Documents\Git\SampleMod\.gradle\repositories\ng_dummy_ng\net\neoforged\forge\1.20.1-47.1.106\forge-1.20.1-47.1.106.jar path net/minecraft/world/level/levelgen/carver/WorldCarver$CarveSkipChecker.class
[13Aug2026 02:00:08.315] [background-scan-handler-0/DEBUG] [net.minecraftforge.fml.loading.moddiscovery.Scanner/SCAN]: Scanning Mod File: C:\Users\mattw\Documents\Git\SampleMod\.gradle\repositories\ng_dummy_ng\net\neoforged\forge\1.20.1-47.1.106\forge-1.20.1-47.1.106.jar path net/minecraft/world/level/levelgen/carver/package-info.class
[13Aug2026 02:00:08.315] [background-scan-handler-0/DEBUG] [net.minecraftforge.fml.loading.moddiscovery.Scanner/SCAN]: Scanning Mod File: C:\Users\mattw\Documents\Git\SampleMod\.gradle\repositories\ng_dummy_ng\net\neoforged\forge\1.20.1-47.1.106\forge-1.20.1-47.1.106.jar path net/minecraft/world/level/levelgen/carver/NetherWorldCarver.class
[13Aug2026 02:00:08.315] [background-scan-handler-0/DEBUG] [net.minecraftforge.fml.loading.moddiscovery.Scanner/SCAN]: Scanning Mod File: C:\Users\mattw\Documents\Git\SampleMod\.gradle\repositories\ng_dummy_ng\net\neoforged\forge\1.20.1-47.1.106\forge-1.20.1-47.1.106.jar path net/minecraft/world/level/levelgen/carver/ConfiguredWorldCarver.class
[13Aug2026 02:00:08.318] [background-scan-handler-0/DEBUG] [net.minecraftforge.fml.loading.moddiscovery.Scanner/SCAN]: Scanning Mod File: C:\Users\mattw\Documents\Git\SampleMod\.gradle\repositories\ng_dummy_ng\net\neoforged\forge\1.20.1-47.1.106\forge-1.20.1-47.1.106.jar path net/minecraft/world/level/levelgen/carver/CaveWorldCarver.class
[13Aug2026 02:00:08.319] [background-scan-handler-0/DEBUG] [net.minecraftforge.fml.loading.moddiscovery.Scanner/SCAN]: Scanning Mod File: C:\Users\mattw\Documents\Git\SampleMod\.gradle\repositories\ng_dummy_ng\net\neoforged\forge\1.20.1-47.1.106\forge-1.20.1-47.1.106.jar path net/minecraft/world/level/levelgen/carver/CaveCarverConfiguration.class
[13Aug2026 02:00:08.321] [main/DEBUG] [net.minecraftforge.eventbus.EventBusEngine/EVENTBUS]: Loading EventBus transformers
[13Aug2026 02:00:08.320] [background-scan-handler-0/DEBUG] [net.minecraftforge.fml.loading.moddiscovery.Scanner/SCAN]: Scanning Mod File: C:\Users\mattw\Documents\Git\SampleMod\.gradle\repositories\ng_dummy_ng\net\neoforged\forge\1.20.1-47.1.106\forge-1.20.1-47.1.106.jar path net/minecraft/world/level/levelgen/carver/CarvingContext.class
[13Aug2026 02:00:08.329] [background-scan-handler-0/DEBUG] [net.minecraftforge.fml.loading.moddiscovery.Scanner/SCAN]: Scanning Mod File: C:\Users\mattw\Documents\Git\SampleMod\.gradle\repositories\ng_dummy_ng\net\neoforged\forge\1.20.1-47.1.106\forge-1.20.1-47.1.106.jar path net/minecraft/world/level/levelgen/carver/CarverDebugSettings.class
[13Aug2026 02:00:08.334] [background-scan-handler-0/DEBUG] [net.minecraftforge.fml.loading.moddiscovery.Scanner/SCAN]: Scanning Mod File: C:\Users\mattw\Documents\Git\SampleMod\.gradle\repositories\ng_dummy_ng\net\neoforged\forge\1.20.1-47.1.106\forge-1.20.1-47.1.106.jar path net/minecraft/world/level/levelgen/carver/CarverConfiguration.class
[13Aug2026 02:00:08.336] [background-scan-handler-0/DEBUG] [net.minecraftforge.fml.loading.moddiscovery.Scanner/SCAN]: Scanning Mod File: C:\Users\mattw\Documents\Git\SampleMod\.gradle\repositories\ng_dummy_ng\net\neoforged\forge\1.20.1-47.1.106\forge-1.20.1-47.1.106.jar path net/minecraft/world/level/levelgen/carver/CanyonWorldCarver.class
[13Aug2026 02:00:08.339] [background-scan-handler-0/DEBUG] [net.minecraftforge.fml.loading.moddiscovery.Scanner/SCAN]: Scanning Mod File: C:\Users\mattw\Documents\Git\SampleMod\.gradle\repositories\ng_dummy_ng\net\neoforged\forge\1.20.1-47.1.106\forge-1.20.1-47.1.106.jar path net/minecraft/world/level/levelgen/carver/CanyonCarverConfiguration.class
[13Aug2026 02:00:08.340] [background-scan-handler-0/DEBUG] [net.minecraftforge.fml.loading.moddiscovery.Scanner/SCAN]: Scanning Mod File: C:\Users\mattw\Documents\Git\SampleMod\.gradle\repositories\ng_dummy_ng\net\neoforged\forge\1.20.1-47.1.106\forge-1.20.1-47.1.106.jar path net/minecraft/world/level/levelgen/carver/CanyonCarverConfiguration$CanyonShapeConfiguration.class
[13Aug2026 02:00:08.341] [background-scan-handler-0/DEBUG] [net.minecraftforge.fml.loading.moddiscovery.Scanner/SCAN]: Scanning Mod File: C:\Users\mattw\Documents\Git\SampleMod\.gradle\repositories\ng_dummy_ng\net\neoforged\forge\1.20.1-47.1.106\forge-1.20.1-47.1.106.jar path net/minecraft/world/level/levelgen/blockpredicates/WouldSurvivePredicate.class
[13Aug2026 02:00:08.342] [background-scan-handler-0/DEBUG] [net.minecraftforge.fml.loading.moddiscovery.Scanner/SCAN]: Scanning Mod File: C:\Users\mattw\Documents\Git\SampleMod\.gradle\repositories\ng_dummy_ng\net\neoforged\forge\1.20.1-47.1.106\forge-1.20.1-47.1.106.jar path net/minecraft/world/level/levelgen/blockpredicates/TrueBlockPredicate.class
[13Aug2026 02:00:08.344] [background-scan-handler-0/DEBUG] [net.minecraftforge.fml.loading.moddiscovery.Scanner/SCAN]: Scanning Mod File: C:\Users\mattw\Documents\Git\SampleMod\.gradle\repositories\ng_dummy_ng\net\neoforged\forge\1.20.1-47.1.106\forge-1.20.1-47.1.106.jar path net/minecraft/world/level/levelgen/blockpredicates/StateTestingPredicate.class
[13Aug2026 02:00:08.344] [background-scan-handler-0/DEBUG] [net.minecraftforge.fml.loading.moddiscovery.Scanner/SCAN]: Scanning Mod File: C:\Users\mattw\Documents\Git\SampleMod\.gradle\repositories\ng_dummy_ng\net\neoforged\forge\1.20.1-47.1.106\forge-1.20.1-47.1.106.jar path net/minecraft/world/level/levelgen/blockpredicates/SolidPredicate.class
[13Aug2026 02:00:08.345] [background-scan-handler-0/DEBUG] [net.minecraftforge.fml.loading.moddiscovery.Scanner/SCAN]: Scanning Mod File: C:\Users\mattw\Documents\Git\SampleMod\.gradle\repositories\ng_dummy_ng\net\neoforged\forge\1.20.1-47.1.106\forge-1.20.1-47.1.106.jar path net/minecraft/world/level/levelgen/blockpredicates/ReplaceablePredicate.class
[13Aug2026 02:00:08.345] [background-scan-handler-0/DEBUG] [net.minecraftforge.fml.loading.moddiscovery.Scanner/SCAN]: Scanning Mod File: C:\Users\mattw\Documents\Git\SampleMod\.gradle\repositories\ng_dummy_ng\net\neoforged\forge\1.20.1-47.1.106\forge-1.20.1-47.1.106.jar path net/minecraft/world/level/levelgen/blockpredicates/package-info.class
[13Aug2026 02:00:08.345] [background-scan-handler-0/DEBUG] [net.minecraftforge.fml.loading.moddiscovery.Scanner/SCAN]: Scanning Mod File: C:\Users\mattw\Documents\Git\SampleMod\.gradle\repositories\ng_dummy_ng\net\neoforged\forge\1.20.1-47.1.106\forge-1.20.1-47.1.106.jar path net/minecraft/world/level/levelgen/blockpredicates/NotPredicate.class
[13Aug2026 02:00:08.345] [background-scan-handler-0/DEBUG] [net.minecraftforge.fml.loading.moddiscovery.Scanner/SCAN]: Scanning Mod File: C:\Users\mattw\Documents\Git\SampleMod\.gradle\repositories\ng_dummy_ng\net\neoforged\forge\1.20.1-47.1.106\forge-1.20.1-47.1.106.jar path net/minecraft/world/level/levelgen/blockpredicates/MatchingFluidsPredicate.class
[13Aug2026 02:00:08.347] [background-scan-handler-0/DEBUG] [net.minecraftforge.fml.loading.moddiscovery.Scanner/SCAN]: Scanning Mod File: C:\Users\mattw\Documents\Git\SampleMod\.gradle\repositories\ng_dummy_ng\net\neoforged\forge\1.20.1-47.1.106\forge-1.20.1-47.1.106.jar path net/minecraft/world/level/levelgen/blockpredicates/MatchingBlockTagPredicate.class
[13Aug2026 02:00:08.347] [background-scan-handler-0/DEBUG] [net.minecraftforge.fml.loading.moddiscovery.Scanner/SCAN]: Scanning Mod File: C:\Users\mattw\Documents\Git\SampleMod\.gradle\repositories\ng_dummy_ng\net\neoforged\forge\1.20.1-47.1.106\forge-1.20.1-47.1.106.jar path net/minecraft/world/level/levelgen/blockpredicates/MatchingBlocksPredicate.class
[13Aug2026 02:00:08.348] [background-scan-handler-0/DEBUG] [net.minecraftforge.fml.loading.moddiscovery.Scanner/SCAN]: Scanning Mod File: C:\Users\mattw\Documents\Git\SampleMod\.gradle\repositories\ng_dummy_ng\net\neoforged\forge\1.20.1-47.1.106\forge-1.20.1-47.1.106.jar path net/minecraft/world/level/levelgen/blockpredicates/InsideWorldBoundsPredicate.class
[13Aug2026 02:00:08.349] [background-scan-handler-0/DEBUG] [net.minecraftforge.fml.loading.moddiscovery.Scanner/SCAN]: Scanning Mod File: C:\Users\mattw\Documents\Git\SampleMod\.gradle\repositories\ng_dummy_ng\net\neoforged\forge\1.20.1-47.1.106\forge-1.20.1-47.1.106.jar path net/minecraft/world/level/levelgen/blockpredicates/HasSturdyFacePredicate.class
[13Aug2026 02:00:08.349] [background-scan-handler-0/DEBUG] [net.minecraftforge.fml.loading.moddiscovery.Scanner/SCAN]: Scanning Mod File: C:\Users\mattw\Documents\Git\SampleMod\.gradle\repositories\ng_dummy_ng\net\neoforged\forge\1.20.1-47.1.106\forge-1.20.1-47.1.106.jar path net/minecraft/world/level/levelgen/blockpredicates/CombiningPredicate.class
[13Aug2026 02:00:08.358] [background-scan-handler-0/DEBUG] [net.minecraftforge.fml.loading.moddiscovery.Scanner/SCAN]: Scanning Mod File: C:\Users\mattw\Documents\Git\SampleMod\.gradle\repositories\ng_dummy_ng\net\neoforged\forge\1.20.1-47.1.106\forge-1.20.1-47.1.106.jar path net/minecraft/world/level/levelgen/blockpredicates/BlockPredicateType.class
[13Aug2026 02:00:08.358] [background-scan-handler-0/DEBUG] [net.minecraftforge.fml.loading.moddiscovery.Scanner/SCAN]: Scanning Mod File: C:\Users\mattw\Documents\Git\SampleMod\.gradle\repositories\ng_dummy_ng\net\neoforged\forge\1.20.1-47.1.106\forge-1.20.1-47.1.106.jar path net/minecraft/world/level/levelgen/blockpredicates/BlockPredicate.class
[13Aug2026 02:00:08.359] [background-scan-handler-0/DEBUG] [net.minecraftforge.fml.loading.moddiscovery.Scanner/SCAN]: Scanning Mod File: C:\Users\mattw\Documents\Git\SampleMod\.gradle\repositories\ng_dummy_ng\net\neoforged\forge\1.20.1-47.1.106\forge-1.20.1-47.1.106.jar path net/minecraft/world/level/levelgen/blockpredicates/AnyOfPredicate.class
[13Aug2026 02:00:08.359] [background-scan-handler-0/DEBUG] [net.minecraftforge.fml.loading.moddiscovery.Scanner/SCAN]: Scanning Mod File: C:\Users\mattw\Documents\Git\SampleMod\.gradle\repositories\ng_dummy_ng\net\neoforged\forge\1.20.1-47.1.106\forge-1.20.1-47.1.106.jar path net/minecraft/world/level/levelgen/blockpredicates/AllOfPredicate.class
[13Aug2026 02:00:08.360] [background-scan-handler-0/DEBUG] [net.minecraftforge.fml.loading.moddiscovery.Scanner/SCAN]: Scanning Mod File: C:\Users\mattw\Documents\Git\SampleMod\.gradle\repositories\ng_dummy_ng\net\neoforged\forge\1.20.1-47.1.106\forge-1.20.1-47.1.106.jar path net/minecraft/world/level/levelgen/blending/package-info.class
[13Aug2026 02:00:08.363] [background-scan-handler-0/DEBUG] [net.minecraftforge.fml.loading.moddiscovery.Scanner/SCAN]: Scanning Mod File: C:\Users\mattw\Documents\Git\SampleMod\.gradle\repositories\ng_dummy_ng\net\neoforged\forge\1.20.1-47.1.106\forge-1.20.1-47.1.106.jar path net/minecraft/world/level/levelgen/blending/BlendingData.class
[13Aug2026 02:00:08.367] [background-scan-handler-0/DEBUG] [net.minecraftforge.fml.loading.moddiscovery.Scanner/SCAN]: Scanning Mod File: C:\Users\mattw\Documents\Git\SampleMod\.gradle\repositories\ng_dummy_ng\net\neoforged\forge\1.20.1-47.1.106\forge-1.20.1-47.1.106.jar path net/minecraft/world/level/levelgen/blending/BlendingData$HeightConsumer.class
[13Aug2026 02:00:08.368] [background-scan-handler-0/DEBUG] [net.minecraftforge.fml.loading.moddiscovery.Scanner/SCAN]: Scanning Mod File: C:\Users\mattw\Documents\Git\SampleMod\.gradle\repositories\ng_dummy_ng\net\neoforged\forge\1.20.1-47.1.106\forge-1.20.1-47.1.106.jar path net/minecraft/world/level/levelgen/blending/BlendingData$DensityConsumer.class
[13Aug2026 02:00:08.369] [background-scan-handler-0/DEBUG] [net.minecraftforge.fml.loading.moddiscovery.Scanner/SCAN]: Scanning Mod File: C:\Users\mattw\Documents\Git\SampleMod\.gradle\repositories\ng_dummy_ng\net\neoforged\forge\1.20.1-47.1.106\forge-1.20.1-47.1.106.jar path net/minecraft/world/level/levelgen/blending/BlendingData$BiomeConsumer.class
[13Aug2026 02:00:08.369] [background-scan-handler-0/DEBUG] [net.minecraftforge.fml.loading.moddiscovery.Scanner/SCAN]: Scanning Mod File: C:\Users\mattw\Documents\Git\SampleMod\.gradle\repositories\ng_dummy_ng\net\neoforged\forge\1.20.1-47.1.106\forge-1.20.1-47.1.106.jar path net/minecraft/world/level/levelgen/blending/Blender.class
[13Aug2026 02:00:08.371] [background-scan-handler-0/DEBUG] [net.minecraftforge.fml.loading.moddiscovery.Scanner/SCAN]: Scanning Mod File: C:\Users\mattw\Documents\Git\SampleMod\.gradle\repositories\ng_dummy_ng\net\neoforged\forge\1.20.1-47.1.106\forge-1.20.1-47.1.106.jar path net/minecraft/world/level/levelgen/blending/Blender$DistanceGetter.class
[13Aug2026 02:00:08.371] [background-scan-handler-0/DEBUG] [net.minecraftforge.fml.loading.moddiscovery.Scanner/SCAN]: Scanning Mod File: C:\Users\mattw\Documents\Git\SampleMod\.gradle\repositories\ng_dummy_ng\net\neoforged\forge\1.20.1-47.1.106\forge-1.20.1-47.1.106.jar path net/minecraft/world/level/levelgen/blending/Blender$CellValueGetter.class
[13Aug2026 02:00:08.371] [background-scan-handler-0/DEBUG] [net.minecraftforge.fml.loading.moddiscovery.Scanner/SCAN]: Scanning Mod File: C:\Users\mattw\Documents\Git\SampleMod\.gradle\repositories\ng_dummy_ng\net\neoforged\forge\1.20.1-47.1.106\forge-1.20.1-47.1.106.jar path net/minecraft/world/level/levelgen/blending/Blender$BlendingOutput.class
[13Aug2026 02:00:08.389] [background-scan-handler-0/DEBUG] [net.minecraftforge.fml.loading.moddiscovery.Scanner/SCAN]: Scanning Mod File: C:\Users\mattw\Documents\Git\SampleMod\.gradle\repositories\ng_dummy_ng\net\neoforged\forge\1.20.1-47.1.106\forge-1.20.1-47.1.106.jar path net/minecraft/world/level/levelgen/blending/Blender$1.class
[13Aug2026 02:00:08.391] [background-scan-handler-0/DEBUG] [net.minecraftforge.fml.loading.moddiscovery.Scanner/SCAN]: Scanning Mod File: C:\Users\mattw\Documents\Git\SampleMod\.gradle\repositories\ng_dummy_ng\net\neoforged\forge\1.20.1-47.1.106\forge-1.20.1-47.1.106.jar path net/minecraft/world/level/levelgen/BitRandomSource.class
[13Aug2026 02:00:08.394] [background-scan-handler-0/DEBUG] [net.minecraftforge.fml.loading.moddiscovery.Scanner/SCAN]: Scanning Mod File: C:\Users\mattw\Documents\Git\SampleMod\.gradle\repositories\ng_dummy_ng\net\neoforged\forge\1.20.1-47.1.106\forge-1.20.1-47.1.106.jar path net/minecraft/world/level/levelgen/BelowZeroRetrogen.class
[13Aug2026 02:00:08.409] [background-scan-handler-0/DEBUG] [net.minecraftforge.fml.loading.moddiscovery.Scanner/SCAN]: Scanning Mod File: C:\Users\mattw\Documents\Git\SampleMod\.gradle\repositories\ng_dummy_ng\net\neoforged\forge\1.20.1-47.1.106\forge-1.20.1-47.1.106.jar path net/minecraft/world/level/levelgen/BelowZeroRetrogen$1.class
[13Aug2026 02:00:08.410] [background-scan-handler-0/DEBUG] [net.minecraftforge.fml.loading.moddiscovery.Scanner/SCAN]: Scanning Mod File: C:\Users\mattw\Documents\Git\SampleMod\.gradle\repositories\ng_dummy_ng\net\neoforged\forge\1.20.1-47.1.106\forge-1.20.1-47.1.106.jar path net/minecraft/world/level/levelgen/Beardifier.class
[13Aug2026 02:00:08.411] [background-scan-handler-0/DEBUG] [net.minecraftforge.fml.loading.moddiscovery.Scanner/SCAN]: Scanning Mod File: C:\Users\mattw\Documents\Git\SampleMod\.gradle\repositories\ng_dummy_ng\net\neoforged\forge\1.20.1-47.1.106\forge-1.20.1-47.1.106.jar path net/minecraft/world/level/levelgen/Beardifier$Rigid.class
[13Aug2026 02:00:08.415] [background-scan-handler-0/DEBUG] [net.minecraftforge.fml.loading.moddiscovery.Scanner/SCAN]: Scanning Mod File: C:\Users\mattw\Documents\Git\SampleMod\.gradle\repositories\ng_dummy_ng\net\neoforged\forge\1.20.1-47.1.106\forge-1.20.1-47.1.106.jar path net/minecraft/world/level/levelgen/Beardifier$1.class
[13Aug2026 02:00:08.416] [background-scan-handler-0/DEBUG] [net.minecraftforge.fml.loading.moddiscovery.Scanner/SCAN]: Scanning Mod File: C:\Users\mattw\Documents\Git\SampleMod\.gradle\repositories\ng_dummy_ng\net\neoforged\forge\1.20.1-47.1.106\forge-1.20.1-47.1.106.jar path net/minecraft/world/level/levelgen/Aquifer.class
[13Aug2026 02:00:08.416] [background-scan-handler-0/DEBUG] [net.minecraftforge.fml.loading.moddiscovery.Scanner/SCAN]: Scanning Mod File: C:\Users\mattw\Documents\Git\SampleMod\.gradle\repositories\ng_dummy_ng\net\neoforged\forge\1.20.1-47.1.106\forge-1.20.1-47.1.106.jar path net/minecraft/world/level/levelgen/Aquifer$NoiseBasedAquifer.class
[13Aug2026 02:00:08.416] [background-scan-handler-0/DEBUG] [net.minecraftforge.fml.loading.moddiscovery.Scanner/SCAN]: Scanning Mod File: C:\Users\mattw\Documents\Git\SampleMod\.gradle\repositories\ng_dummy_ng\net\neoforged\forge\1.20.1-47.1.106\forge-1.20.1-47.1.106.jar path net/minecraft/world/level/levelgen/Aquifer$FluidStatus.class
[13Aug2026 02:00:08.419] [background-scan-handler-0/DEBUG] [net.minecraftforge.fml.loading.moddiscovery.Scanner/SCAN]: Scanning Mod File: C:\Users\mattw\Documents\Git\SampleMod\.gradle\repositories\ng_dummy_ng\net\neoforged\forge\1.20.1-47.1.106\forge-1.20.1-47.1.106.jar path net/minecraft/world/level/levelgen/Aquifer$FluidPicker.class
[13Aug2026 02:00:08.419] [background-scan-handler-0/DEBUG] [net.minecraftforge.fml.loading.moddiscovery.Scanner/SCAN]: Scanning Mod File: C:\Users\mattw\Documents\Git\SampleMod\.gradle\repositories\ng_dummy_ng\net\neoforged\forge\1.20.1-47.1.106\forge-1.20.1-47.1.106.jar path net/minecraft/world/level/levelgen/Aquifer$1.class
[13Aug2026 02:00:08.420] [background-scan-handler-0/DEBUG] [net.minecraftforge.fml.loading.moddiscovery.Scanner/SCAN]: Scanning Mod File: C:\Users\mattw\Documents\Git\SampleMod\.gradle\repositories\ng_dummy_ng\net\neoforged\forge\1.20.1-47.1.106\forge-1.20.1-47.1.106.jar path net/minecraft/world/level/LevelAccessor.class
[13Aug2026 02:00:08.421] [background-scan-handler-0/DEBUG] [net.minecraftforge.fml.loading.moddiscovery.Scanner/SCAN]: Scanning Mod File: C:\Users\mattw\Documents\Git\SampleMod\.gradle\repositories\ng_dummy_ng\net\neoforged\forge\1.20.1-47.1.106\forge-1.20.1-47.1.106.jar path net/minecraft/world/level/Level.class
[13Aug2026 02:00:08.425] [background-scan-handler-0/DEBUG] [net.minecraftforge.fml.loading.moddiscovery.Scanner/SCAN]: Scanning Mod File: C:\Users\mattw\Documents\Git\SampleMod\.gradle\repositories\ng_dummy_ng\net\neoforged\forge\1.20.1-47.1.106\forge-1.20.1-47.1.106.jar path net/minecraft/world/level/Level$ExplosionInteraction.class
[13Aug2026 02:00:08.426] [background-scan-handler-0/DEBUG] [net.minecraftforge.fml.loading.moddiscovery.Scanner/SCAN]: Scanning Mod File: C:\Users\mattw\Documents\Git\SampleMod\.gradle\repositories\ng_dummy_ng\net\neoforged\forge\1.20.1-47.1.106\forge-1.20.1-47.1.106.jar path net/minecraft/world/level/Level$2.class
[13Aug2026 02:00:08.426] [background-scan-handler-0/DEBUG] [net.minecraftforge.fml.loading.moddiscovery.Scanner/SCAN]: Scanning Mod File: C:\Users\mattw\Documents\Git\SampleMod\.gradle\repositories\ng_dummy_ng\net\neoforged\forge\1.20.1-47.1.106\forge-1.20.1-47.1.106.jar path net/minecraft/world/level/Level$1.class
[13Aug2026 02:00:08.427] [background-scan-handler-0/DEBUG] [net.minecraftforge.fml.loading.moddiscovery.Scanner/SCAN]: Scanning Mod File: C:\Users\mattw\Documents\Git\SampleMod\.gradle\repositories\ng_dummy_ng\net\neoforged\forge\1.20.1-47.1.106\forge-1.20.1-47.1.106.jar path net/minecraft/world/level/ItemLike.class
[13Aug2026 02:00:08.427] [background-scan-handler-0/DEBUG] [net.minecraftforge.fml.loading.moddiscovery.Scanner/SCAN]: Scanning Mod File: C:\Users\mattw\Documents\Git\SampleMod\.gradle\repositories\ng_dummy_ng\net\neoforged\forge\1.20.1-47.1.106\forge-1.20.1-47.1.106.jar path net/minecraft/world/level/GrassColor.class
[13Aug2026 02:00:08.478] [background-scan-handler-0/DEBUG] [net.minecraftforge.fml.loading.moddiscovery.Scanner/SCAN]: Scanning Mod File: C:\Users\mattw\Documents\Git\SampleMod\.gradle\repositories\ng_dummy_ng\net\neoforged\forge\1.20.1-47.1.106\forge-1.20.1-47.1.106.jar path net/minecraft/world/level/GameType.class
[13Aug2026 02:00:08.480] [background-scan-handler-0/DEBUG] [net.minecraftforge.fml.loading.moddiscovery.Scanner/SCAN]: Scanning Mod File: C:\Users\mattw\Documents\Git\SampleMod\.gradle\repositories\ng_dummy_ng\net\neoforged\forge\1.20.1-47.1.106\forge-1.20.1-47.1.106.jar path net/minecraft/world/level/GameRules.class
[13Aug2026 02:00:08.496] [background-scan-handler-0/DEBUG] [net.minecraftforge.fml.loading.moddiscovery.Scanner/SCAN]: Scanning Mod File: C:\Users\mattw\Documents\Git\SampleMod\.gradle\repositories\ng_dummy_ng\net\neoforged\forge\1.20.1-47.1.106\forge-1.20.1-47.1.106.jar path net/minecraft/world/level/GameRules$VisitorCaller.class
[13Aug2026 02:00:08.496] [background-scan-handler-0/DEBUG] [net.minecraftforge.fml.loading.moddiscovery.Scanner/SCAN]: Scanning Mod File: C:\Users\mattw\Documents\Git\SampleMod\.gradle\repositories\ng_dummy_ng\net\neoforged\forge\1.20.1-47.1.106\forge-1.20.1-47.1.106.jar path net/minecraft/world/level/GameRules$Value.class
[13Aug2026 02:00:08.499] [background-scan-handler-0/DEBUG] [net.minecraftforge.fml.loading.moddiscovery.Scanner/SCAN]: Scanning Mod File: C:\Users\mattw\Documents\Git\SampleMod\.gradle\repositories\ng_dummy_ng\net\neoforged\forge\1.20.1-47.1.106\forge-1.20.1-47.1.106.jar path net/minecraft/world/level/GameRules$Type.class
[13Aug2026 02:00:08.499] [background-scan-handler-0/DEBUG] [net.minecraftforge.fml.loading.moddiscovery.Scanner/SCAN]: Scanning Mod File: C:\Users\mattw\Documents\Git\SampleMod\.gradle\repositories\ng_dummy_ng\net\neoforged\forge\1.20.1-47.1.106\forge-1.20.1-47.1.106.jar path net/minecraft/world/level/GameRules$Key.class
[13Aug2026 02:00:08.499] [background-scan-handler-0/DEBUG] [net.minecraftforge.fml.loading.moddiscovery.Scanner/SCAN]: Scanning Mod File: C:\Users\mattw\Documents\Git\SampleMod\.gradle\repositories\ng_dummy_ng\net\neoforged\forge\1.20.1-47.1.106\forge-1.20.1-47.1.106.jar path net/minecraft/world/level/GameRules$IntegerValue.class
[13Aug2026 02:00:08.504] [background-scan-handler-0/DEBUG] [net.minecraftforge.fml.loading.moddiscovery.Scanner/SCAN]: Scanning Mod File: C:\Users\mattw\Documents\Git\SampleMod\.gradle\repositories\ng_dummy_ng\net\neoforged\forge\1.20.1-47.1.106\forge-1.20.1-47.1.106.jar path net/minecraft/world/level/GameRules$GameRuleTypeVisitor.class
[13Aug2026 02:00:08.504] [background-scan-handler-0/DEBUG] [net.minecraftforge.fml.loading.moddiscovery.Scanner/SCAN]: Scanning Mod File: C:\Users\mattw\Documents\Git\SampleMod\.gradle\repositories\ng_dummy_ng\net\neoforged\forge\1.20.1-47.1.106\forge-1.20.1-47.1.106.jar path net/minecraft/world/level/GameRules$Category.class
[13Aug2026 02:00:08.507] [background-scan-handler-0/DEBUG] [net.minecraftforge.fml.loading.moddiscovery.Scanner/SCAN]: Scanning Mod File: C:\Users\mattw\Documents\Git\SampleMod\.gradle\repositories\ng_dummy_ng\net\neoforged\forge\1.20.1-47.1.106\forge-1.20.1-47.1.106.jar path net/minecraft/world/level/GameRules$BooleanValue.class
[13Aug2026 02:00:08.517] [background-scan-handler-0/DEBUG] [net.minecraftforge.fml.loading.moddiscovery.Scanner/SCAN]: Scanning Mod File: C:\Users\mattw\Documents\Git\SampleMod\.gradle\repositories\ng_dummy_ng\net\neoforged\forge\1.20.1-47.1.106\forge-1.20.1-47.1.106.jar path net/minecraft/world/level/gameevent/vibrations/VibrationSystem.class
[13Aug2026 02:00:08.519] [background-scan-handler-0/DEBUG] [net.minecraftforge.fml.loading.moddiscovery.Scanner/SCAN]: Scanning Mod File: C:\Users\mattw\Documents\Git\SampleMod\.gradle\repositories\ng_dummy_ng\net\neoforged\forge\1.20.1-47.1.106\forge-1.20.1-47.1.106.jar path net/minecraft/world/level/gameevent/vibrations/VibrationSystem$User.class
[13Aug2026 02:00:08.520] [background-scan-handler-0/DEBUG] [net.minecraftforge.fml.loading.moddiscovery.Scanner/SCAN]: Scanning Mod File: C:\Users\mattw\Documents\Git\SampleMod\.gradle\repositories\ng_dummy_ng\net\neoforged\forge\1.20.1-47.1.106\forge-1.20.1-47.1.106.jar path net/minecraft/world/level/gameevent/vibrations/VibrationSystem$Ticker.class
[13Aug2026 02:00:08.522] [background-scan-handler-0/DEBUG] [net.minecraftforge.fml.loading.moddiscovery.Scanner/SCAN]: Scanning Mod File: C:\Users\mattw\Documents\Git\SampleMod\.gradle\repositories\ng_dummy_ng\net\neoforged\forge\1.20.1-47.1.106\forge-1.20.1-47.1.106.jar path net/minecraft/world/level/gameevent/vibrations/VibrationSystem$Listener.class
[13Aug2026 02:00:08.522] [background-scan-handler-0/DEBUG] [net.minecraftforge.fml.loading.moddiscovery.Scanner/SCAN]: Scanning Mod File: C:\Users\mattw\Documents\Git\SampleMod\.gradle\repositories\ng_dummy_ng\net\neoforged\forge\1.20.1-47.1.106\forge-1.20.1-47.1.106.jar path net/minecraft/world/level/gameevent/vibrations/VibrationSystem$Data.class
[13Aug2026 02:00:08.523] [background-scan-handler-0/DEBUG] [net.minecraftforge.fml.loading.moddiscovery.Scanner/SCAN]: Scanning Mod File: C:\Users\mattw\Documents\Git\SampleMod\.gradle\repositories\ng_dummy_ng\net\neoforged\forge\1.20.1-47.1.106\forge-1.20.1-47.1.106.jar path net/minecraft/world/level/gameevent/vibrations/VibrationSelector.class
[13Aug2026 02:00:08.524] [background-scan-handler-0/DEBUG] [net.minecraftforge.fml.loading.moddiscovery.Scanner/SCAN]: Scanning Mod File: C:\Users\mattw\Documents\Git\SampleMod\.gradle\repositories\ng_dummy_ng\net\neoforged\forge\1.20.1-47.1.106\forge-1.20.1-47.1.106.jar path net/minecraft/world/level/gameevent/vibrations/VibrationInfo.class
[13Aug2026 02:00:08.526] [background-scan-handler-0/DEBUG] [net.minecraftforge.fml.loading.moddiscovery.Scanner/SCAN]: Scanning Mod File: C:\Users\mattw\Documents\Git\SampleMod\.gradle\repositories\ng_dummy_ng\net\neoforged\forge\1.20.1-47.1.106\forge-1.20.1-47.1.106.jar path net/minecraft/world/level/gameevent/vibrations/package-info.class
[13Aug2026 02:00:08.526] [background-scan-handler-0/DEBUG] [net.minecraftforge.fml.loading.moddiscovery.Scanner/SCAN]: Scanning Mod File: C:\Users\mattw\Documents\Git\SampleMod\.gradle\repositories\ng_dummy_ng\net\neoforged\forge\1.20.1-47.1.106\forge-1.20.1-47.1.106.jar path net/minecraft/world/level/gameevent/PositionSourceType.class
[13Aug2026 02:00:08.528] [background-scan-handler-0/DEBUG] [net.minecraftforge.fml.loading.moddiscovery.Scanner/SCAN]: Scanning Mod File: C:\Users\mattw\Documents\Git\SampleMod\.gradle\repositories\ng_dummy_ng\net\neoforged\forge\1.20.1-47.1.106\forge-1.20.1-47.1.106.jar path net/minecraft/world/level/gameevent/PositionSource.class
[13Aug2026 02:00:08.528] [background-scan-handler-0/DEBUG] [net.minecraftforge.fml.loading.moddiscovery.Scanner/SCAN]: Scanning Mod File: C:\Users\mattw\Documents\Git\SampleMod\.gradle\repositories\ng_dummy_ng\net\neoforged\forge\1.20.1-47.1.106\forge-1.20.1-47.1.106.jar path net/minecraft/world/level/gameevent/package-info.class
[13Aug2026 02:00:08.528] [background-scan-handler-0/DEBUG] [net.minecraftforge.fml.loading.moddiscovery.Scanner/SCAN]: Scanning Mod File: C:\Users\mattw\Documents\Git\SampleMod\.gradle\repositories\ng_dummy_ng\net\neoforged\forge\1.20.1-47.1.106\forge-1.20.1-47.1.106.jar path net/minecraft/world/level/gameevent/GameEventListenerRegistry.class
[13Aug2026 02:00:08.528] [background-scan-handler-0/DEBUG] [net.minecraftforge.fml.loading.moddiscovery.Scanner/SCAN]: Scanning Mod File: C:\Users\mattw\Documents\Git\SampleMod\.gradle\repositories\ng_dummy_ng\net\neoforged\forge\1.20.1-47.1.106\forge-1.20.1-47.1.106.jar path net/minecraft/world/level/gameevent/GameEventListenerRegistry$ListenerVisitor.class
[13Aug2026 02:00:08.529] [background-scan-handler-0/DEBUG] [net.minecraftforge.fml.loading.moddiscovery.Scanner/SCAN]: Scanning Mod File: C:\Users\mattw\Documents\Git\SampleMod\.gradle\repositories\ng_dummy_ng\net\neoforged\forge\1.20.1-47.1.106\forge-1.20.1-47.1.106.jar path net/minecraft/world/level/gameevent/GameEventListenerRegistry$1.class
[13Aug2026 02:00:08.532] [background-scan-handler-0/DEBUG] [net.minecraftforge.fml.loading.moddiscovery.Scanner/SCAN]: Scanning Mod File: C:\Users\mattw\Documents\Git\SampleMod\.gradle\repositories\ng_dummy_ng\net\neoforged\forge\1.20.1-47.1.106\forge-1.20.1-47.1.106.jar path net/minecraft/world/level/gameevent/GameEventListener.class
[13Aug2026 02:00:08.532] [background-scan-handler-0/DEBUG] [net.minecraftforge.fml.loading.moddiscovery.Scanner/SCAN]: Scanning Mod File: C:\Users\mattw\Documents\Git\SampleMod\.gradle\repositories\ng_dummy_ng\net\neoforged\forge\1.20.1-47.1.106\forge-1.20.1-47.1.106.jar path net/minecraft/world/level/gameevent/GameEventListener$Holder.class
[13Aug2026 02:00:08.532] [background-scan-handler-0/DEBUG] [net.minecraftforge.fml.loading.moddiscovery.Scanner/SCAN]: Scanning Mod File: C:\Users\mattw\Documents\Git\SampleMod\.gradle\repositories\ng_dummy_ng\net\neoforged\forge\1.20.1-47.1.106\forge-1.20.1-47.1.106.jar path net/minecraft/world/level/gameevent/GameEventListener$DeliveryMode.class
[13Aug2026 02:00:08.532] [background-scan-handler-0/DEBUG] [net.minecraftforge.fml.loading.moddiscovery.Scanner/SCAN]: Scanning Mod File: C:\Users\mattw\Documents\Git\SampleMod\.gradle\repositories\ng_dummy_ng\net\neoforged\forge\1.20.1-47.1.106\forge-1.20.1-47.1.106.jar path net/minecraft/world/level/gameevent/GameEventDispatcher.class
[13Aug2026 02:00:08.533] [background-scan-handler-0/DEBUG] [net.minecraftforge.fml.loading.moddiscovery.Scanner/SCAN]: Scanning Mod File: C:\Users\mattw\Documents\Git\SampleMod\.gradle\repositories\ng_dummy_ng\net\neoforged\forge\1.20.1-47.1.106\forge-1.20.1-47.1.106.jar path net/minecraft/world/level/gameevent/GameEvent.class
[13Aug2026 02:00:08.533] [background-scan-handler-0/DEBUG] [net.minecraftforge.fml.loading.moddiscovery.Scanner/SCAN]: Scanning Mod File: C:\Users\mattw\Documents\Git\SampleMod\.gradle\repositories\ng_dummy_ng\net\neoforged\forge\1.20.1-47.1.106\forge-1.20.1-47.1.106.jar path net/minecraft/world/level/gameevent/GameEvent$ListenerInfo.class
[13Aug2026 02:00:08.534] [background-scan-handler-0/DEBUG] [net.minecraftforge.fml.loading.moddiscovery.Scanner/SCAN]: Scanning Mod File: C:\Users\mattw\Documents\Git\SampleMod\.gradle\repositories\ng_dummy_ng\net\neoforged\forge\1.20.1-47.1.106\forge-1.20.1-47.1.106.jar path net/minecraft/world/level/gameevent/GameEvent$Context.class
[13Aug2026 02:00:08.539] [background-scan-handler-0/DEBUG] [net.minecraftforge.fml.loading.moddiscovery.Scanner/SCAN]: Scanning Mod File: C:\Users\mattw\Documents\Git\SampleMod\.gradle\repositories\ng_dummy_ng\net\neoforged\forge\1.20.1-47.1.106\forge-1.20.1-47.1.106.jar path net/minecraft/world/level/gameevent/EuclideanGameEventListenerRegistry.class
[13Aug2026 02:00:08.540] [background-scan-handler-0/DEBUG] [net.minecraftforge.fml.loading.moddiscovery.Scanner/SCAN]: Scanning Mod File: C:\Users\mattw\Documents\Git\SampleMod\.gradle\repositories\ng_dummy_ng\net\neoforged\forge\1.20.1-47.1.106\forge-1.20.1-47.1.106.jar path net/minecraft/world/level/gameevent/EuclideanGameEventListenerRegistry$OnEmptyAction.class
[13Aug2026 02:00:08.540] [background-scan-handler-0/DEBUG] [net.minecraftforge.fml.loading.moddiscovery.Scanner/SCAN]: Scanning Mod File: C:\Users\mattw\Documents\Git\SampleMod\.gradle\repositories\ng_dummy_ng\net\neoforged\forge\1.20.1-47.1.106\forge-1.20.1-47.1.106.jar path net/minecraft/world/level/gameevent/EntityPositionSource.class
[13Aug2026 02:00:08.540] [background-scan-handler-0/DEBUG] [net.minecraftforge.fml.loading.moddiscovery.Scanner/SCAN]: Scanning Mod File: C:\Users\mattw\Documents\Git\SampleMod\.gradle\repositories\ng_dummy_ng\net\neoforged\forge\1.20.1-47.1.106\forge-1.20.1-47.1.106.jar path net/minecraft/world/level/gameevent/EntityPositionSource$Type.class
[13Aug2026 02:00:08.550] [background-scan-handler-0/DEBUG] [net.minecraftforge.fml.loading.moddiscovery.Scanner/SCAN]: Scanning Mod File: C:\Users\mattw\Documents\Git\SampleMod\.gradle\repositories\ng_dummy_ng\net\neoforged\forge\1.20.1-47.1.106\forge-1.20.1-47.1.106.jar path net/minecraft/world/level/gameevent/DynamicGameEventListener.class
[13Aug2026 02:00:08.550] [background-scan-handler-0/DEBUG] [net.minecraftforge.fml.loading.moddiscovery.Scanner/SCAN]: Scanning Mod File: C:\Users\mattw\Documents\Git\SampleMod\.gradle\repositories\ng_dummy_ng\net\neoforged\forge\1.20.1-47.1.106\forge-1.20.1-47.1.106.jar path net/minecraft/world/level/gameevent/BlockPositionSource.class
[13Aug2026 02:00:08.554] [background-scan-handler-0/DEBUG] [net.minecraftforge.fml.loading.moddiscovery.Scanner/SCAN]: Scanning Mod File: C:\Users\mattw\Documents\Git\SampleMod\.gradle\repositories\ng_dummy_ng\net\neoforged\forge\1.20.1-47.1.106\forge-1.20.1-47.1.106.jar path net/minecraft/world/level/gameevent/BlockPositionSource$Type.class
[13Aug2026 02:00:08.555] [background-scan-handler-0/DEBUG] [net.minecraftforge.fml.loading.moddiscovery.Scanner/SCAN]: Scanning Mod File: C:\Users\mattw\Documents\Git\SampleMod\.gradle\repositories\ng_dummy_ng\net\neoforged\forge\1.20.1-47.1.106\forge-1.20.1-47.1.106.jar path net/minecraft/world/level/ForcedChunksSavedData.class
[13Aug2026 02:00:08.555] [background-scan-handler-0/DEBUG] [net.minecraftforge.fml.loading.moddiscovery.Scanner/SCAN]: Scanning Mod File: C:\Users\mattw\Documents\Git\SampleMod\.gradle\repositories\ng_dummy_ng\net\neoforged\forge\1.20.1-47.1.106\forge-1.20.1-47.1.106.jar path net/minecraft/world/level/FoliageColor.class
[13Aug2026 02:00:08.556] [background-scan-handler-0/DEBUG] [net.minecraftforge.fml.loading.moddiscovery.Scanner/SCAN]: Scanning Mod File: C:\Users\mattw\Documents\Git\SampleMod\.gradle\repositories\ng_dummy_ng\net\neoforged\forge\1.20.1-47.1.106\forge-1.20.1-47.1.106.jar path net/minecraft/world/level/ExplosionDamageCalculator.class
[13Aug2026 02:00:08.556] [background-scan-handler-0/DEBUG] [net.minecraftforge.fml.loading.moddiscovery.Scanner/SCAN]: Scanning Mod File: C:\Users\mattw\Documents\Git\SampleMod\.gradle\repositories\ng_dummy_ng\net\neoforged\forge\1.20.1-47.1.106\forge-1.20.1-47.1.106.jar path net/minecraft/world/level/Explosion.class
[13Aug2026 02:00:08.558] [background-scan-handler-0/DEBUG] [net.minecraftforge.fml.loading.moddiscovery.Scanner/SCAN]: Scanning Mod File: C:\Users\mattw\Documents\Git\SampleMod\.gradle\repositories\ng_dummy_ng\net\neoforged\forge\1.20.1-47.1.106\forge-1.20.1-47.1.106.jar path net/minecraft/world/level/Explosion$BlockInteraction.class
[13Aug2026 02:00:08.558] [background-scan-handler-0/DEBUG] [net.minecraftforge.fml.loading.moddiscovery.Scanner/SCAN]: Scanning Mod File: C:\Users\mattw\Documents\Git\SampleMod\.gradle\repositories\ng_dummy_ng\net\neoforged\forge\1.20.1-47.1.106\forge-1.20.1-47.1.106.jar path net/minecraft/world/level/EntityGetter.class
[13Aug2026 02:00:08.559] [background-scan-handler-0/DEBUG] [net.minecraftforge.fml.loading.moddiscovery.Scanner/SCAN]: Scanning Mod File: C:\Users\mattw\Documents\Git\SampleMod\.gradle\repositories\ng_dummy_ng\net\neoforged\forge\1.20.1-47.1.106\forge-1.20.1-47.1.106.jar path net/minecraft/world/level/EntityBasedExplosionDamageCalculator.class
[13Aug2026 02:00:08.559] [background-scan-handler-0/DEBUG] [net.minecraftforge.fml.loading.moddiscovery.Scanner/SCAN]: Scanning Mod File: C:\Users\mattw\Documents\Git\SampleMod\.gradle\repositories\ng_dummy_ng\net\neoforged\forge\1.20.1-47.1.106\forge-1.20.1-47.1.106.jar path net/minecraft/world/level/entity/Visibility.class
[13Aug2026 02:00:08.560] [background-scan-handler-0/DEBUG] [net.minecraftforge.fml.loading.moddiscovery.Scanner/SCAN]: Scanning Mod File: C:\Users\mattw\Documents\Git\SampleMod\.gradle\repositories\ng_dummy_ng\net\neoforged\forge\1.20.1-47.1.106\forge-1.20.1-47.1.106.jar path net/minecraft/world/level/entity/TransientEntitySectionManager.class
[13Aug2026 02:00:08.560] [background-scan-handler-0/DEBUG] [net.minecraftforge.fml.loading.moddiscovery.Scanner/SCAN]: Scanning Mod File: C:\Users\mattw\Documents\Git\SampleMod\.gradle\repositories\ng_dummy_ng\net\neoforged\forge\1.20.1-47.1.106\forge-1.20.1-47.1.106.jar path net/minecraft/world/level/entity/TransientEntitySectionManager$Callback.class
[13Aug2026 02:00:08.561] [background-scan-handler-0/DEBUG] [net.minecraftforge.fml.loading.moddiscovery.Scanner/SCAN]: Scanning Mod File: C:\Users\mattw\Documents\Git\SampleMod\.gradle\repositories\ng_dummy_ng\net\neoforged\forge\1.20.1-47.1.106\forge-1.20.1-47.1.106.jar path net/minecraft/world/level/entity/PersistentEntitySectionManager.class
[13Aug2026 02:00:08.562] [background-scan-handler-0/DEBUG] [net.minecraftforge.fml.loading.moddiscovery.Scanner/SCAN]: Scanning Mod File: C:\Users\mattw\Documents\Git\SampleMod\.gradle\repositories\ng_dummy_ng\net\neoforged\forge\1.20.1-47.1.106\forge-1.20.1-47.1.106.jar path net/minecraft/world/level/entity/PersistentEntitySectionManager$ChunkLoadStatus.class
[13Aug2026 02:00:08.562] [background-scan-handler-0/DEBUG] [net.minecraftforge.fml.loading.moddiscovery.Scanner/SCAN]: Scanning Mod File: C:\Users\mattw\Documents\Git\SampleMod\.gradle\repositories\ng_dummy_ng\net\neoforged\forge\1.20.1-47.1.106\forge-1.20.1-47.1.106.jar path net/minecraft/world/level/entity/PersistentEntitySectionManager$Callback.class
[13Aug2026 02:00:08.564] [background-scan-handler-0/DEBUG] [net.minecraftforge.fml.loading.moddiscovery.Scanner/SCAN]: Scanning Mod File: C:\Users\mattw\Documents\Git\SampleMod\.gradle\repositories\ng_dummy_ng\net\neoforged\forge\1.20.1-47.1.106\forge-1.20.1-47.1.106.jar path net/minecraft/world/level/entity/package-info.class
[13Aug2026 02:00:08.564] [background-scan-handler-0/DEBUG] [net.minecraftforge.fml.loading.moddiscovery.Scanner/SCAN]: Scanning Mod File: C:\Users\mattw\Documents\Git\SampleMod\.gradle\repositories\ng_dummy_ng\net\neoforged\forge\1.20.1-47.1.106\forge-1.20.1-47.1.106.jar path net/minecraft/world/level/entity/LevelEntityGetterAdapter.class
[13Aug2026 02:00:08.566] [background-scan-handler-0/DEBUG] [net.minecraftforge.fml.loading.moddiscovery.Scanner/SCAN]: Scanning Mod File: C:\Users\mattw\Documents\Git\SampleMod\.gradle\repositories\ng_dummy_ng\net\neoforged\forge\1.20.1-47.1.106\forge-1.20.1-47.1.106.jar path net/minecraft/world/level/entity/LevelEntityGetter.class
[13Aug2026 02:00:08.566] [background-scan-handler-0/DEBUG] [net.minecraftforge.fml.loading.moddiscovery.Scanner/SCAN]: Scanning Mod File: C:\Users\mattw\Documents\Git\SampleMod\.gradle\repositories\ng_dummy_ng\net\neoforged\forge\1.20.1-47.1.106\forge-1.20.1-47.1.106.jar path net/minecraft/world/level/entity/LevelCallback.class
[13Aug2026 02:00:08.567] [background-scan-handler-0/DEBUG] [net.minecraftforge.fml.loading.moddiscovery.Scanner/SCAN]: Scanning Mod File: C:\Users\mattw\Documents\Git\SampleMod\.gradle\repositories\ng_dummy_ng\net\neoforged\forge\1.20.1-47.1.106\forge-1.20.1-47.1.106.jar path net/minecraft/world/level/entity/EntityTypeTest.class
[13Aug2026 02:00:08.569] [background-scan-handler-0/DEBUG] [net.minecraftforge.fml.loading.moddiscovery.Scanner/SCAN]: Scanning Mod File: C:\Users\mattw\Documents\Git\SampleMod\.gradle\repositories\ng_dummy_ng\net\neoforged\forge\1.20.1-47.1.106\forge-1.20.1-47.1.106.jar path net/minecraft/world/level/entity/EntityTypeTest$1.class
[13Aug2026 02:00:08.569] [background-scan-handler-0/DEBUG] [net.minecraftforge.fml.loading.moddiscovery.Scanner/SCAN]: Scanning Mod File: C:\Users\mattw\Documents\Git\SampleMod\.gradle\repositories\ng_dummy_ng\net\neoforged\forge\1.20.1-47.1.106\forge-1.20.1-47.1.106.jar path net/minecraft/world/level/entity/EntityTickList.class
[13Aug2026 02:00:08.570] [background-scan-handler-0/DEBUG] [net.minecraftforge.fml.loading.moddiscovery.Scanner/SCAN]: Scanning Mod File: C:\Users\mattw\Documents\Git\SampleMod\.gradle\repositories\ng_dummy_ng\net\neoforged\forge\1.20.1-47.1.106\forge-1.20.1-47.1.106.jar path net/minecraft/world/level/entity/EntitySectionStorage.class
[13Aug2026 02:00:08.570] [background-scan-handler-0/DEBUG] [net.minecraftforge.fml.loading.moddiscovery.Scanner/SCAN]: Scanning Mod File: C:\Users\mattw\Documents\Git\SampleMod\.gradle\repositories\ng_dummy_ng\net\neoforged\forge\1.20.1-47.1.106\forge-1.20.1-47.1.106.jar path net/minecraft/world/level/entity/EntitySection.class
[13Aug2026 02:00:08.570] [background-scan-handler-0/DEBUG] [net.minecraftforge.fml.loading.moddiscovery.Scanner/SCAN]: Scanning Mod File: C:\Users\mattw\Documents\Git\SampleMod\.gradle\repositories\ng_dummy_ng\net\neoforged\forge\1.20.1-47.1.106\forge-1.20.1-47.1.106.jar path net/minecraft/world/level/entity/EntityPersistentStorage.class
[13Aug2026 02:00:08.572] [background-scan-handler-0/DEBUG] [net.minecraftforge.fml.loading.moddiscovery.Scanner/SCAN]: Scanning Mod File: C:\Users\mattw\Documents\Git\SampleMod\.gradle\repositories\ng_dummy_ng\net\neoforged\forge\1.20.1-47.1.106\forge-1.20.1-47.1.106.jar path net/minecraft/world/level/entity/EntityLookup.class
[13Aug2026 02:00:08.573] [background-scan-handler-0/DEBUG] [net.minecraftforge.fml.loading.moddiscovery.Scanner/SCAN]: Scanning Mod File: C:\Users\mattw\Documents\Git\SampleMod\.gradle\repositories\ng_dummy_ng\net\neoforged\forge\1.20.1-47.1.106\forge-1.20.1-47.1.106.jar path net/minecraft/world/level/entity/EntityInLevelCallback.class
[13Aug2026 02:00:08.573] [background-scan-handler-0/DEBUG] [net.minecraftforge.fml.loading.moddiscovery.Scanner/SCAN]: Scanning Mod File: C:\Users\mattw\Documents\Git\SampleMod\.gradle\repositories\ng_dummy_ng\net\neoforged\forge\1.20.1-47.1.106\forge-1.20.1-47.1.106.jar path net/minecraft/world/level/entity/EntityInLevelCallback$1.class
[13Aug2026 02:00:08.573] [background-scan-handler-0/DEBUG] [net.minecraftforge.fml.loading.moddiscovery.Scanner/SCAN]: Scanning Mod File: C:\Users\mattw\Documents\Git\SampleMod\.gradle\repositories\ng_dummy_ng\net\neoforged\forge\1.20.1-47.1.106\forge-1.20.1-47.1.106.jar path net/minecraft/world/level/entity/EntityAccess.class
[13Aug2026 02:00:08.574] [background-scan-handler-0/DEBUG] [net.minecraftforge.fml.loading.moddiscovery.Scanner/SCAN]: Scanning Mod File: C:\Users\mattw\Documents\Git\SampleMod\.gradle\repositories\ng_dummy_ng\net\neoforged\forge\1.20.1-47.1.106\forge-1.20.1-47.1.106.jar path net/minecraft/world/level/entity/ChunkStatusUpdateListener.class
[13Aug2026 02:00:08.612] [background-scan-handler-0/DEBUG] [net.minecraftforge.fml.loading.moddiscovery.Scanner/SCAN]: Scanning Mod File: C:\Users\mattw\Documents\Git\SampleMod\.gradle\repositories\ng_dummy_ng\net\neoforged\forge\1.20.1-47.1.106\forge-1.20.1-47.1.106.jar path net/minecraft/world/level/entity/ChunkEntities.class
[13Aug2026 02:00:08.613] [background-scan-handler-0/DEBUG] [net.minecraftforge.fml.loading.moddiscovery.Scanner/SCAN]: Scanning Mod File: C:\Users\mattw\Documents\Git\SampleMod\.gradle\repositories\ng_dummy_ng\net\neoforged\forge\1.20.1-47.1.106\forge-1.20.1-47.1.106.jar path net/minecraft/world/level/EmptyBlockGetter.class
[13Aug2026 02:00:08.614] [background-scan-handler-0/DEBUG] [net.minecraftforge.fml.loading.moddiscovery.Scanner/SCAN]: Scanning Mod File: C:\Users\mattw\Documents\Git\SampleMod\.gradle\repositories\ng_dummy_ng\net\neoforged\forge\1.20.1-47.1.106\forge-1.20.1-47.1.106.jar path net/minecraft/world/level/dimension/package-info.class
[13Aug2026 02:00:08.614] [background-scan-handler-0/DEBUG] [net.minecraftforge.fml.loading.moddiscovery.Scanner/SCAN]: Scanning Mod File: C:\Users\mattw\Documents\Git\SampleMod\.gradle\repositories\ng_dummy_ng\net\neoforged\forge\1.20.1-47.1.106\forge-1.20.1-47.1.106.jar path net/minecraft/world/level/dimension/LevelStem.class
[13Aug2026 02:00:08.615] [background-scan-handler-0/DEBUG] [net.minecraftforge.fml.loading.moddiscovery.Scanner/SCAN]: Scanning Mod File: C:\Users\mattw\Documents\Git\SampleMod\.gradle\repositories\ng_dummy_ng\net\neoforged\forge\1.20.1-47.1.106\forge-1.20.1-47.1.106.jar path net/minecraft/world/level/dimension/end/package-info.class
[13Aug2026 02:00:08.615] [background-scan-handler-0/DEBUG] [net.minecraftforge.fml.loading.moddiscovery.Scanner/SCAN]: Scanning Mod File: C:\Users\mattw\Documents\Git\SampleMod\.gradle\repositories\ng_dummy_ng\net\neoforged\forge\1.20.1-47.1.106\forge-1.20.1-47.1.106.jar path net/minecraft/world/level/dimension/end/EndDragonFight.class
[13Aug2026 02:00:08.616] [background-scan-handler-0/DEBUG] [net.minecraftforge.fml.loading.moddiscovery.Scanner/SCAN]: Scanning Mod File: C:\Users\mattw\Documents\Git\SampleMod\.gradle\repositories\ng_dummy_ng\net\neoforged\forge\1.20.1-47.1.106\forge-1.20.1-47.1.106.jar path net/minecraft/world/level/dimension/end/EndDragonFight$Data.class
[13Aug2026 02:00:08.616] [background-scan-handler-0/DEBUG] [net.minecraftforge.fml.loading.moddiscovery.Scanner/SCAN]: Scanning Mod File: C:\Users\mattw\Documents\Git\SampleMod\.gradle\repositories\ng_dummy_ng\net\neoforged\forge\1.20.1-47.1.106\forge-1.20.1-47.1.106.jar path net/minecraft/world/level/dimension/end/DragonRespawnAnimation.class
[13Aug2026 02:00:08.617] [background-scan-handler-0/DEBUG] [net.minecraftforge.fml.loading.moddiscovery.Scanner/SCAN]: Scanning Mod File: C:\Users\mattw\Documents\Git\SampleMod\.gradle\repositories\ng_dummy_ng\net\neoforged\forge\1.20.1-47.1.106\forge-1.20.1-47.1.106.jar path net/minecraft/world/level/dimension/end/DragonRespawnAnimation$5.class
[13Aug2026 02:00:08.617] [background-scan-handler-0/DEBUG] [net.minecraftforge.fml.loading.moddiscovery.Scanner/SCAN]: Scanning Mod File: C:\Users\mattw\Documents\Git\SampleMod\.gradle\repositories\ng_dummy_ng\net\neoforged\forge\1.20.1-47.1.106\forge-1.20.1-47.1.106.jar path net/minecraft/world/level/dimension/end/DragonRespawnAnimation$4.class
[13Aug2026 02:00:08.617] [background-scan-handler-0/DEBUG] [net.minecraftforge.fml.loading.moddiscovery.Scanner/SCAN]: Scanning Mod File: C:\Users\mattw\Documents\Git\SampleMod\.gradle\repositories\ng_dummy_ng\net\neoforged\forge\1.20.1-47.1.106\forge-1.20.1-47.1.106.jar path net/minecraft/world/level/dimension/end/DragonRespawnAnimation$3.class
[13Aug2026 02:00:08.617] [background-scan-handler-0/DEBUG] [net.minecraftforge.fml.loading.moddiscovery.Scanner/SCAN]: Scanning Mod File: C:\Users\mattw\Documents\Git\SampleMod\.gradle\repositories\ng_dummy_ng\net\neoforged\forge\1.20.1-47.1.106\forge-1.20.1-47.1.106.jar path net/minecraft/world/level/dimension/end/DragonRespawnAnimation$2.class
[13Aug2026 02:00:08.617] [background-scan-handler-0/DEBUG] [net.minecraftforge.fml.loading.moddiscovery.Scanner/SCAN]: Scanning Mod File: C:\Users\mattw\Documents\Git\SampleMod\.gradle\repositories\ng_dummy_ng\net\neoforged\forge\1.20.1-47.1.106\forge-1.20.1-47.1.106.jar path net/minecraft/world/level/dimension/end/DragonRespawnAnimation$1.class
[13Aug2026 02:00:08.618] [background-scan-handler-0/DEBUG] [net.minecraftforge.fml.loading.moddiscovery.Scanner/SCAN]: Scanning Mod File: C:\Users\mattw\Documents\Git\SampleMod\.gradle\repositories\ng_dummy_ng\net\neoforged\forge\1.20.1-47.1.106\forge-1.20.1-47.1.106.jar path net/minecraft/world/level/dimension/DimensionType.class
[13Aug2026 02:00:08.618] [background-scan-handler-0/DEBUG] [net.minecraftforge.fml.loading.moddiscovery.Scanner/SCAN]: Scanning Mod File: C:\Users\mattw\Documents\Git\SampleMod\.gradle\repositories\ng_dummy_ng\net\neoforged\forge\1.20.1-47.1.106\forge-1.20.1-47.1.106.jar path net/minecraft/world/level/dimension/DimensionType$MonsterSettings.class
[13Aug2026 02:00:08.619] [background-scan-handler-0/DEBUG] [net.minecraftforge.fml.loading.moddiscovery.Scanner/SCAN]: Scanning Mod File: C:\Users\mattw\Documents\Git\SampleMod\.gradle\repositories\ng_dummy_ng\net\neoforged\forge\1.20.1-47.1.106\forge-1.20.1-47.1.106.jar path net/minecraft/world/level/dimension/DimensionDefaults.class
[13Aug2026 02:00:08.619] [background-scan-handler-0/DEBUG] [net.minecraftforge.fml.loading.moddiscovery.Scanner/SCAN]: Scanning Mod File: C:\Users\mattw\Documents\Git\SampleMod\.gradle\repositories\ng_dummy_ng\net\neoforged\forge\1.20.1-47.1.106\forge-1.20.1-47.1.106.jar path net/minecraft/world/level/dimension/BuiltinDimensionTypes.class
[13Aug2026 02:00:08.620] [background-scan-handler-0/DEBUG] [net.minecraftforge.fml.loading.moddiscovery.Scanner/SCAN]: Scanning Mod File: C:\Users\mattw\Documents\Git\SampleMod\.gradle\repositories\ng_dummy_ng\net\neoforged\forge\1.20.1-47.1.106\forge-1.20.1-47.1.106.jar path net/minecraft/world/level/DataPackConfig.class
[13Aug2026 02:00:08.620] [background-scan-handler-0/DEBUG] [net.minecraftforge.fml.loading.moddiscovery.Scanner/SCAN]: Scanning Mod File: C:\Users\mattw\Documents\Git\SampleMod\.gradle\repositories\ng_dummy_ng\net\neoforged\forge\1.20.1-47.1.106\forge-1.20.1-47.1.106.jar path net/minecraft/world/level/CustomSpawner.class
[13Aug2026 02:00:08.620] [background-scan-handler-0/DEBUG] [net.minecraftforge.fml.loading.moddiscovery.Scanner/SCAN]: Scanning Mod File: C:\Users\mattw\Documents\Git\SampleMod\.gradle\repositories\ng_dummy_ng\net\neoforged\forge\1.20.1-47.1.106\forge-1.20.1-47.1.106.jar path net/minecraft/world/level/CommonLevelAccessor.class
[13Aug2026 02:00:08.620] [background-scan-handler-0/DEBUG] [net.minecraftforge.fml.loading.moddiscovery.Scanner/SCAN]: Scanning Mod File: C:\Users\mattw\Documents\Git\SampleMod\.gradle\repositories\ng_dummy_ng\net\neoforged\forge\1.20.1-47.1.106\forge-1.20.1-47.1.106.jar path net/minecraft/world/level/ColorResolver.class
[13Aug2026 02:00:08.622] [background-scan-handler-0/DEBUG] [net.minecraftforge.fml.loading.moddiscovery.Scanner/SCAN]: Scanning Mod File: C:\Users\mattw\Documents\Git\SampleMod\.gradle\repositories\ng_dummy_ng\net\neoforged\forge\1.20.1-47.1.106\forge-1.20.1-47.1.106.jar path net/minecraft/world/level/CollisionGetter.class
[13Aug2026 02:00:08.625] [background-scan-handler-0/DEBUG] [net.minecraftforge.fml.loading.moddiscovery.Scanner/SCAN]: Scanning Mod File: C:\Users\mattw\Documents\Git\SampleMod\.gradle\repositories\ng_dummy_ng\net\neoforged\forge\1.20.1-47.1.106\forge-1.20.1-47.1.106.jar path net/minecraft/world/level/ClipContext.class
[13Aug2026 02:00:08.625] [background-scan-handler-0/DEBUG] [net.minecraftforge.fml.loading.moddiscovery.Scanner/SCAN]: Scanning Mod File: C:\Users\mattw\Documents\Git\SampleMod\.gradle\repositories\ng_dummy_ng\net\neoforged\forge\1.20.1-47.1.106\forge-1.20.1-47.1.106.jar path net/minecraft/world/level/ClipContext$ShapeGetter.class
[13Aug2026 02:00:08.625] [background-scan-handler-0/DEBUG] [net.minecraftforge.fml.loading.moddiscovery.Scanner/SCAN]: Scanning Mod File: C:\Users\mattw\Documents\Git\SampleMod\.gradle\repositories\ng_dummy_ng\net\neoforged\forge\1.20.1-47.1.106\forge-1.20.1-47.1.106.jar path net/minecraft/world/level/ClipContext$Fluid.class
[13Aug2026 02:00:08.625] [background-scan-handler-0/DEBUG] [net.minecraftforge.fml.loading.moddiscovery.Scanner/SCAN]: Scanning Mod File: C:\Users\mattw\Documents\Git\SampleMod\.gradle\repositories\ng_dummy_ng\net\neoforged\forge\1.20.1-47.1.106\forge-1.20.1-47.1.106.jar path net/minecraft/world/level/ClipContext$Block.class
[13Aug2026 02:00:08.626] [background-scan-handler-0/DEBUG] [net.minecraftforge.fml.loading.moddiscovery.Scanner/SCAN]: Scanning Mod File: C:\Users\mattw\Documents\Git\SampleMod\.gradle\repositories\ng_dummy_ng\net\neoforged\forge\1.20.1-47.1.106\forge-1.20.1-47.1.106.jar path net/minecraft/world/level/ClipBlockStateContext.class
[13Aug2026 02:00:08.627] [background-scan-handler-0/DEBUG] [net.minecraftforge.fml.loading.moddiscovery.Scanner/SCAN]: Scanning Mod File: C:\Users\mattw\Documents\Git\SampleMod\.gradle\repositories\ng_dummy_ng\net\neoforged\forge\1.20.1-47.1.106\forge-1.20.1-47.1.106.jar path net/minecraft/world/level/ChunkPos.class
[13Aug2026 02:00:08.627] [background-scan-handler-0/DEBUG] [net.minecraftforge.fml.loading.moddiscovery.Scanner/SCAN]: Scanning Mod File: C:\Users\mattw\Documents\Git\SampleMod\.gradle\repositories\ng_dummy_ng\net\neoforged\forge\1.20.1-47.1.106\forge-1.20.1-47.1.106.jar path net/minecraft/world/level/ChunkPos$1.class
[13Aug2026 02:00:08.628] [background-scan-handler-0/DEBUG] [net.minecraftforge.fml.loading.moddiscovery.Scanner/SCAN]: Scanning Mod File: C:\Users\mattw\Documents\Git\SampleMod\.gradle\repositories\ng_dummy_ng\net\neoforged\forge\1.20.1-47.1.106\forge-1.20.1-47.1.106.jar path net/minecraft/world/level/chunk/UpgradeData.class
[13Aug2026 02:00:08.628] [background-scan-handler-0/DEBUG] [net.minecraftforge.fml.loading.moddiscovery.Scanner/SCAN]: Scanning Mod File: C:\Users\mattw\Documents\Git\SampleMod\.gradle\repositories\ng_dummy_ng\net\neoforged\forge\1.20.1-47.1.106\forge-1.20.1-47.1.106.jar path net/minecraft/world/level/chunk/UpgradeData$BlockFixers.class
[13Aug2026 02:00:08.628] [background-scan-handler-0/DEBUG] [net.minecraftforge.fml.loading.moddiscovery.Scanner/SCAN]: Scanning Mod File: C:\Users\mattw\Documents\Git\SampleMod\.gradle\repositories\ng_dummy_ng\net\neoforged\forge\1.20.1-47.1.106\forge-1.20.1-47.1.106.jar path net/minecraft/world/level/chunk/UpgradeData$BlockFixers$5.class
[13Aug2026 02:00:08.629] [background-scan-handler-0/DEBUG] [net.minecraftforge.fml.loading.moddiscovery.Scanner/SCAN]: Scanning Mod File: C:\Users\mattw\Documents\Git\SampleMod\.gradle\repositories\ng_dummy_ng\net\neoforged\forge\1.20.1-47.1.106\forge-1.20.1-47.1.106.jar path net/minecraft/world/level/chunk/UpgradeData$BlockFixers$4.class
[13Aug2026 02:00:08.629] [background-scan-handler-0/DEBUG] [net.minecraftforge.fml.loading.moddiscovery.Scanner/SCAN]: Scanning Mod File: C:\Users\mattw\Documents\Git\SampleMod\.gradle\repositories\ng_dummy_ng\net\neoforged\forge\1.20.1-47.1.106\forge-1.20.1-47.1.106.jar path net/minecraft/world/level/chunk/UpgradeData$BlockFixers$3.class
[13Aug2026 02:00:08.630] [background-scan-handler-0/DEBUG] [net.minecraftforge.fml.loading.moddiscovery.Scanner/SCAN]: Scanning Mod File: C:\Users\mattw\Documents\Git\SampleMod\.gradle\repositories\ng_dummy_ng\net\neoforged\forge\1.20.1-47.1.106\forge-1.20.1-47.1.106.jar path net/minecraft/world/level/chunk/UpgradeData$BlockFixers$2.class
[13Aug2026 02:00:08.630] [background-scan-handler-0/DEBUG] [net.minecraftforge.fml.loading.moddiscovery.Scanner/SCAN]: Scanning Mod File: C:\Users\mattw\Documents\Git\SampleMod\.gradle\repositories\ng_dummy_ng\net\neoforged\forge\1.20.1-47.1.106\forge-1.20.1-47.1.106.jar path net/minecraft/world/level/chunk/UpgradeData$BlockFixers$1.class
[13Aug2026 02:00:08.630] [background-scan-handler-0/DEBUG] [net.minecraftforge.fml.loading.moddiscovery.Scanner/SCAN]: Scanning Mod File: C:\Users\mattw\Documents\Git\SampleMod\.gradle\repositories\ng_dummy_ng\net\neoforged\forge\1.20.1-47.1.106\forge-1.20.1-47.1.106.jar path net/minecraft/world/level/chunk/UpgradeData$BlockFixer.class
[13Aug2026 02:00:08.630] [background-scan-handler-0/DEBUG] [net.minecraftforge.fml.loading.moddiscovery.Scanner/SCAN]: Scanning Mod File: C:\Users\mattw\Documents\Git\SampleMod\.gradle\repositories\ng_dummy_ng\net\neoforged\forge\1.20.1-47.1.106\forge-1.20.1-47.1.106.jar path net/minecraft/world/level/chunk/StructureAccess.class
[13Aug2026 02:00:08.632] [background-scan-handler-0/DEBUG] [net.minecraftforge.fml.loading.moddiscovery.Scanner/SCAN]: Scanning Mod File: C:\Users\mattw\Documents\Git\SampleMod\.gradle\repositories\ng_dummy_ng\net\neoforged\forge\1.20.1-47.1.106\forge-1.20.1-47.1.106.jar path net/minecraft/world/level/chunk/storage/SectionStorage.class
[13Aug2026 02:00:08.634] [background-scan-handler-0/DEBUG] [net.minecraftforge.fml.loading.moddiscovery.Scanner/SCAN]: Scanning Mod File: C:\Users\mattw\Documents\Git\SampleMod\.gradle\repositories\ng_dummy_ng\net\neoforged\forge\1.20.1-47.1.106\forge-1.20.1-47.1.106.jar path net/minecraft/world/level/chunk/storage/RegionFileVersion.class
[13Aug2026 02:00:08.634] [background-scan-handler-0/DEBUG] [net.minecraftforge.fml.loading.moddiscovery.Scanner/SCAN]: Scanning Mod File: C:\Users\mattw\Documents\Git\SampleMod\.gradle\repositories\ng_dummy_ng\net\neoforged\forge\1.20.1-47.1.106\forge-1.20.1-47.1.106.jar path net/minecraft/world/level/chunk/storage/RegionFileVersion$StreamWrapper.class
[13Aug2026 02:00:08.634] [background-scan-handler-0/DEBUG] [net.minecraftforge.fml.loading.moddiscovery.Scanner/SCAN]: Scanning Mod File: C:\Users\mattw\Documents\Git\SampleMod\.gradle\repositories\ng_dummy_ng\net\neoforged\forge\1.20.1-47.1.106\forge-1.20.1-47.1.106.jar path net/minecraft/world/level/chunk/storage/RegionFileStorage.class
[13Aug2026 02:00:08.635] [background-scan-handler-0/DEBUG] [net.minecraftforge.fml.loading.moddiscovery.Scanner/SCAN]: Scanning Mod File: C:\Users\mattw\Documents\Git\SampleMod\.gradle\repositories\ng_dummy_ng\net\neoforged\forge\1.20.1-47.1.106\forge-1.20.1-47.1.106.jar path net/minecraft/world/level/chunk/storage/RegionFile.class
[13Aug2026 02:00:08.635] [background-scan-handler-0/DEBUG] [net.minecraftforge.fml.loading.moddiscovery.Scanner/SCAN]: Scanning Mod File: C:\Users\mattw\Documents\Git\SampleMod\.gradle\repositories\ng_dummy_ng\net\neoforged\forge\1.20.1-47.1.106\forge-1.20.1-47.1.106.jar path net/minecraft/world/level/chunk/storage/RegionFile$CommitOp.class
[13Aug2026 02:00:08.635] [background-scan-handler-0/DEBUG] [net.minecraftforge.fml.loading.moddiscovery.Scanner/SCAN]: Scanning Mod File: C:\Users\mattw\Documents\Git\SampleMod\.gradle\repositories\ng_dummy_ng\net\neoforged\forge\1.20.1-47.1.106\forge-1.20.1-47.1.106.jar path net/minecraft/world/level/chunk/storage/RegionFile$ChunkBuffer.class
[13Aug2026 02:00:08.637] [background-scan-handler-0/DEBUG] [net.minecraftforge.fml.loading.moddiscovery.Scanner/SCAN]: Scanning Mod File: C:\Users\mattw\Documents\Git\SampleMod\.gradle\repositories\ng_dummy_ng\net\neoforged\forge\1.20.1-47.1.106\forge-1.20.1-47.1.106.jar path net/minecraft/world/level/chunk/storage/RegionBitmap.class
[13Aug2026 02:00:08.637] [background-scan-handler-0/DEBUG] [net.minecraftforge.fml.loading.moddiscovery.Scanner/SCAN]: Scanning Mod File: C:\Users\mattw\Documents\Git\SampleMod\.gradle\repositories\ng_dummy_ng\net\neoforged\forge\1.20.1-47.1.106\forge-1.20.1-47.1.106.jar path net/minecraft/world/level/chunk/storage/package-info.class
[13Aug2026 02:00:08.637] [background-scan-handler-0/DEBUG] [net.minecraftforge.fml.loading.moddiscovery.Scanner/SCAN]: Scanning Mod File: C:\Users\mattw\Documents\Git\SampleMod\.gradle\repositories\ng_dummy_ng\net\neoforged\forge\1.20.1-47.1.106\forge-1.20.1-47.1.106.jar path net/minecraft/world/level/chunk/storage/IOWorker.class
[13Aug2026 02:00:08.638] [background-scan-handler-0/DEBUG] [net.minecraftforge.fml.loading.moddiscovery.Scanner/SCAN]: Scanning Mod File: C:\Users\mattw\Documents\Git\SampleMod\.gradle\repositories\ng_dummy_ng\net\neoforged\forge\1.20.1-47.1.106\forge-1.20.1-47.1.106.jar path net/minecraft/world/level/chunk/storage/IOWorker$Priority.class
[13Aug2026 02:00:08.638] [background-scan-handler-0/DEBUG] [net.minecraftforge.fml.loading.moddiscovery.Scanner/SCAN]: Scanning Mod File: C:\Users\mattw\Documents\Git\SampleMod\.gradle\repositories\ng_dummy_ng\net\neoforged\forge\1.20.1-47.1.106\forge-1.20.1-47.1.106.jar path net/minecraft/world/level/chunk/storage/IOWorker$PendingStore.class
[13Aug2026 02:00:08.638] [background-scan-handler-0/DEBUG] [net.minecraftforge.fml.loading.moddiscovery.Scanner/SCAN]: Scanning Mod File: C:\Users\mattw\Documents\Git\SampleMod\.gradle\repositories\ng_dummy_ng\net\neoforged\forge\1.20.1-47.1.106\forge-1.20.1-47.1.106.jar path net/minecraft/world/level/chunk/storage/EntityStorage.class
[13Aug2026 02:00:08.639] [background-scan-handler-0/DEBUG] [net.minecraftforge.fml.loading.moddiscovery.Scanner/SCAN]: Scanning Mod File: C:\Users\mattw\Documents\Git\SampleMod\.gradle\repositories\ng_dummy_ng\net\neoforged\forge\1.20.1-47.1.106\forge-1.20.1-47.1.106.jar path net/minecraft/world/level/chunk/storage/ChunkStorage.class
[13Aug2026 02:00:08.640] [background-scan-handler-0/DEBUG] [net.minecraftforge.fml.loading.moddiscovery.Scanner/SCAN]: Scanning Mod File: C:\Users\mattw\Documents\Git\SampleMod\.gradle\repositories\ng_dummy_ng\net\neoforged\forge\1.20.1-47.1.106\forge-1.20.1-47.1.106.jar path net/minecraft/world/level/chunk/storage/ChunkSerializer.class
[13Aug2026 02:00:08.641] [background-scan-handler-0/DEBUG] [net.minecraftforge.fml.loading.moddiscovery.Scanner/SCAN]: Scanning Mod File: C:\Users\mattw\Documents\Git\SampleMod\.gradle\repositories\ng_dummy_ng\net\neoforged\forge\1.20.1-47.1.106\forge-1.20.1-47.1.106.jar path net/minecraft/world/level/chunk/storage/ChunkScanAccess.class
[13Aug2026 02:00:08.641] [background-scan-handler-0/DEBUG] [net.minecraftforge.fml.loading.moddiscovery.Scanner/SCAN]: Scanning Mod File: C:\Users\mattw\Documents\Git\SampleMod\.gradle\repositories\ng_dummy_ng\net\neoforged\forge\1.20.1-47.1.106\forge-1.20.1-47.1.106.jar path net/minecraft/world/level/chunk/SingleValuePalette.class
[13Aug2026 02:00:08.642] [background-scan-handler-0/DEBUG] [net.minecraftforge.fml.loading.moddiscovery.Scanner/SCAN]: Scanning Mod File: C:\Users\mattw\Documents\Git\SampleMod\.gradle\repositories\ng_dummy_ng\net\neoforged\forge\1.20.1-47.1.106\forge-1.20.1-47.1.106.jar path net/minecraft/world/level/chunk/ProtoChunk.class
[13Aug2026 02:00:08.642] [background-scan-handler-0/DEBUG] [net.minecraftforge.fml.loading.moddiscovery.Scanner/SCAN]: Scanning Mod File: C:\Users\mattw\Documents\Git\SampleMod\.gradle\repositories\ng_dummy_ng\net\neoforged\forge\1.20.1-47.1.106\forge-1.20.1-47.1.106.jar path net/minecraft/world/level/chunk/PaletteResize.class
[13Aug2026 02:00:08.642] [background-scan-handler-0/DEBUG] [net.minecraftforge.fml.loading.moddiscovery.Scanner/SCAN]: Scanning Mod File: C:\Users\mattw\Documents\Git\SampleMod\.gradle\repositories\ng_dummy_ng\net\neoforged\forge\1.20.1-47.1.106\forge-1.20.1-47.1.106.jar path net/minecraft/world/level/chunk/PalettedContainerRO.class
[13Aug2026 02:00:08.643] [background-scan-handler-0/DEBUG] [net.minecraftforge.fml.loading.moddiscovery.Scanner/SCAN]: Scanning Mod File: C:\Users\mattw\Documents\Git\SampleMod\.gradle\repositories\ng_dummy_ng\net\neoforged\forge\1.20.1-47.1.106\forge-1.20.1-47.1.106.jar path net/minecraft/world/level/chunk/PalettedContainerRO$Unpacker.class
[13Aug2026 02:00:08.643] [background-scan-handler-0/DEBUG] [net.minecraftforge.fml.loading.moddiscovery.Scanner/SCAN]: Scanning Mod File: C:\Users\mattw\Documents\Git\SampleMod\.gradle\repositories\ng_dummy_ng\net\neoforged\forge\1.20.1-47.1.106\forge-1.20.1-47.1.106.jar path net/minecraft/world/level/chunk/PalettedContainerRO$PackedData.class
[13Aug2026 02:00:08.643] [background-scan-handler-0/DEBUG] [net.minecraftforge.fml.loading.moddiscovery.Scanner/SCAN]: Scanning Mod File: C:\Users\mattw\Documents\Git\SampleMod\.gradle\repositories\ng_dummy_ng\net\neoforged\forge\1.20.1-47.1.106\forge-1.20.1-47.1.106.jar path net/minecraft/world/level/chunk/PalettedContainer.class
[13Aug2026 02:00:08.645] [background-scan-handler-0/DEBUG] [net.minecraftforge.fml.loading.moddiscovery.Scanner/SCAN]: Scanning Mod File: C:\Users\mattw\Documents\Git\SampleMod\.gradle\repositories\ng_dummy_ng\net\neoforged\forge\1.20.1-47.1.106\forge-1.20.1-47.1.106.jar path net/minecraft/world/level/chunk/PalettedContainer$Strategy.class
[13Aug2026 02:00:08.646] [background-scan-handler-0/DEBUG] [net.minecraftforge.fml.loading.moddiscovery.Scanner/SCAN]: Scanning Mod File: C:\Users\mattw\Documents\Git\SampleMod\.gradle\repositories\ng_dummy_ng\net\neoforged\forge\1.20.1-47.1.106\forge-1.20.1-47.1.106.jar path net/minecraft/world/level/chunk/PalettedContainer$Strategy$2.class
[13Aug2026 02:00:08.646] [background-scan-handler-0/DEBUG] [net.minecraftforge.fml.loading.moddiscovery.Scanner/SCAN]: Scanning Mod File: C:\Users\mattw\Documents\Git\SampleMod\.gradle\repositories\ng_dummy_ng\net\neoforged\forge\1.20.1-47.1.106\forge-1.20.1-47.1.106.jar path net/minecraft/world/level/chunk/PalettedContainer$Strategy$1.class
[13Aug2026 02:00:08.646] [background-scan-handler-0/DEBUG] [net.minecraftforge.fml.loading.moddiscovery.Scanner/SCAN]: Scanning Mod File: C:\Users\mattw\Documents\Git\SampleMod\.gradle\repositories\ng_dummy_ng\net\neoforged\forge\1.20.1-47.1.106\forge-1.20.1-47.1.106.jar path net/minecraft/world/level/chunk/PalettedContainer$Data.class
[13Aug2026 02:00:08.646] [background-scan-handler-0/DEBUG] [net.minecraftforge.fml.loading.moddiscovery.Scanner/SCAN]: Scanning Mod File: C:\Users\mattw\Documents\Git\SampleMod\.gradle\repositories\ng_dummy_ng\net\neoforged\forge\1.20.1-47.1.106\forge-1.20.1-47.1.106.jar path net/minecraft/world/level/chunk/PalettedContainer$CountConsumer.class
[13Aug2026 02:00:08.648] [background-scan-handler-0/DEBUG] [net.minecraftforge.fml.loading.moddiscovery.Scanner/SCAN]: Scanning Mod File: C:\Users\mattw\Documents\Git\SampleMod\.gradle\repositories\ng_dummy_ng\net\neoforged\forge\1.20.1-47.1.106\forge-1.20.1-47.1.106.jar path net/minecraft/world/level/chunk/PalettedContainer$Configuration.class
[13Aug2026 02:00:08.648] [background-scan-handler-0/DEBUG] [net.minecraftforge.fml.loading.moddiscovery.Scanner/SCAN]: Scanning Mod File: C:\Users\mattw\Documents\Git\SampleMod\.gradle\repositories\ng_dummy_ng\net\neoforged\forge\1.20.1-47.1.106\forge-1.20.1-47.1.106.jar path net/minecraft/world/level/chunk/Palette.class
[13Aug2026 02:00:08.648] [background-scan-handler-0/DEBUG] [net.minecraftforge.fml.loading.moddiscovery.Scanner/SCAN]: Scanning Mod File: C:\Users\mattw\Documents\Git\SampleMod\.gradle\repositories\ng_dummy_ng\net\neoforged\forge\1.20.1-47.1.106\forge-1.20.1-47.1.106.jar path net/minecraft/world/level/chunk/Palette$Factory.class
[13Aug2026 02:00:08.648] [background-scan-handler-0/DEBUG] [net.minecraftforge.fml.loading.moddiscovery.Scanner/SCAN]: Scanning Mod File: C:\Users\mattw\Documents\Git\SampleMod\.gradle\repositories\ng_dummy_ng\net\neoforged\forge\1.20.1-47.1.106\forge-1.20.1-47.1.106.jar path net/minecraft/world/level/chunk/package-info.class
[13Aug2026 02:00:08.648] [background-scan-handler-0/DEBUG] [net.minecraftforge.fml.loading.moddiscovery.Scanner/SCAN]: Scanning Mod File: C:\Users\mattw\Documents\Git\SampleMod\.gradle\repositories\ng_dummy_ng\net\neoforged\forge\1.20.1-47.1.106\forge-1.20.1-47.1.106.jar path net/minecraft/world/level/chunk/MissingPaletteEntryException.class
[13Aug2026 02:00:08.648] [background-scan-handler-0/DEBUG] [net.minecraftforge.fml.loading.moddiscovery.Scanner/SCAN]: Scanning Mod File: C:\Users\mattw\Documents\Git\SampleMod\.gradle\repositories\ng_dummy_ng\net\neoforged\forge\1.20.1-47.1.106\forge-1.20.1-47.1.106.jar path net/minecraft/world/level/chunk/LinearPalette.class
[13Aug2026 02:00:08.648] [background-scan-handler-0/DEBUG] [net.minecraftforge.fml.loading.moddiscovery.Scanner/SCAN]: Scanning Mod File: C:\Users\mattw\Documents\Git\SampleMod\.gradle\repositories\ng_dummy_ng\net\neoforged\forge\1.20.1-47.1.106\forge-1.20.1-47.1.106.jar path net/minecraft/world/level/chunk/LightChunkGetter.class
[13Aug2026 02:00:08.649] [background-scan-handler-0/DEBUG] [net.minecraftforge.fml.loading.moddiscovery.Scanner/SCAN]: Scanning Mod File: C:\Users\mattw\Documents\Git\SampleMod\.gradle\repositories\ng_dummy_ng\net\neoforged\forge\1.20.1-47.1.106\forge-1.20.1-47.1.106.jar path net/minecraft/world/level/chunk/LightChunk.class
[13Aug2026 02:00:08.649] [background-scan-handler-0/DEBUG] [net.minecraftforge.fml.loading.moddiscovery.Scanner/SCAN]: Scanning Mod File: C:\Users\mattw\Documents\Git\SampleMod\.gradle\repositories\ng_dummy_ng\net\neoforged\forge\1.20.1-47.1.106\forge-1.20.1-47.1.106.jar path net/minecraft/world/level/chunk/LevelChunkSection.class
[13Aug2026 02:00:08.650] [background-scan-handler-0/DEBUG] [net.minecraftforge.fml.loading.moddiscovery.Scanner/SCAN]: Scanning Mod File: C:\Users\mattw\Documents\Git\SampleMod\.gradle\repositories\ng_dummy_ng\net\neoforged\forge\1.20.1-47.1.106\forge-1.20.1-47.1.106.jar path net/minecraft/world/level/chunk/LevelChunkSection$1BlockCounter.class
[13Aug2026 02:00:08.650] [background-scan-handler-0/DEBUG] [net.minecraftforge.fml.loading.moddiscovery.Scanner/SCAN]: Scanning Mod File: C:\Users\mattw\Documents\Git\SampleMod\.gradle\repositories\ng_dummy_ng\net\neoforged\forge\1.20.1-47.1.106\forge-1.20.1-47.1.106.jar path net/minecraft/world/level/chunk/LevelChunk.class
[13Aug2026 02:00:08.652] [background-scan-handler-0/DEBUG] [net.minecraftforge.fml.loading.moddiscovery.Scanner/SCAN]: Scanning Mod File: C:\Users\mattw\Documents\Git\SampleMod\.gradle\repositories\ng_dummy_ng\net\neoforged\forge\1.20.1-47.1.106\forge-1.20.1-47.1.106.jar path net/minecraft/world/level/chunk/LevelChunk$RebindableTickingBlockEntityWrapper.class
[13Aug2026 02:00:08.653] [background-scan-handler-0/DEBUG] [net.minecraftforge.fml.loading.moddiscovery.Scanner/SCAN]: Scanning Mod File: C:\Users\mattw\Documents\Git\SampleMod\.gradle\repositories\ng_dummy_ng\net\neoforged\forge\1.20.1-47.1.106\forge-1.20.1-47.1.106.jar path net/minecraft/world/level/chunk/LevelChunk$PostLoadProcessor.class
[13Aug2026 02:00:08.653] [background-scan-handler-0/DEBUG] [net.minecraftforge.fml.loading.moddiscovery.Scanner/SCAN]: Scanning Mod File: C:\Users\mattw\Documents\Git\SampleMod\.gradle\repositories\ng_dummy_ng\net\neoforged\forge\1.20.1-47.1.106\forge-1.20.1-47.1.106.jar path net/minecraft/world/level/chunk/LevelChunk$EntityCreationType.class
[13Aug2026 02:00:08.653] [background-scan-handler-0/DEBUG] [net.minecraftforge.fml.loading.moddiscovery.Scanner/SCAN]: Scanning Mod File: C:\Users\mattw\Documents\Git\SampleMod\.gradle\repositories\ng_dummy_ng\net\neoforged\forge\1.20.1-47.1.106\forge-1.20.1-47.1.106.jar path net/minecraft/world/level/chunk/LevelChunk$BoundTickingBlockEntity.class
[13Aug2026 02:00:08.655] [background-scan-handler-0/DEBUG] [net.minecraftforge.fml.loading.moddiscovery.Scanner/SCAN]: Scanning Mod File: C:\Users\mattw\Documents\Git\SampleMod\.gradle\repositories\ng_dummy_ng\net\neoforged\forge\1.20.1-47.1.106\forge-1.20.1-47.1.106.jar path net/minecraft/world/level/chunk/LevelChunk$1.class
[13Aug2026 02:00:08.655] [background-scan-handler-0/DEBUG] [net.minecraftforge.fml.loading.moddiscovery.Scanner/SCAN]: Scanning Mod File: C:\Users\mattw\Documents\Git\SampleMod\.gradle\repositories\ng_dummy_ng\net\neoforged\forge\1.20.1-47.1.106\forge-1.20.1-47.1.106.jar path net/minecraft/world/level/chunk/ImposterProtoChunk.class
[13Aug2026 02:00:08.655] [background-scan-handler-0/DEBUG] [net.minecraftforge.fml.loading.moddiscovery.Scanner/SCAN]: Scanning Mod File: C:\Users\mattw\Documents\Git\SampleMod\.gradle\repositories\ng_dummy_ng\net\neoforged\forge\1.20.1-47.1.106\forge-1.20.1-47.1.106.jar path net/minecraft/world/level/chunk/HashMapPalette.class
[13Aug2026 02:00:08.655] [background-scan-handler-0/DEBUG] [net.minecraftforge.fml.loading.moddiscovery.Scanner/SCAN]: Scanning Mod File: C:\Users\mattw\Documents\Git\SampleMod\.gradle\repositories\ng_dummy_ng\net\neoforged\forge\1.20.1-47.1.106\forge-1.20.1-47.1.106.jar path net/minecraft/world/level/chunk/GlobalPalette.class
[13Aug2026 02:00:08.655] [background-scan-handler-0/DEBUG] [net.minecraftforge.fml.loading.moddiscovery.Scanner/SCAN]: Scanning Mod File: C:\Users\mattw\Documents\Git\SampleMod\.gradle\repositories\ng_dummy_ng\net\neoforged\forge\1.20.1-47.1.106\forge-1.20.1-47.1.106.jar path net/minecraft/world/level/chunk/EmptyLevelChunk.class
[13Aug2026 02:00:08.655] [background-scan-handler-0/DEBUG] [net.minecraftforge.fml.loading.moddiscovery.Scanner/SCAN]: Scanning Mod File: C:\Users\mattw\Documents\Git\SampleMod\.gradle\repositories\ng_dummy_ng\net\neoforged\forge\1.20.1-47.1.106\forge-1.20.1-47.1.106.jar path net/minecraft/world/level/chunk/DataLayer.class
[13Aug2026 02:00:08.657] [background-scan-handler-0/DEBUG] [net.minecraftforge.fml.loading.moddiscovery.Scanner/SCAN]: Scanning Mod File: C:\Users\mattw\Documents\Git\SampleMod\.gradle\repositories\ng_dummy_ng\net\neoforged\forge\1.20.1-47.1.106\forge-1.20.1-47.1.106.jar path net/minecraft/world/level/chunk/ChunkStatus.class
[13Aug2026 02:00:08.657] [background-scan-handler-0/DEBUG] [net.minecraftforge.fml.loading.moddiscovery.Scanner/SCAN]: Scanning Mod File: C:\Users\mattw\Documents\Git\SampleMod\.gradle\repositories\ng_dummy_ng\net\neoforged\forge\1.20.1-47.1.106\forge-1.20.1-47.1.106.jar path net/minecraft/world/level/chunk/ChunkStatus$SimpleGenerationTask.class
[13Aug2026 02:00:08.658] [background-scan-handler-0/DEBUG] [net.minecraftforge.fml.loading.moddiscovery.Scanner/SCAN]: Scanning Mod File: C:\Users\mattw\Documents\Git\SampleMod\.gradle\repositories\ng_dummy_ng\net\neoforged\forge\1.20.1-47.1.106\forge-1.20.1-47.1.106.jar path net/minecraft/world/level/chunk/ChunkStatus$LoadingTask.class
[13Aug2026 02:00:08.658] [background-scan-handler-0/DEBUG] [net.minecraftforge.fml.loading.moddiscovery.Scanner/SCAN]: Scanning Mod File: C:\Users\mattw\Documents\Git\SampleMod\.gradle\repositories\ng_dummy_ng\net\neoforged\forge\1.20.1-47.1.106\forge-1.20.1-47.1.106.jar path net/minecraft/world/level/chunk/ChunkStatus$GenerationTask.class
[13Aug2026 02:00:08.658] [background-scan-handler-0/DEBUG] [net.minecraftforge.fml.loading.moddiscovery.Scanner/SCAN]: Scanning Mod File: C:\Users\mattw\Documents\Git\SampleMod\.gradle\repositories\ng_dummy_ng\net\neoforged\forge\1.20.1-47.1.106\forge-1.20.1-47.1.106.jar path net/minecraft/world/level/chunk/ChunkStatus$ChunkType.class
[13Aug2026 02:00:08.659] [background-scan-handler-0/DEBUG] [net.minecraftforge.fml.loading.moddiscovery.Scanner/SCAN]: Scanning Mod File: C:\Users\mattw\Documents\Git\SampleMod\.gradle\repositories\ng_dummy_ng\net\neoforged\forge\1.20.1-47.1.106\forge-1.20.1-47.1.106.jar path net/minecraft/world/level/chunk/ChunkSource.class
[13Aug2026 02:00:08.661] [background-scan-handler-0/DEBUG] [net.minecraftforge.fml.loading.moddiscovery.Scanner/SCAN]: Scanning Mod File: C:\Users\mattw\Documents\Git\SampleMod\.gradle\repositories\ng_dummy_ng\net\neoforged\forge\1.20.1-47.1.106\forge-1.20.1-47.1.106.jar path net/minecraft/world/level/chunk/ChunkGeneratorStructureState.class
[13Aug2026 02:00:08.662] [background-scan-handler-0/DEBUG] [net.minecraftforge.fml.loading.moddiscovery.Scanner/SCAN]: Scanning Mod File: C:\Users\mattw\Documents\Git\SampleMod\.gradle\repositories\ng_dummy_ng\net\neoforged\forge\1.20.1-47.1.106\forge-1.20.1-47.1.106.jar path net/minecraft/world/level/chunk/ChunkGenerators.class
[13Aug2026 02:00:08.663] [background-scan-handler-0/DEBUG] [net.minecraftforge.fml.loading.moddiscovery.Scanner/SCAN]: Scanning Mod File: C:\Users\mattw\Documents\Git\SampleMod\.gradle\repositories\ng_dummy_ng\net\neoforged\forge\1.20.1-47.1.106\forge-1.20.1-47.1.106.jar path net/minecraft/world/level/chunk/ChunkGenerator.class
[13Aug2026 02:00:08.665] [background-scan-handler-0/DEBUG] [net.minecraftforge.fml.loading.moddiscovery.Scanner/SCAN]: Scanning Mod File: C:\Users\mattw\Documents\Git\SampleMod\.gradle\repositories\ng_dummy_ng\net\neoforged\forge\1.20.1-47.1.106\forge-1.20.1-47.1.106.jar path net/minecraft/world/level/chunk/ChunkAccess.class
[13Aug2026 02:00:08.667] [background-scan-handler-0/DEBUG] [net.minecraftforge.fml.loading.moddiscovery.Scanner/SCAN]: Scanning Mod File: C:\Users\mattw\Documents\Git\SampleMod\.gradle\repositories\ng_dummy_ng\net\neoforged\forge\1.20.1-47.1.106\forge-1.20.1-47.1.106.jar path net/minecraft/world/level/chunk/ChunkAccess$TicksToSave.class
[13Aug2026 02:00:08.667] [background-scan-handler-0/DEBUG] [net.minecraftforge.fml.loading.moddiscovery.Scanner/SCAN]: Scanning Mod File: C:\Users\mattw\Documents\Git\SampleMod\.gradle\repositories\ng_dummy_ng\net\neoforged\forge\1.20.1-47.1.106\forge-1.20.1-47.1.106.jar path net/minecraft/world/level/chunk/CarvingMask.class
[13Aug2026 02:00:08.667] [background-scan-handler-0/DEBUG] [net.minecraftforge.fml.loading.moddiscovery.Scanner/SCAN]: Scanning Mod File: C:\Users\mattw\Documents\Git\SampleMod\.gradle\repositories\ng_dummy_ng\net\neoforged\forge\1.20.1-47.1.106\forge-1.20.1-47.1.106.jar path net/minecraft/world/level/chunk/CarvingMask$Mask.class
[13Aug2026 02:00:08.667] [background-scan-handler-0/DEBUG] [net.minecraftforge.fml.loading.moddiscovery.Scanner/SCAN]: Scanning Mod File: C:\Users\mattw\Documents\Git\SampleMod\.gradle\repositories\ng_dummy_ng\net\neoforged\forge\1.20.1-47.1.106\forge-1.20.1-47.1.106.jar path net/minecraft/world/level/chunk/BulkSectionAccess.class
[13Aug2026 02:00:08.668] [background-scan-handler-0/DEBUG] [net.minecraftforge.fml.loading.moddiscovery.Scanner/SCAN]: Scanning Mod File: C:\Users\mattw\Documents\Git\SampleMod\.gradle\repositories\ng_dummy_ng\net\neoforged\forge\1.20.1-47.1.106\forge-1.20.1-47.1.106.jar path net/minecraft/world/level/chunk/BlockColumn.class
[13Aug2026 02:00:08.668] [background-scan-handler-0/DEBUG] [net.minecraftforge.fml.loading.moddiscovery.Scanner/SCAN]: Scanning Mod File: C:\Users\mattw\Documents\Git\SampleMod\.gradle\repositories\ng_dummy_ng\net\neoforged\forge\1.20.1-47.1.106\forge-1.20.1-47.1.106.jar path net/minecraft/world/level/border/WorldBorder.class
[13Aug2026 02:00:08.669] [background-scan-handler-0/DEBUG] [net.minecraftforge.fml.loading.moddiscovery.Scanner/SCAN]: Scanning Mod File: C:\Users\mattw\Documents\Git\SampleMod\.gradle\repositories\ng_dummy_ng\net\neoforged\forge\1.20.1-47.1.106\forge-1.20.1-47.1.106.jar path net/minecraft/world/level/border/WorldBorder$StaticBorderExtent.class
[13Aug2026 02:00:08.669] [background-scan-handler-0/DEBUG] [net.minecraftforge.fml.loading.moddiscovery.Scanner/SCAN]: Scanning Mod File: C:\Users\mattw\Documents\Git\SampleMod\.gradle\repositories\ng_dummy_ng\net\neoforged\forge\1.20.1-47.1.106\forge-1.20.1-47.1.106.jar path net/minecraft/world/level/border/WorldBorder$Settings.class
[13Aug2026 02:00:08.670] [background-scan-handler-0/DEBUG] [net.minecraftforge.fml.loading.moddiscovery.Scanner/SCAN]: Scanning Mod File: C:\Users\mattw\Documents\Git\SampleMod\.gradle\repositories\ng_dummy_ng\net\neoforged\forge\1.20.1-47.1.106\forge-1.20.1-47.1.106.jar path net/minecraft/world/level/border/WorldBorder$MovingBorderExtent.class
[13Aug2026 02:00:08.671] [background-scan-handler-0/DEBUG] [net.minecraftforge.fml.loading.moddiscovery.Scanner/SCAN]: Scanning Mod File: C:\Users\mattw\Documents\Git\SampleMod\.gradle\repositories\ng_dummy_ng\net\neoforged\forge\1.20.1-47.1.106\forge-1.20.1-47.1.106.jar path net/minecraft/world/level/border/WorldBorder$BorderExtent.class
[13Aug2026 02:00:08.671] [background-scan-handler-0/DEBUG] [net.minecraftforge.fml.loading.moddiscovery.Scanner/SCAN]: Scanning Mod File: C:\Users\mattw\Documents\Git\SampleMod\.gradle\repositories\ng_dummy_ng\net\neoforged\forge\1.20.1-47.1.106\forge-1.20.1-47.1.106.jar path net/minecraft/world/level/border/package-info.class
[13Aug2026 02:00:08.672] [background-scan-handler-0/DEBUG] [net.minecraftforge.fml.loading.moddiscovery.Scanner/SCAN]: Scanning Mod File: C:\Users\mattw\Documents\Git\SampleMod\.gradle\repositories\ng_dummy_ng\net\neoforged\forge\1.20.1-47.1.106\forge-1.20.1-47.1.106.jar path net/minecraft/world/level/border/BorderStatus.class
[13Aug2026 02:00:08.672] [background-scan-handler-0/DEBUG] [net.minecraftforge.fml.loading.moddiscovery.Scanner/SCAN]: Scanning Mod File: C:\Users\mattw\Documents\Git\SampleMod\.gradle\repositories\ng_dummy_ng\net\neoforged\forge\1.20.1-47.1.106\forge-1.20.1-47.1.106.jar path net/minecraft/world/level/border/BorderChangeListener.class
[13Aug2026 02:00:08.672] [background-scan-handler-0/DEBUG] [net.minecraftforge.fml.loading.moddiscovery.Scanner/SCAN]: Scanning Mod File: C:\Users\mattw\Documents\Git\SampleMod\.gradle\repositories\ng_dummy_ng\net\neoforged\forge\1.20.1-47.1.106\forge-1.20.1-47.1.106.jar path net/minecraft/world/level/border/BorderChangeListener$DelegateBorderChangeListener.class
[13Aug2026 02:00:08.672] [background-scan-handler-0/DEBUG] [net.minecraftforge.fml.loading.moddiscovery.Scanner/SCAN]: Scanning Mod File: C:\Users\mattw\Documents\Git\SampleMod\.gradle\repositories\ng_dummy_ng\net\neoforged\forge\1.20.1-47.1.106\forge-1.20.1-47.1.106.jar path net/minecraft/world/level/BlockGetter.class
[13Aug2026 02:00:08.673] [background-scan-handler-0/DEBUG] [net.minecraftforge.fml.loading.moddiscovery.Scanner/SCAN]: Scanning Mod File: C:\Users\mattw\Documents\Git\SampleMod\.gradle\repositories\ng_dummy_ng\net\neoforged\forge\1.20.1-47.1.106\forge-1.20.1-47.1.106.jar path net/minecraft/world/level/BlockEventData.class
[13Aug2026 02:00:08.673] [background-scan-handler-0/DEBUG] [net.minecraftforge.fml.loading.moddiscovery.Scanner/SCAN]: Scanning Mod File: C:\Users\mattw\Documents\Git\SampleMod\.gradle\repositories\ng_dummy_ng\net\neoforged\forge\1.20.1-47.1.106\forge-1.20.1-47.1.106.jar path net/minecraft/world/level/BlockCollisions.class
[13Aug2026 02:00:08.674] [background-scan-handler-0/DEBUG] [net.minecraftforge.fml.loading.moddiscovery.Scanner/SCAN]: Scanning Mod File: C:\Users\mattw\Documents\Git\SampleMod\.gradle\repositories\ng_dummy_ng\net\neoforged\forge\1.20.1-47.1.106\forge-1.20.1-47.1.106.jar path net/minecraft/world/level/BlockAndTintGetter.class
[13Aug2026 02:00:08.675] [background-scan-handler-0/DEBUG] [net.minecraftforge.fml.loading.moddiscovery.Scanner/SCAN]: Scanning Mod File: C:\Users\mattw\Documents\Git\SampleMod\.gradle\repositories\ng_dummy_ng\net\neoforged\forge\1.20.1-47.1.106\forge-1.20.1-47.1.106.jar path net/minecraft/world/level/block/WoolCarpetBlock.class
[13Aug2026 02:00:08.675] [background-scan-handler-0/DEBUG] [net.minecraftforge.fml.loading.moddiscovery.Scanner/SCAN]: Scanning Mod File: C:\Users\mattw\Documents\Git\SampleMod\.gradle\repositories\ng_dummy_ng\net\neoforged\forge\1.20.1-47.1.106\forge-1.20.1-47.1.106.jar path net/minecraft/world/level/block/WitherWallSkullBlock.class
[13Aug2026 02:00:08.675] [background-scan-handler-0/DEBUG] [net.minecraftforge.fml.loading.moddiscovery.Scanner/SCAN]: Scanning Mod File: C:\Users\mattw\Documents\Git\SampleMod\.gradle\repositories\ng_dummy_ng\net\neoforged\forge\1.20.1-47.1.106\forge-1.20.1-47.1.106.jar path net/minecraft/world/level/block/WitherSkullBlock.class
[13Aug2026 02:00:08.675] [background-scan-handler-0/DEBUG] [net.minecraftforge.fml.loading.moddiscovery.Scanner/SCAN]: Scanning Mod File: C:\Users\mattw\Documents\Git\SampleMod\.gradle\repositories\ng_dummy_ng\net\neoforged\forge\1.20.1-47.1.106\forge-1.20.1-47.1.106.jar path net/minecraft/world/level/block/WitherRoseBlock.class
[13Aug2026 02:00:08.677] [background-scan-handler-0/DEBUG] [net.minecraftforge.fml.loading.moddiscovery.Scanner/SCAN]: Scanning Mod File: C:\Users\mattw\Documents\Git\SampleMod\.gradle\repositories\ng_dummy_ng\net\neoforged\forge\1.20.1-47.1.106\forge-1.20.1-47.1.106.jar path net/minecraft/world/level/block/WetSpongeBlock.class
[13Aug2026 02:00:08.678] [background-scan-handler-0/DEBUG] [net.minecraftforge.fml.loading.moddiscovery.Scanner/SCAN]: Scanning Mod File: C:\Users\mattw\Documents\Git\SampleMod\.gradle\repositories\ng_dummy_ng\net\neoforged\forge\1.20.1-47.1.106\forge-1.20.1-47.1.106.jar path net/minecraft/world/level/block/WeightedPressurePlateBlock.class
[13Aug2026 02:00:08.678] [background-scan-handler-0/DEBUG] [net.minecraftforge.fml.loading.moddiscovery.Scanner/SCAN]: Scanning Mod File: C:\Users\mattw\Documents\Git\SampleMod\.gradle\repositories\ng_dummy_ng\net\neoforged\forge\1.20.1-47.1.106\forge-1.20.1-47.1.106.jar path net/minecraft/world/level/block/WeepingVinesPlantBlock.class
[13Aug2026 02:00:08.679] [background-scan-handler-0/DEBUG] [net.minecraftforge.fml.loading.moddiscovery.Scanner/SCAN]: Scanning Mod File: C:\Users\mattw\Documents\Git\SampleMod\.gradle\repositories\ng_dummy_ng\net\neoforged\forge\1.20.1-47.1.106\forge-1.20.1-47.1.106.jar path net/minecraft/world/level/block/WeepingVinesBlock.class
[13Aug2026 02:00:08.681] [background-scan-handler-0/DEBUG] [net.minecraftforge.fml.loading.moddiscovery.Scanner/SCAN]: Scanning Mod File: C:\Users\mattw\Documents\Git\SampleMod\.gradle\repositories\ng_dummy_ng\net\neoforged\forge\1.20.1-47.1.106\forge-1.20.1-47.1.106.jar path net/minecraft/world/level/block/WebBlock.class
[13Aug2026 02:00:08.682] [background-scan-handler-0/DEBUG] [net.minecraftforge.fml.loading.moddiscovery.Scanner/SCAN]: Scanning Mod File: C:\Users\mattw\Documents\Git\SampleMod\.gradle\repositories\ng_dummy_ng\net\neoforged\forge\1.20.1-47.1.106\forge-1.20.1-47.1.106.jar path net/minecraft/world/level/block/WeatheringCopperStairBlock.class
[13Aug2026 02:00:08.682] [background-scan-handler-0/DEBUG] [net.minecraftforge.fml.loading.moddiscovery.Scanner/SCAN]: Scanning Mod File: C:\Users\mattw\Documents\Git\SampleMod\.gradle\repositories\ng_dummy_ng\net\neoforged\forge\1.20.1-47.1.106\forge-1.20.1-47.1.106.jar path net/minecraft/world/level/block/WeatheringCopperSlabBlock.class
[13Aug2026 02:00:08.683] [background-scan-handler-0/DEBUG] [net.minecraftforge.fml.loading.moddiscovery.Scanner/SCAN]: Scanning Mod File: C:\Users\mattw\Documents\Git\SampleMod\.gradle\repositories\ng_dummy_ng\net\neoforged\forge\1.20.1-47.1.106\forge-1.20.1-47.1.106.jar path net/minecraft/world/level/block/WeatheringCopperFullBlock.class
[13Aug2026 02:00:08.683] [background-scan-handler-0/DEBUG] [net.minecraftforge.fml.loading.moddiscovery.Scanner/SCAN]: Scanning Mod File: C:\Users\mattw\Documents\Git\SampleMod\.gradle\repositories\ng_dummy_ng\net\neoforged\forge\1.20.1-47.1.106\forge-1.20.1-47.1.106.jar path net/minecraft/world/level/block/WeatheringCopper.class
[13Aug2026 02:00:08.684] [background-scan-handler-0/DEBUG] [net.minecraftforge.fml.loading.moddiscovery.Scanner/SCAN]: Scanning Mod File: C:\Users\mattw\Documents\Git\SampleMod\.gradle\repositories\ng_dummy_ng\net\neoforged\forge\1.20.1-47.1.106\forge-1.20.1-47.1.106.jar path net/minecraft/world/level/block/WeatheringCopper$WeatherState.class
[13Aug2026 02:00:08.685] [background-scan-handler-0/DEBUG] [net.minecraftforge.fml.loading.moddiscovery.Scanner/SCAN]: Scanning Mod File: C:\Users\mattw\Documents\Git\SampleMod\.gradle\repositories\ng_dummy_ng\net\neoforged\forge\1.20.1-47.1.106\forge-1.20.1-47.1.106.jar path net/minecraft/world/level/block/WaterlilyBlock.class
[13Aug2026 02:00:08.685] [background-scan-handler-0/DEBUG] [net.minecraftforge.fml.loading.moddiscovery.Scanner/SCAN]: Scanning Mod File: C:\Users\mattw\Documents\Git\SampleMod\.gradle\repositories\ng_dummy_ng\net\neoforged\forge\1.20.1-47.1.106\forge-1.20.1-47.1.106.jar path net/minecraft/world/level/block/WallTorchBlock.class
[13Aug2026 02:00:08.685] [background-scan-handler-0/DEBUG] [net.minecraftforge.fml.loading.moddiscovery.Scanner/SCAN]: Scanning Mod File: C:\Users\mattw\Documents\Git\SampleMod\.gradle\repositories\ng_dummy_ng\net\neoforged\forge\1.20.1-47.1.106\forge-1.20.1-47.1.106.jar path net/minecraft/world/level/block/WallSkullBlock.class
[13Aug2026 02:00:08.685] [background-scan-handler-0/DEBUG] [net.minecraftforge.fml.loading.moddiscovery.Scanner/SCAN]: Scanning Mod File: C:\Users\mattw\Documents\Git\SampleMod\.gradle\repositories\ng_dummy_ng\net\neoforged\forge\1.20.1-47.1.106\forge-1.20.1-47.1.106.jar path net/minecraft/world/level/block/WallSignBlock.class
[13Aug2026 02:00:08.687] [background-scan-handler-0/DEBUG] [net.minecraftforge.fml.loading.moddiscovery.Scanner/SCAN]: Scanning Mod File: C:\Users\mattw\Documents\Git\SampleMod\.gradle\repositories\ng_dummy_ng\net\neoforged\forge\1.20.1-47.1.106\forge-1.20.1-47.1.106.jar path net/minecraft/world/level/block/WallHangingSignBlock.class
[13Aug2026 02:00:08.688] [background-scan-handler-0/DEBUG] [net.minecraftforge.fml.loading.moddiscovery.Scanner/SCAN]: Scanning Mod File: C:\Users\mattw\Documents\Git\SampleMod\.gradle\repositories\ng_dummy_ng\net\neoforged\forge\1.20.1-47.1.106\forge-1.20.1-47.1.106.jar path net/minecraft/world/level/block/WallHangingSignBlock$1.class
[13Aug2026 02:00:08.688] [background-scan-handler-0/DEBUG] [net.minecraftforge.fml.loading.moddiscovery.Scanner/SCAN]: Scanning Mod File: C:\Users\mattw\Documents\Git\SampleMod\.gradle\repositories\ng_dummy_ng\net\neoforged\forge\1.20.1-47.1.106\forge-1.20.1-47.1.106.jar path net/minecraft/world/level/block/WallBlock.class
[13Aug2026 02:00:08.688] [background-scan-handler-0/DEBUG] [net.minecraftforge.fml.loading.moddiscovery.Scanner/SCAN]: Scanning Mod File: C:\Users\mattw\Documents\Git\SampleMod\.gradle\repositories\ng_dummy_ng\net\neoforged\forge\1.20.1-47.1.106\forge-1.20.1-47.1.106.jar path net/minecraft/world/level/block/WallBlock$1.class
[13Aug2026 02:00:08.689] [background-scan-handler-0/DEBUG] [net.minecraftforge.fml.loading.moddiscovery.Scanner/SCAN]: Scanning Mod File: C:\Users\mattw\Documents\Git\SampleMod\.gradle\repositories\ng_dummy_ng\net\neoforged\forge\1.20.1-47.1.106\forge-1.20.1-47.1.106.jar path net/minecraft/world/level/block/WallBannerBlock.class
[13Aug2026 02:00:08.689] [background-scan-handler-0/DEBUG] [net.minecraftforge.fml.loading.moddiscovery.Scanner/SCAN]: Scanning Mod File: C:\Users\mattw\Documents\Git\SampleMod\.gradle\repositories\ng_dummy_ng\net\neoforged\forge\1.20.1-47.1.106\forge-1.20.1-47.1.106.jar path net/minecraft/world/level/block/VineBlock.class
[13Aug2026 02:00:08.689] [background-scan-handler-0/DEBUG] [net.minecraftforge.fml.loading.moddiscovery.Scanner/SCAN]: Scanning Mod File: C:\Users\mattw\Documents\Git\SampleMod\.gradle\repositories\ng_dummy_ng\net\neoforged\forge\1.20.1-47.1.106\forge-1.20.1-47.1.106.jar path net/minecraft/world/level/block/VineBlock$1.class
[13Aug2026 02:00:08.690] [background-scan-handler-0/DEBUG] [net.minecraftforge.fml.loading.moddiscovery.Scanner/SCAN]: Scanning Mod File: C:\Users\mattw\Documents\Git\SampleMod\.gradle\repositories\ng_dummy_ng\net\neoforged\forge\1.20.1-47.1.106\forge-1.20.1-47.1.106.jar path net/minecraft/world/level/block/TwistingVinesPlantBlock.class
[13Aug2026 02:00:08.690] [background-scan-handler-0/DEBUG] [net.minecraftforge.fml.loading.moddiscovery.Scanner/SCAN]: Scanning Mod File: C:\Users\mattw\Documents\Git\SampleMod\.gradle\repositories\ng_dummy_ng\net\neoforged\forge\1.20.1-47.1.106\forge-1.20.1-47.1.106.jar path net/minecraft/world/level/block/TwistingVinesBlock.class
[13Aug2026 02:00:08.690] [background-scan-handler-0/DEBUG] [net.minecraftforge.fml.loading.moddiscovery.Scanner/SCAN]: Scanning Mod File: C:\Users\mattw\Documents\Git\SampleMod\.gradle\repositories\ng_dummy_ng\net\neoforged\forge\1.20.1-47.1.106\forge-1.20.1-47.1.106.jar path net/minecraft/world/level/block/TurtleEggBlock.class
[13Aug2026 02:00:08.691] [background-scan-handler-0/DEBUG] [net.minecraftforge.fml.loading.moddiscovery.Scanner/SCAN]: Scanning Mod File: C:\Users\mattw\Documents\Git\SampleMod\.gradle\repositories\ng_dummy_ng\net\neoforged\forge\1.20.1-47.1.106\forge-1.20.1-47.1.106.jar path net/minecraft/world/level/block/TripWireHookBlock.class
[13Aug2026 02:00:08.691] [background-scan-handler-0/DEBUG] [net.minecraftforge.fml.loading.moddiscovery.Scanner/SCAN]: Scanning Mod File: C:\Users\mattw\Documents\Git\SampleMod\.gradle\repositories\ng_dummy_ng\net\neoforged\forge\1.20.1-47.1.106\forge-1.20.1-47.1.106.jar path net/minecraft/world/level/block/TripWireHookBlock$1.class
[13Aug2026 02:00:08.692] [main/DEBUG] [mixin/]: Error cleaning class output directory: .mixin.out
[13Aug2026 02:00:08.692] [background-scan-handler-0/DEBUG] [net.minecraftforge.fml.loading.moddiscovery.Scanner/SCAN]: Scanning Mod File: C:\Users\mattw\Documents\Git\SampleMod\.gradle\repositories\ng_dummy_ng\net\neoforged\forge\1.20.1-47.1.106\forge-1.20.1-47.1.106.jar path net/minecraft/world/level/block/TripWireBlock.class
[13Aug2026 02:00:08.693] [background-scan-handler-0/DEBUG] [net.minecraftforge.fml.loading.moddiscovery.Scanner/SCAN]: Scanning Mod File: C:\Users\mattw\Documents\Git\SampleMod\.gradle\repositories\ng_dummy_ng\net\neoforged\forge\1.20.1-47.1.106\forge-1.20.1-47.1.106.jar path net/minecraft/world/level/block/TripWireBlock$1.class
[13Aug2026 02:00:08.694] [background-scan-handler-0/DEBUG] [net.minecraftforge.fml.loading.moddiscovery.Scanner/SCAN]: Scanning Mod File: C:\Users\mattw\Documents\Git\SampleMod\.gradle\repositories\ng_dummy_ng\net\neoforged\forge\1.20.1-47.1.106\forge-1.20.1-47.1.106.jar path net/minecraft/world/level/block/TrappedChestBlock.class
[13Aug2026 02:00:08.694] [background-scan-handler-0/DEBUG] [net.minecraftforge.fml.loading.moddiscovery.Scanner/SCAN]: Scanning Mod File: C:\Users\mattw\Documents\Git\SampleMod\.gradle\repositories\ng_dummy_ng\net\neoforged\forge\1.20.1-47.1.106\forge-1.20.1-47.1.106.jar path net/minecraft/world/level/block/TrapDoorBlock.class
[13Aug2026 02:00:08.695] [background-scan-handler-0/DEBUG] [net.minecraftforge.fml.loading.moddiscovery.Scanner/SCAN]: Scanning Mod File: C:\Users\mattw\Documents\Git\SampleMod\.gradle\repositories\ng_dummy_ng\net\neoforged\forge\1.20.1-47.1.106\forge-1.20.1-47.1.106.jar path net/minecraft/world/level/block/TrapDoorBlock$1.class
[13Aug2026 02:00:08.695] [background-scan-handler-0/DEBUG] [net.minecraftforge.fml.loading.moddiscovery.Scanner/SCAN]: Scanning Mod File: C:\Users\mattw\Documents\Git\SampleMod\.gradle\repositories\ng_dummy_ng\net\neoforged\forge\1.20.1-47.1.106\forge-1.20.1-47.1.106.jar path net/minecraft/world/level/block/TorchflowerCropBlock.class
[13Aug2026 02:00:08.695] [background-scan-handler-0/DEBUG] [net.minecraftforge.fml.loading.moddiscovery.Scanner/SCAN]: Scanning Mod File: C:\Users\mattw\Documents\Git\SampleMod\.gradle\repositories\ng_dummy_ng\net\neoforged\forge\1.20.1-47.1.106\forge-1.20.1-47.1.106.jar path net/minecraft/world/level/block/TorchBlock.class
[13Aug2026 02:00:08.695] [background-scan-handler-0/DEBUG] [net.minecraftforge.fml.loading.moddiscovery.Scanner/SCAN]: Scanning Mod File: C:\Users\mattw\Documents\Git\SampleMod\.gradle\repositories\ng_dummy_ng\net\neoforged\forge\1.20.1-47.1.106\forge-1.20.1-47.1.106.jar path net/minecraft/world/level/block/TntBlock.class
[13Aug2026 02:00:08.695] [background-scan-handler-0/DEBUG] [net.minecraftforge.fml.loading.moddiscovery.Scanner/SCAN]: Scanning Mod File: C:\Users\mattw\Documents\Git\SampleMod\.gradle\repositories\ng_dummy_ng\net\neoforged\forge\1.20.1-47.1.106\forge-1.20.1-47.1.106.jar path net/minecraft/world/level/block/TintedGlassBlock.class
[13Aug2026 02:00:08.697] [background-scan-handler-0/DEBUG] [net.minecraftforge.fml.loading.moddiscovery.Scanner/SCAN]: Scanning Mod File: C:\Users\mattw\Documents\Git\SampleMod\.gradle\repositories\ng_dummy_ng\net\neoforged\forge\1.20.1-47.1.106\forge-1.20.1-47.1.106.jar path net/minecraft/world/level/block/TargetBlock.class
[13Aug2026 02:00:08.697] [background-scan-handler-0/DEBUG] [net.minecraftforge.fml.loading.moddiscovery.Scanner/SCAN]: Scanning Mod File: C:\Users\mattw\Documents\Git\SampleMod\.gradle\repositories\ng_dummy_ng\net\neoforged\forge\1.20.1-47.1.106\forge-1.20.1-47.1.106.jar path net/minecraft/world/level/block/TallSeagrassBlock.class
[13Aug2026 02:00:08.698] [background-scan-handler-0/DEBUG] [net.minecraftforge.fml.loading.moddiscovery.Scanner/SCAN]: Scanning Mod File: C:\Users\mattw\Documents\Git\SampleMod\.gradle\repositories\ng_dummy_ng\net\neoforged\forge\1.20.1-47.1.106\forge-1.20.1-47.1.106.jar path net/minecraft/world/level/block/TallGrassBlock.class
[13Aug2026 02:00:08.698] [background-scan-handler-0/DEBUG] [net.minecraftforge.fml.loading.moddiscovery.Scanner/SCAN]: Scanning Mod File: C:\Users\mattw\Documents\Git\SampleMod\.gradle\repositories\ng_dummy_ng\net\neoforged\forge\1.20.1-47.1.106\forge-1.20.1-47.1.106.jar path net/minecraft/world/level/block/TallFlowerBlock.class
[13Aug2026 02:00:08.698] [main/DEBUG] [mixin/]: Preparing mixins for MixinEnvironment[DEFAULT]
[13Aug2026 02:00:08.698] [background-scan-handler-0/DEBUG] [net.minecraftforge.fml.loading.moddiscovery.Scanner/SCAN]: Scanning Mod File: C:\Users\mattw\Documents\Git\SampleMod\.gradle\repositories\ng_dummy_ng\net\neoforged\forge\1.20.1-47.1.106\forge-1.20.1-47.1.106.jar path net/minecraft/world/level/block/SweetBerryBushBlock.class
[13Aug2026 02:00:08.699] [background-scan-handler-0/DEBUG] [net.minecraftforge.fml.loading.moddiscovery.Scanner/SCAN]: Scanning Mod File: C:\Users\mattw\Documents\Git\SampleMod\.gradle\repositories\ng_dummy_ng\net\neoforged\forge\1.20.1-47.1.106\forge-1.20.1-47.1.106.jar path net/minecraft/world/level/block/SuspiciousEffectHolder.class
[13Aug2026 02:00:08.699] [background-scan-handler-0/DEBUG] [net.minecraftforge.fml.loading.moddiscovery.Scanner/SCAN]: Scanning Mod File: C:\Users\mattw\Documents\Git\SampleMod\.gradle\repositories\ng_dummy_ng\net\neoforged\forge\1.20.1-47.1.106\forge-1.20.1-47.1.106.jar path net/minecraft/world/level/block/SupportType.class
[13Aug2026 02:00:08.699] [background-scan-handler-0/DEBUG] [net.minecraftforge.fml.loading.moddiscovery.Scanner/SCAN]: Scanning Mod File: C:\Users\mattw\Documents\Git\SampleMod\.gradle\repositories\ng_dummy_ng\net\neoforged\forge\1.20.1-47.1.106\forge-1.20.1-47.1.106.jar path net/minecraft/world/level/block/SupportType$3.class
[13Aug2026 02:00:08.699] [background-scan-handler-0/DEBUG] [net.minecraftforge.fml.loading.moddiscovery.Scanner/SCAN]: Scanning Mod File: C:\Users\mattw\Documents\Git\SampleMod\.gradle\repositories\ng_dummy_ng\net\neoforged\forge\1.20.1-47.1.106\forge-1.20.1-47.1.106.jar path net/minecraft/world/level/block/SupportType$2.class
[13Aug2026 02:00:08.699] [background-scan-handler-0/DEBUG] [net.minecraftforge.fml.loading.moddiscovery.Scanner/SCAN]: Scanning Mod File: C:\Users\mattw\Documents\Git\SampleMod\.gradle\repositories\ng_dummy_ng\net\neoforged\forge\1.20.1-47.1.106\forge-1.20.1-47.1.106.jar path net/minecraft/world/level/block/SupportType$1.class
[13Aug2026 02:00:08.699] [background-scan-handler-0/DEBUG] [net.minecraftforge.fml.loading.moddiscovery.Scanner/SCAN]: Scanning Mod File: C:\Users\mattw\Documents\Git\SampleMod\.gradle\repositories\ng_dummy_ng\net\neoforged\forge\1.20.1-47.1.106\forge-1.20.1-47.1.106.jar path net/minecraft/world/level/block/SugarCaneBlock.class
[13Aug2026 02:00:08.700] [background-scan-handler-0/DEBUG] [net.minecraftforge.fml.loading.moddiscovery.Scanner/SCAN]: Scanning Mod File: C:\Users\mattw\Documents\Git\SampleMod\.gradle\repositories\ng_dummy_ng\net\neoforged\forge\1.20.1-47.1.106\forge-1.20.1-47.1.106.jar path net/minecraft/world/level/block/StructureVoidBlock.class
[13Aug2026 02:00:08.700] [background-scan-handler-0/DEBUG] [net.minecraftforge.fml.loading.moddiscovery.Scanner/SCAN]: Scanning Mod File: C:\Users\mattw\Documents\Git\SampleMod\.gradle\repositories\ng_dummy_ng\net\neoforged\forge\1.20.1-47.1.106\forge-1.20.1-47.1.106.jar path net/minecraft/world/level/block/StructureBlock.class
[13Aug2026 02:00:08.700] [background-scan-handler-0/DEBUG] [net.minecraftforge.fml.loading.moddiscovery.Scanner/SCAN]: Scanning Mod File: C:\Users\mattw\Documents\Git\SampleMod\.gradle\repositories\ng_dummy_ng\net\neoforged\forge\1.20.1-47.1.106\forge-1.20.1-47.1.106.jar path net/minecraft/world/level/block/StructureBlock$1.class
[13Aug2026 02:00:08.701] [background-scan-handler-0/DEBUG] [net.minecraftforge.fml.loading.moddiscovery.Scanner/SCAN]: Scanning Mod File: C:\Users\mattw\Documents\Git\SampleMod\.gradle\repositories\ng_dummy_ng\net\neoforged\forge\1.20.1-47.1.106\forge-1.20.1-47.1.106.jar path net/minecraft/world/level/block/StonecutterBlock.class
[13Aug2026 02:00:08.701] [background-scan-handler-0/DEBUG] [net.minecraftforge.fml.loading.moddiscovery.Scanner/SCAN]: Scanning Mod File: C:\Users\mattw\Documents\Git\SampleMod\.gradle\repositories\ng_dummy_ng\net\neoforged\forge\1.20.1-47.1.106\forge-1.20.1-47.1.106.jar path net/minecraft/world/level/block/StemGrownBlock.class
[13Aug2026 02:00:08.701] [background-scan-handler-0/DEBUG] [net.minecraftforge.fml.loading.moddiscovery.Scanner/SCAN]: Scanning Mod File: C:\Users\mattw\Documents\Git\SampleMod\.gradle\repositories\ng_dummy_ng\net\neoforged\forge\1.20.1-47.1.106\forge-1.20.1-47.1.106.jar path net/minecraft/world/level/block/StemBlock.class
[13Aug2026 02:00:08.702] [background-scan-handler-0/DEBUG] [net.minecraftforge.fml.loading.moddiscovery.Scanner/SCAN]: Scanning Mod File: C:\Users\mattw\Documents\Git\SampleMod\.gradle\repositories\ng_dummy_ng\net\neoforged\forge\1.20.1-47.1.106\forge-1.20.1-47.1.106.jar path net/minecraft/world/level/block/state/StateHolder.class
[13Aug2026 02:00:08.702] [background-scan-handler-0/DEBUG] [net.minecraftforge.fml.loading.moddiscovery.Scanner/SCAN]: Scanning Mod File: C:\Users\mattw\Documents\Git\SampleMod\.gradle\repositories\ng_dummy_ng\net\neoforged\forge\1.20.1-47.1.106\forge-1.20.1-47.1.106.jar path net/minecraft/world/level/block/state/StateHolder$1.class
[13Aug2026 02:00:08.702] [background-scan-handler-0/DEBUG] [net.minecraftforge.fml.loading.moddiscovery.Scanner/SCAN]: Scanning Mod File: C:\Users\mattw\Documents\Git\SampleMod\.gradle\repositories\ng_dummy_ng\net\neoforged\forge\1.20.1-47.1.106\forge-1.20.1-47.1.106.jar path net/minecraft/world/level/block/state/StateDefinition.class
[13Aug2026 02:00:08.703] [background-scan-handler-0/DEBUG] [net.minecraftforge.fml.loading.moddiscovery.Scanner/SCAN]: Scanning Mod File: C:\Users\mattw\Documents\Git\SampleMod\.gradle\repositories\ng_dummy_ng\net\neoforged\forge\1.20.1-47.1.106\forge-1.20.1-47.1.106.jar path net/minecraft/world/level/block/state/StateDefinition$Factory.class
[13Aug2026 02:00:08.703] [background-scan-handler-0/DEBUG] [net.minecraftforge.fml.loading.moddiscovery.Scanner/SCAN]: Scanning Mod File: C:\Users\mattw\Documents\Git\SampleMod\.gradle\repositories\ng_dummy_ng\net\neoforged\forge\1.20.1-47.1.106\forge-1.20.1-47.1.106.jar path net/minecraft/world/level/block/state/StateDefinition$Builder.class
[13Aug2026 02:00:08.703] [background-scan-handler-0/DEBUG] [net.minecraftforge.fml.loading.moddiscovery.Scanner/SCAN]: Scanning Mod File: C:\Users\mattw\Documents\Git\SampleMod\.gradle\repositories\ng_dummy_ng\net\neoforged\forge\1.20.1-47.1.106\forge-1.20.1-47.1.106.jar path net/minecraft/world/level/block/state/properties/WoodType.class
[13Aug2026 02:00:08.703] [background-scan-handler-0/DEBUG] [net.minecraftforge.fml.loading.moddiscovery.Scanner/SCAN]: Scanning Mod File: C:\Users\mattw\Documents\Git\SampleMod\.gradle\repositories\ng_dummy_ng\net\neoforged\forge\1.20.1-47.1.106\forge-1.20.1-47.1.106.jar path net/minecraft/world/level/block/state/properties/WallSide.class
[13Aug2026 02:00:08.704] [background-scan-handler-0/DEBUG] [net.minecraftforge.fml.loading.moddiscovery.Scanner/SCAN]: Scanning Mod File: C:\Users\mattw\Documents\Git\SampleMod\.gradle\repositories\ng_dummy_ng\net\neoforged\forge\1.20.1-47.1.106\forge-1.20.1-47.1.106.jar path net/minecraft/world/level/block/state/properties/Tilt.class
[13Aug2026 02:00:08.704] [background-scan-handler-0/DEBUG] [net.minecraftforge.fml.loading.moddiscovery.Scanner/SCAN]: Scanning Mod File: C:\Users\mattw\Documents\Git\SampleMod\.gradle\repositories\ng_dummy_ng\net\neoforged\forge\1.20.1-47.1.106\forge-1.20.1-47.1.106.jar path net/minecraft/world/level/block/state/properties/StructureMode.class
[13Aug2026 02:00:08.705] [background-scan-handler-0/DEBUG] [net.minecraftforge.fml.loading.moddiscovery.Scanner/SCAN]: Scanning Mod File: C:\Users\mattw\Documents\Git\SampleMod\.gradle\repositories\ng_dummy_ng\net\neoforged\forge\1.20.1-47.1.106\forge-1.20.1-47.1.106.jar path net/minecraft/world/level/block/state/properties/StairsShape.class
[13Aug2026 02:00:08.705] [background-scan-handler-0/DEBUG] [net.minecraftforge.fml.loading.moddiscovery.Scanner/SCAN]: Scanning Mod File: C:\Users\mattw\Documents\Git\SampleMod\.gradle\repositories\ng_dummy_ng\net\neoforged\forge\1.20.1-47.1.106\forge-1.20.1-47.1.106.jar path net/minecraft/world/level/block/state/properties/SlabType.class
[13Aug2026 02:00:08.705] [background-scan-handler-0/DEBUG] [net.minecraftforge.fml.loading.moddiscovery.Scanner/SCAN]: Scanning Mod File: C:\Users\mattw\Documents\Git\SampleMod\.gradle\repositories\ng_dummy_ng\net\neoforged\forge\1.20.1-47.1.106\forge-1.20.1-47.1.106.jar path net/minecraft/world/level/block/state/properties/SculkSensorPhase.class
[13Aug2026 02:00:08.705] [background-scan-handler-0/DEBUG] [net.minecraftforge.fml.loading.moddiscovery.Scanner/SCAN]: Scanning Mod File: C:\Users\mattw\Documents\Git\SampleMod\.gradle\repositories\ng_dummy_ng\net\neoforged\forge\1.20.1-47.1.106\forge-1.20.1-47.1.106.jar path net/minecraft/world/level/block/state/properties/RotationSegment.class
[13Aug2026 02:00:08.705] [background-scan-handler-0/DEBUG] [net.minecraftforge.fml.loading.moddiscovery.Scanner/SCAN]: Scanning Mod File: C:\Users\mattw\Documents\Git\SampleMod\.gradle\repositories\ng_dummy_ng\net\neoforged\forge\1.20.1-47.1.106\forge-1.20.1-47.1.106.jar path net/minecraft/world/level/block/state/properties/RedstoneSide.class
[13Aug2026 02:00:08.705] [background-scan-handler-0/DEBUG] [net.minecraftforge.fml.loading.moddiscovery.Scanner/SCAN]: Scanning Mod File: C:\Users\mattw\Documents\Git\SampleMod\.gradle\repositories\ng_dummy_ng\net\neoforged\forge\1.20.1-47.1.106\forge-1.20.1-47.1.106.jar path net/minecraft/world/level/block/state/properties/RailShape.class
[13Aug2026 02:00:08.706] [background-scan-handler-0/DEBUG] [net.minecraftforge.fml.loading.moddiscovery.Scanner/SCAN]: Scanning Mod File: C:\Users\mattw\Documents\Git\SampleMod\.gradle\repositories\ng_dummy_ng\net\neoforged\forge\1.20.1-47.1.106\forge-1.20.1-47.1.106.jar path net/minecraft/world/level/block/state/properties/Property.class
[13Aug2026 02:00:08.706] [background-scan-handler-0/DEBUG] [net.minecraftforge.fml.loading.moddiscovery.Scanner/SCAN]: Scanning Mod File: C:\Users\mattw\Documents\Git\SampleMod\.gradle\repositories\ng_dummy_ng\net\neoforged\forge\1.20.1-47.1.106\forge-1.20.1-47.1.106.jar path net/minecraft/world/level/block/state/properties/Property$Value.class
[13Aug2026 02:00:08.709] [background-scan-handler-0/DEBUG] [net.minecraftforge.fml.loading.moddiscovery.Scanner/SCAN]: Scanning Mod File: C:\Users\mattw\Documents\Git\SampleMod\.gradle\repositories\ng_dummy_ng\net\neoforged\forge\1.20.1-47.1.106\forge-1.20.1-47.1.106.jar path net/minecraft/world/level/block/state/properties/PistonType.class
[13Aug2026 02:00:08.709] [background-scan-handler-0/DEBUG] [net.minecraftforge.fml.loading.moddiscovery.Scanner/SCAN]: Scanning Mod File: C:\Users\mattw\Documents\Git\SampleMod\.gradle\repositories\ng_dummy_ng\net\neoforged\forge\1.20.1-47.1.106\forge-1.20.1-47.1.106.jar path net/minecraft/world/level/block/state/properties/package-info.class
[13Aug2026 02:00:08.710] [background-scan-handler-0/DEBUG] [net.minecraftforge.fml.loading.moddiscovery.Scanner/SCAN]: Scanning Mod File: C:\Users\mattw\Documents\Git\SampleMod\.gradle\repositories\ng_dummy_ng\net\neoforged\forge\1.20.1-47.1.106\forge-1.20.1-47.1.106.jar path net/minecraft/world/level/block/state/properties/NoteBlockInstrument.class
[13Aug2026 02:00:08.710] [main/DEBUG] [net.minecraftforge.fml.loading.RuntimeDistCleaner/DISTXFORM]: Removing Class Annotation: net/minecraft/client/gui/screens/LoadingOverlay @Lnet/minecraftforge/api/distmarker/OnlyIn;
[13Aug2026 02:00:08.710] [background-scan-handler-0/DEBUG] [net.minecraftforge.fml.loading.moddiscovery.Scanner/SCAN]: Scanning Mod File: C:\Users\mattw\Documents\Git\SampleMod\.gradle\repositories\ng_dummy_ng\net\neoforged\forge\1.20.1-47.1.106\forge-1.20.1-47.1.106.jar path net/minecraft/world/level/block/state/properties/NoteBlockInstrument$Type.class
[13Aug2026 02:00:08.711] [background-scan-handler-0/DEBUG] [net.minecraftforge.fml.loading.moddiscovery.Scanner/SCAN]: Scanning Mod File: C:\Users\mattw\Documents\Git\SampleMod\.gradle\repositories\ng_dummy_ng\net\neoforged\forge\1.20.1-47.1.106\forge-1.20.1-47.1.106.jar path net/minecraft/world/level/block/state/properties/IntegerProperty.class
[13Aug2026 02:00:08.712] [background-scan-handler-0/DEBUG] [net.minecraftforge.fml.loading.moddiscovery.Scanner/SCAN]: Scanning Mod File: C:\Users\mattw\Documents\Git\SampleMod\.gradle\repositories\ng_dummy_ng\net\neoforged\forge\1.20.1-47.1.106\forge-1.20.1-47.1.106.jar path net/minecraft/world/level/block/state/properties/Half.class
[13Aug2026 02:00:08.714] [background-scan-handler-0/DEBUG] [net.minecraftforge.fml.loading.moddiscovery.Scanner/SCAN]: Scanning Mod File: C:\Users\mattw\Documents\Git\SampleMod\.gradle\repositories\ng_dummy_ng\net\neoforged\forge\1.20.1-47.1.106\forge-1.20.1-47.1.106.jar path net/minecraft/world/level/block/state/properties/EnumProperty.class
[13Aug2026 02:00:08.727] [background-scan-handler-0/DEBUG] [net.minecraftforge.fml.loading.moddiscovery.Scanner/SCAN]: Scanning Mod File: C:\Users\mattw\Documents\Git\SampleMod\.gradle\repositories\ng_dummy_ng\net\neoforged\forge\1.20.1-47.1.106\forge-1.20.1-47.1.106.jar path net/minecraft/world/level/block/state/properties/DripstoneThickness.class
[13Aug2026 02:00:08.728] [background-scan-handler-0/DEBUG] [net.minecraftforge.fml.loading.moddiscovery.Scanner/SCAN]: Scanning Mod File: C:\Users\mattw\Documents\Git\SampleMod\.gradle\repositories\ng_dummy_ng\net\neoforged\forge\1.20.1-47.1.106\forge-1.20.1-47.1.106.jar path net/minecraft/world/level/block/state/properties/DoubleBlockHalf.class
[13Aug2026 02:00:08.729] [background-scan-handler-0/DEBUG] [net.minecraftforge.fml.loading.moddiscovery.Scanner/SCAN]: Scanning Mod File: C:\Users\mattw\Documents\Git\SampleMod\.gradle\repositories\ng_dummy_ng\net\neoforged\forge\1.20.1-47.1.106\forge-1.20.1-47.1.106.jar path net/minecraft/world/level/block/state/properties/DoorHingeSide.class
[13Aug2026 02:00:08.729] [background-scan-handler-0/DEBUG] [net.minecraftforge.fml.loading.moddiscovery.Scanner/SCAN]: Scanning Mod File: C:\Users\mattw\Documents\Git\SampleMod\.gradle\repositories\ng_dummy_ng\net\neoforged\forge\1.20.1-47.1.106\forge-1.20.1-47.1.106.jar path net/minecraft/world/level/block/state/properties/DirectionProperty.class
[13Aug2026 02:00:08.729] [background-scan-handler-0/DEBUG] [net.minecraftforge.fml.loading.moddiscovery.Scanner/SCAN]: Scanning Mod File: C:\Users\mattw\Documents\Git\SampleMod\.gradle\repositories\ng_dummy_ng\net\neoforged\forge\1.20.1-47.1.106\forge-1.20.1-47.1.106.jar path net/minecraft/world/level/block/state/properties/ComparatorMode.class
[13Aug2026 02:00:08.730] [background-scan-handler-0/DEBUG] [net.minecraftforge.fml.loading.moddiscovery.Scanner/SCAN]: Scanning Mod File: C:\Users\mattw\Documents\Git\SampleMod\.gradle\repositories\ng_dummy_ng\net\neoforged\forge\1.20.1-47.1.106\forge-1.20.1-47.1.106.jar path net/minecraft/world/level/block/state/properties/ChestType.class
[13Aug2026 02:00:08.730] [main/DEBUG] [net.minecraftforge.fml.loading.RuntimeDistCleaner/DISTXFORM]: Removing Class Annotation: net/minecraft/client/gui/screens/Overlay @Lnet/minecraftforge/api/distmarker/OnlyIn;
[13Aug2026 02:00:08.731] [main/DEBUG] [net.minecraftforge.fml.loading.RuntimeDistCleaner/DISTXFORM]: Removing Class Annotation: net/minecraft/client/gui/components/Renderable @Lnet/minecraftforge/api/distmarker/OnlyIn;
[13Aug2026 02:00:08.731] [background-scan-handler-0/DEBUG] [net.minecraftforge.fml.loading.moddiscovery.Scanner/SCAN]: Scanning Mod File: C:\Users\mattw\Documents\Git\SampleMod\.gradle\repositories\ng_dummy_ng\net\neoforged\forge\1.20.1-47.1.106\forge-1.20.1-47.1.106.jar path net/minecraft/world/level/block/state/properties/ChestType$1.class
[13Aug2026 02:00:08.739] [background-scan-handler-0/DEBUG] [net.minecraftforge.fml.loading.moddiscovery.Scanner/SCAN]: Scanning Mod File: C:\Users\mattw\Documents\Git\SampleMod\.gradle\repositories\ng_dummy_ng\net\neoforged\forge\1.20.1-47.1.106\forge-1.20.1-47.1.106.jar path net/minecraft/world/level/block/state/properties/BooleanProperty.class
[13Aug2026 02:00:08.740] [main/DEBUG] [net.minecraftforge.fml.loading.RuntimeDistCleaner/DISTXFORM]: Removing Class Annotation: net/minecraft/client/renderer/texture/AbstractTexture @Lnet/minecraftforge/api/distmarker/OnlyIn;
[13Aug2026 02:00:08.741] [main/DEBUG] [net.minecraftforge.fml.loading.RuntimeDistCleaner/DISTXFORM]: Removing Class Annotation: net/minecraft/client/gui/screens/LoadingOverlay$LogoTexture @Lnet/minecraftforge/api/distmarker/OnlyIn;
[13Aug2026 02:00:08.741] [main/DEBUG] [net.minecraftforge.fml.loading.RuntimeDistCleaner/DISTXFORM]: Removing Class Annotation: net/minecraft/client/renderer/texture/SimpleTexture @Lnet/minecraftforge/api/distmarker/OnlyIn;
[13Aug2026 02:00:08.743] [background-scan-handler-0/DEBUG] [net.minecraftforge.fml.loading.moddiscovery.Scanner/SCAN]: Scanning Mod File: C:\Users\mattw\Documents\Git\SampleMod\.gradle\repositories\ng_dummy_ng\net\neoforged\forge\1.20.1-47.1.106\forge-1.20.1-47.1.106.jar path net/minecraft/world/level/block/state/properties/BlockStateProperties.class
[13Aug2026 02:00:08.744] [main/DEBUG] [net.minecraftforge.fml.loading.RuntimeDistCleaner/DISTXFORM]: Removing Class Annotation: com/mojang/blaze3d/vertex/BufferVertexConsumer @Lnet/minecraftforge/api/distmarker/OnlyIn;
[13Aug2026 02:00:08.750] [main/DEBUG] [net.minecraftforge.fml.loading.RuntimeDistCleaner/DISTXFORM]: Removing Class Annotation: com/mojang/blaze3d/vertex/VertexConsumer @Lnet/minecraftforge/api/distmarker/OnlyIn;
[13Aug2026 02:00:08.756] [main/DEBUG] [net.minecraftforge.fml.loading.RuntimeDistCleaner/DISTXFORM]: Removing Class Annotation: net/minecraft/client/gui/GuiGraphics @Lnet/minecraftforge/api/distmarker/OnlyIn;
[13Aug2026 02:00:08.757] [background-scan-handler-0/DEBUG] [net.minecraftforge.fml.loading.moddiscovery.Scanner/SCAN]: Scanning Mod File: C:\Users\mattw\Documents\Git\SampleMod\.gradle\repositories\ng_dummy_ng\net\neoforged\forge\1.20.1-47.1.106\forge-1.20.1-47.1.106.jar path net/minecraft/world/level/block/state/properties/BlockSetType.class
[13Aug2026 02:00:08.758] [background-scan-handler-0/DEBUG] [net.minecraftforge.fml.loading.moddiscovery.Scanner/SCAN]: Scanning Mod File: C:\Users\mattw\Documents\Git\SampleMod\.gradle\repositories\ng_dummy_ng\net\neoforged\forge\1.20.1-47.1.106\forge-1.20.1-47.1.106.jar path net/minecraft/world/level/block/state/properties/BellAttachType.class
[13Aug2026 02:00:08.759] [background-scan-handler-0/DEBUG] [net.minecraftforge.fml.loading.moddiscovery.Scanner/SCAN]: Scanning Mod File: C:\Users\mattw\Documents\Git\SampleMod\.gradle\repositories\ng_dummy_ng\net\neoforged\forge\1.20.1-47.1.106\forge-1.20.1-47.1.106.jar path net/minecraft/world/level/block/state/properties/BedPart.class
[13Aug2026 02:00:08.761] [background-scan-handler-0/DEBUG] [net.minecraftforge.fml.loading.moddiscovery.Scanner/SCAN]: Scanning Mod File: C:\Users\mattw\Documents\Git\SampleMod\.gradle\repositories\ng_dummy_ng\net\neoforged\forge\1.20.1-47.1.106\forge-1.20.1-47.1.106.jar path net/minecraft/world/level/block/state/properties/BambooLeaves.class
[13Aug2026 02:00:08.761] [background-scan-handler-0/DEBUG] [net.minecraftforge.fml.loading.moddiscovery.Scanner/SCAN]: Scanning Mod File: C:\Users\mattw\Documents\Git\SampleMod\.gradle\repositories\ng_dummy_ng\net\neoforged\forge\1.20.1-47.1.106\forge-1.20.1-47.1.106.jar path net/minecraft/world/level/block/state/properties/AttachFace.class
[13Aug2026 02:00:08.762] [background-scan-handler-0/DEBUG] [net.minecraftforge.fml.loading.moddiscovery.Scanner/SCAN]: Scanning Mod File: C:\Users\mattw\Documents\Git\SampleMod\.gradle\repositories\ng_dummy_ng\net\neoforged\forge\1.20.1-47.1.106\forge-1.20.1-47.1.106.jar path net/minecraft/world/level/block/state/predicate/package-info.class
[13Aug2026 02:00:08.762] [background-scan-handler-0/DEBUG] [net.minecraftforge.fml.loading.moddiscovery.Scanner/SCAN]: Scanning Mod File: C:\Users\mattw\Documents\Git\SampleMod\.gradle\repositories\ng_dummy_ng\net\neoforged\forge\1.20.1-47.1.106\forge-1.20.1-47.1.106.jar path net/minecraft/world/level/block/state/predicate/BlockStatePredicate.class
[13Aug2026 02:00:08.763] [background-scan-handler-0/DEBUG] [net.minecraftforge.fml.loading.moddiscovery.Scanner/SCAN]: Scanning Mod File: C:\Users\mattw\Documents\Git\SampleMod\.gradle\repositories\ng_dummy_ng\net\neoforged\forge\1.20.1-47.1.106\forge-1.20.1-47.1.106.jar path net/minecraft/world/level/block/state/predicate/BlockPredicate.class
[13Aug2026 02:00:08.763] [background-scan-handler-0/DEBUG] [net.minecraftforge.fml.loading.moddiscovery.Scanner/SCAN]: Scanning Mod File: C:\Users\mattw\Documents\Git\SampleMod\.gradle\repositories\ng_dummy_ng\net\neoforged\forge\1.20.1-47.1.106\forge-1.20.1-47.1.106.jar path net/minecraft/world/level/block/state/pattern/package-info.class
[13Aug2026 02:00:08.764] [background-scan-handler-0/DEBUG] [net.minecraftforge.fml.loading.moddiscovery.Scanner/SCAN]: Scanning Mod File: C:\Users\mattw\Documents\Git\SampleMod\.gradle\repositories\ng_dummy_ng\net\neoforged\forge\1.20.1-47.1.106\forge-1.20.1-47.1.106.jar path net/minecraft/world/level/block/state/pattern/BlockPatternBuilder.class
[13Aug2026 02:00:08.764] [background-scan-handler-0/DEBUG] [net.minecraftforge.fml.loading.moddiscovery.Scanner/SCAN]: Scanning Mod File: C:\Users\mattw\Documents\Git\SampleMod\.gradle\repositories\ng_dummy_ng\net\neoforged\forge\1.20.1-47.1.106\forge-1.20.1-47.1.106.jar path net/minecraft/world/level/block/state/pattern/BlockPattern.class
[13Aug2026 02:00:08.767] [background-scan-handler-0/DEBUG] [net.minecraftforge.fml.loading.moddiscovery.Scanner/SCAN]: Scanning Mod File: C:\Users\mattw\Documents\Git\SampleMod\.gradle\repositories\ng_dummy_ng\net\neoforged\forge\1.20.1-47.1.106\forge-1.20.1-47.1.106.jar path net/minecraft/world/level/block/state/pattern/BlockPattern$BlockPatternMatch.class
[13Aug2026 02:00:08.767] [background-scan-handler-0/DEBUG] [net.minecraftforge.fml.loading.moddiscovery.Scanner/SCAN]: Scanning Mod File: C:\Users\mattw\Documents\Git\SampleMod\.gradle\repositories\ng_dummy_ng\net\neoforged\forge\1.20.1-47.1.106\forge-1.20.1-47.1.106.jar path net/minecraft/world/level/block/state/pattern/BlockPattern$BlockCacheLoader.class
[13Aug2026 02:00:08.767] [background-scan-handler-0/DEBUG] [net.minecraftforge.fml.loading.moddiscovery.Scanner/SCAN]: Scanning Mod File: C:\Users\mattw\Documents\Git\SampleMod\.gradle\repositories\ng_dummy_ng\net\neoforged\forge\1.20.1-47.1.106\forge-1.20.1-47.1.106.jar path net/minecraft/world/level/block/state/pattern/BlockInWorld.class
[13Aug2026 02:00:08.768] [background-scan-handler-0/DEBUG] [net.minecraftforge.fml.loading.moddiscovery.Scanner/SCAN]: Scanning Mod File: C:\Users\mattw\Documents\Git\SampleMod\.gradle\repositories\ng_dummy_ng\net\neoforged\forge\1.20.1-47.1.106\forge-1.20.1-47.1.106.jar path net/minecraft/world/level/block/state/package-info.class
[13Aug2026 02:00:08.770] [background-scan-handler-0/DEBUG] [net.minecraftforge.fml.loading.moddiscovery.Scanner/SCAN]: Scanning Mod File: C:\Users\mattw\Documents\Git\SampleMod\.gradle\repositories\ng_dummy_ng\net\neoforged\forge\1.20.1-47.1.106\forge-1.20.1-47.1.106.jar path net/minecraft/world/level/block/state/BlockState.class
[13Aug2026 02:00:08.771] [background-scan-handler-0/DEBUG] [net.minecraftforge.fml.loading.moddiscovery.Scanner/SCAN]: Scanning Mod File: C:\Users\mattw\Documents\Git\SampleMod\.gradle\repositories\ng_dummy_ng\net\neoforged\forge\1.20.1-47.1.106\forge-1.20.1-47.1.106.jar path net/minecraft/world/level/block/state/BlockBehaviour.class
[13Aug2026 02:00:08.774] [background-scan-handler-0/DEBUG] [net.minecraftforge.fml.loading.moddiscovery.Scanner/SCAN]: Scanning Mod File: C:\Users\mattw\Documents\Git\SampleMod\.gradle\repositories\ng_dummy_ng\net\neoforged\forge\1.20.1-47.1.106\forge-1.20.1-47.1.106.jar path net/minecraft/world/level/block/state/BlockBehaviour$StatePredicate.class
[13Aug2026 02:00:08.774] [background-scan-handler-0/DEBUG] [net.minecraftforge.fml.loading.moddiscovery.Scanner/SCAN]: Scanning Mod File: C:\Users\mattw\Documents\Git\SampleMod\.gradle\repositories\ng_dummy_ng\net\neoforged\forge\1.20.1-47.1.106\forge-1.20.1-47.1.106.jar path net/minecraft/world/level/block/state/BlockBehaviour$StateArgumentPredicate.class
[13Aug2026 02:00:08.775] [background-scan-handler-0/DEBUG] [net.minecraftforge.fml.loading.moddiscovery.Scanner/SCAN]: Scanning Mod File: C:\Users\mattw\Documents\Git\SampleMod\.gradle\repositories\ng_dummy_ng\net\neoforged\forge\1.20.1-47.1.106\forge-1.20.1-47.1.106.jar path net/minecraft/world/level/block/state/BlockBehaviour$Properties.class
[13Aug2026 02:00:08.777] [background-scan-handler-0/DEBUG] [net.minecraftforge.fml.loading.moddiscovery.Scanner/SCAN]: Scanning Mod File: C:\Users\mattw\Documents\Git\SampleMod\.gradle\repositories\ng_dummy_ng\net\neoforged\forge\1.20.1-47.1.106\forge-1.20.1-47.1.106.jar path net/minecraft/world/level/block/state/BlockBehaviour$OffsetType.class
[13Aug2026 02:00:08.777] [background-scan-handler-0/DEBUG] [net.minecraftforge.fml.loading.moddiscovery.Scanner/SCAN]: Scanning Mod File: C:\Users\mattw\Documents\Git\SampleMod\.gradle\repositories\ng_dummy_ng\net\neoforged\forge\1.20.1-47.1.106\forge-1.20.1-47.1.106.jar path net/minecraft/world/level/block/state/BlockBehaviour$OffsetFunction.class
[13Aug2026 02:00:08.777] [background-scan-handler-0/DEBUG] [net.minecraftforge.fml.loading.moddiscovery.Scanner/SCAN]: Scanning Mod File: C:\Users\mattw\Documents\Git\SampleMod\.gradle\repositories\ng_dummy_ng\net\neoforged\forge\1.20.1-47.1.106\forge-1.20.1-47.1.106.jar path net/minecraft/world/level/block/state/BlockBehaviour$BlockStateBase.class
[13Aug2026 02:00:08.779] [background-scan-handler-0/DEBUG] [net.minecraftforge.fml.loading.moddiscovery.Scanner/SCAN]: Scanning Mod File: C:\Users\mattw\Documents\Git\SampleMod\.gradle\repositories\ng_dummy_ng\net\neoforged\forge\1.20.1-47.1.106\forge-1.20.1-47.1.106.jar path net/minecraft/world/level/block/state/BlockBehaviour$BlockStateBase$Cache.class
[13Aug2026 02:00:08.779] [background-scan-handler-0/DEBUG] [net.minecraftforge.fml.loading.moddiscovery.Scanner/SCAN]: Scanning Mod File: C:\Users\mattw\Documents\Git\SampleMod\.gradle\repositories\ng_dummy_ng\net\neoforged\forge\1.20.1-47.1.106\forge-1.20.1-47.1.106.jar path net/minecraft/world/level/block/state/BlockBehaviour$1.class
[13Aug2026 02:00:08.779] [background-scan-handler-0/DEBUG] [net.minecraftforge.fml.loading.moddiscovery.Scanner/SCAN]: Scanning Mod File: C:\Users\mattw\Documents\Git\SampleMod\.gradle\repositories\ng_dummy_ng\net\neoforged\forge\1.20.1-47.1.106\forge-1.20.1-47.1.106.jar path net/minecraft/world/level/block/StandingSignBlock.class
[13Aug2026 02:00:08.780] [background-scan-handler-0/DEBUG] [net.minecraftforge.fml.loading.moddiscovery.Scanner/SCAN]: Scanning Mod File: C:\Users\mattw\Documents\Git\SampleMod\.gradle\repositories\ng_dummy_ng\net\neoforged\forge\1.20.1-47.1.106\forge-1.20.1-47.1.106.jar path net/minecraft/world/level/block/StairBlock.class
[13Aug2026 02:00:08.781] [background-scan-handler-0/DEBUG] [net.minecraftforge.fml.loading.moddiscovery.Scanner/SCAN]: Scanning Mod File: C:\Users\mattw\Documents\Git\SampleMod\.gradle\repositories\ng_dummy_ng\net\neoforged\forge\1.20.1-47.1.106\forge-1.20.1-47.1.106.jar path net/minecraft/world/level/block/StairBlock$1.class
[13Aug2026 02:00:08.787] [background-scan-handler-0/DEBUG] [net.minecraftforge.fml.loading.moddiscovery.Scanner/SCAN]: Scanning Mod File: C:\Users\mattw\Documents\Git\SampleMod\.gradle\repositories\ng_dummy_ng\net\neoforged\forge\1.20.1-47.1.106\forge-1.20.1-47.1.106.jar path net/minecraft/world/level/block/StainedGlassPaneBlock.class
[13Aug2026 02:00:08.787] [background-scan-handler-0/DEBUG] [net.minecraftforge.fml.loading.moddiscovery.Scanner/SCAN]: Scanning Mod File: C:\Users\mattw\Documents\Git\SampleMod\.gradle\repositories\ng_dummy_ng\net\neoforged\forge\1.20.1-47.1.106\forge-1.20.1-47.1.106.jar path net/minecraft/world/level/block/StainedGlassBlock.class
[13Aug2026 02:00:08.788] [background-scan-handler-0/DEBUG] [net.minecraftforge.fml.loading.moddiscovery.Scanner/SCAN]: Scanning Mod File: C:\Users\mattw\Documents\Git\SampleMod\.gradle\repositories\ng_dummy_ng\net\neoforged\forge\1.20.1-47.1.106\forge-1.20.1-47.1.106.jar path net/minecraft/world/level/block/SpreadingSnowyDirtBlock.class
[13Aug2026 02:00:08.790] [background-scan-handler-0/DEBUG] [net.minecraftforge.fml.loading.moddiscovery.Scanner/SCAN]: Scanning Mod File: C:\Users\mattw\Documents\Git\SampleMod\.gradle\repositories\ng_dummy_ng\net\neoforged\forge\1.20.1-47.1.106\forge-1.20.1-47.1.106.jar path net/minecraft/world/level/block/SporeBlossomBlock.class
[13Aug2026 02:00:08.791] [background-scan-handler-0/DEBUG] [net.minecraftforge.fml.loading.moddiscovery.Scanner/SCAN]: Scanning Mod File: C:\Users\mattw\Documents\Git\SampleMod\.gradle\repositories\ng_dummy_ng\net\neoforged\forge\1.20.1-47.1.106\forge-1.20.1-47.1.106.jar path net/minecraft/world/level/block/SpongeBlock.class
[13Aug2026 02:00:08.792] [background-scan-handler-0/DEBUG] [net.minecraftforge.fml.loading.moddiscovery.Scanner/SCAN]: Scanning Mod File: C:\Users\mattw\Documents\Git\SampleMod\.gradle\repositories\ng_dummy_ng\net\neoforged\forge\1.20.1-47.1.106\forge-1.20.1-47.1.106.jar path net/minecraft/world/level/block/SpawnerBlock.class
[13Aug2026 02:00:08.793] [background-scan-handler-0/DEBUG] [net.minecraftforge.fml.loading.moddiscovery.Scanner/SCAN]: Scanning Mod File: C:\Users\mattw\Documents\Git\SampleMod\.gradle\repositories\ng_dummy_ng\net\neoforged\forge\1.20.1-47.1.106\forge-1.20.1-47.1.106.jar path net/minecraft/world/level/block/SoundType.class
[13Aug2026 02:00:08.799] [background-scan-handler-0/DEBUG] [net.minecraftforge.fml.loading.moddiscovery.Scanner/SCAN]: Scanning Mod File: C:\Users\mattw\Documents\Git\SampleMod\.gradle\repositories\ng_dummy_ng\net\neoforged\forge\1.20.1-47.1.106\forge-1.20.1-47.1.106.jar path net/minecraft/world/level/block/SoulSandBlock.class
[13Aug2026 02:00:08.799] [background-scan-handler-0/DEBUG] [net.minecraftforge.fml.loading.moddiscovery.Scanner/SCAN]: Scanning Mod File: C:\Users\mattw\Documents\Git\SampleMod\.gradle\repositories\ng_dummy_ng\net\neoforged\forge\1.20.1-47.1.106\forge-1.20.1-47.1.106.jar path net/minecraft/world/level/block/SoulFireBlock.class
[13Aug2026 02:00:08.800] [background-scan-handler-0/DEBUG] [net.minecraftforge.fml.loading.moddiscovery.Scanner/SCAN]: Scanning Mod File: C:\Users\mattw\Documents\Git\SampleMod\.gradle\repositories\ng_dummy_ng\net\neoforged\forge\1.20.1-47.1.106\forge-1.20.1-47.1.106.jar path net/minecraft/world/level/block/SnowyDirtBlock.class
[13Aug2026 02:00:08.802] [background-scan-handler-0/DEBUG] [net.minecraftforge.fml.loading.moddiscovery.Scanner/SCAN]: Scanning Mod File: C:\Users\mattw\Documents\Git\SampleMod\.gradle\repositories\ng_dummy_ng\net\neoforged\forge\1.20.1-47.1.106\forge-1.20.1-47.1.106.jar path net/minecraft/world/level/block/SnowLayerBlock.class
[13Aug2026 02:00:08.810] [background-scan-handler-0/DEBUG] [net.minecraftforge.fml.loading.moddiscovery.Scanner/SCAN]: Scanning Mod File: C:\Users\mattw\Documents\Git\SampleMod\.gradle\repositories\ng_dummy_ng\net\neoforged\forge\1.20.1-47.1.106\forge-1.20.1-47.1.106.jar path net/minecraft/world/level/block/SnowLayerBlock$1.class
[13Aug2026 02:00:08.813] [background-scan-handler-0/DEBUG] [net.minecraftforge.fml.loading.moddiscovery.Scanner/SCAN]: Scanning Mod File: C:\Users\mattw\Documents\Git\SampleMod\.gradle\repositories\ng_dummy_ng\net\neoforged\forge\1.20.1-47.1.106\forge-1.20.1-47.1.106.jar path net/minecraft/world/level/block/SnifferEggBlock.class
[13Aug2026 02:00:08.816] [background-scan-handler-0/DEBUG] [net.minecraftforge.fml.loading.moddiscovery.Scanner/SCAN]: Scanning Mod File: C:\Users\mattw\Documents\Git\SampleMod\.gradle\repositories\ng_dummy_ng\net\neoforged\forge\1.20.1-47.1.106\forge-1.20.1-47.1.106.jar path net/minecraft/world/level/block/SmokerBlock.class
[13Aug2026 02:00:08.819] [background-scan-handler-0/DEBUG] [net.minecraftforge.fml.loading.moddiscovery.Scanner/SCAN]: Scanning Mod File: C:\Users\mattw\Documents\Git\SampleMod\.gradle\repositories\ng_dummy_ng\net\neoforged\forge\1.20.1-47.1.106\forge-1.20.1-47.1.106.jar path net/minecraft/world/level/block/SmithingTableBlock.class
[13Aug2026 02:00:08.819] [background-scan-handler-0/DEBUG] [net.minecraftforge.fml.loading.moddiscovery.Scanner/SCAN]: Scanning Mod File: C:\Users\mattw\Documents\Git\SampleMod\.gradle\repositories\ng_dummy_ng\net\neoforged\forge\1.20.1-47.1.106\forge-1.20.1-47.1.106.jar path net/minecraft/world/level/block/SmallDripleafBlock.class
[13Aug2026 02:00:08.824] [background-scan-handler-0/DEBUG] [net.minecraftforge.fml.loading.moddiscovery.Scanner/SCAN]: Scanning Mod File: C:\Users\mattw\Documents\Git\SampleMod\.gradle\repositories\ng_dummy_ng\net\neoforged\forge\1.20.1-47.1.106\forge-1.20.1-47.1.106.jar path net/minecraft/world/level/block/SlimeBlock.class
[13Aug2026 02:00:08.825] [background-scan-handler-0/DEBUG] [net.minecraftforge.fml.loading.moddiscovery.Scanner/SCAN]: Scanning Mod File: C:\Users\mattw\Documents\Git\SampleMod\.gradle\repositories\ng_dummy_ng\net\neoforged\forge\1.20.1-47.1.106\forge-1.20.1-47.1.106.jar path net/minecraft/world/level/block/SlabBlock.class
[13Aug2026 02:00:08.831] [background-scan-handler-0/DEBUG] [net.minecraftforge.fml.loading.moddiscovery.Scanner/SCAN]: Scanning Mod File: C:\Users\mattw\Documents\Git\SampleMod\.gradle\repositories\ng_dummy_ng\net\neoforged\forge\1.20.1-47.1.106\forge-1.20.1-47.1.106.jar path net/minecraft/world/level/block/SlabBlock$1.class
[13Aug2026 02:00:08.834] [main/DEBUG] [net.minecraftforge.accesstransformer.AccessTransformer/AXFORM]: Transforming net.minecraft.client.Minecraft FIELD f_90987_ to access PUBLIC and LEAVE
[13Aug2026 02:00:08.835] [background-scan-handler-0/DEBUG] [net.minecraftforge.fml.loading.moddiscovery.Scanner/SCAN]: Scanning Mod File: C:\Users\mattw\Documents\Git\SampleMod\.gradle\repositories\ng_dummy_ng\net\neoforged\forge\1.20.1-47.1.106\forge-1.20.1-47.1.106.jar path net/minecraft/world/level/block/SkullBlock.class
[13Aug2026 02:00:08.836] [background-scan-handler-0/DEBUG] [net.minecraftforge.fml.loading.moddiscovery.Scanner/SCAN]: Scanning Mod File: C:\Users\mattw\Documents\Git\SampleMod\.gradle\repositories\ng_dummy_ng\net\neoforged\forge\1.20.1-47.1.106\forge-1.20.1-47.1.106.jar path net/minecraft/world/level/block/SkullBlock$Types.class
[13Aug2026 02:00:08.837] [background-scan-handler-0/DEBUG] [net.minecraftforge.fml.loading.moddiscovery.Scanner/SCAN]: Scanning Mod File: C:\Users\mattw\Documents\Git\SampleMod\.gradle\repositories\ng_dummy_ng\net\neoforged\forge\1.20.1-47.1.106\forge-1.20.1-47.1.106.jar path net/minecraft/world/level/block/SkullBlock$Type.class
[13Aug2026 02:00:08.837] [background-scan-handler-0/DEBUG] [net.minecraftforge.fml.loading.moddiscovery.Scanner/SCAN]: Scanning Mod File: C:\Users\mattw\Documents\Git\SampleMod\.gradle\repositories\ng_dummy_ng\net\neoforged\forge\1.20.1-47.1.106\forge-1.20.1-47.1.106.jar path net/minecraft/world/level/block/SimpleWaterloggedBlock.class
[13Aug2026 02:00:08.840] [main/DEBUG] [net.minecraftforge.accesstransformer.AccessTransformer/AXFORM]: Transforming net.minecraft.client.Minecraft METHOD m_91271_()V to access PUBLIC and LEAVE
[13Aug2026 02:00:08.840] [main/DEBUG] [net.minecraftforge.fml.loading.RuntimeDistCleaner/DISTXFORM]: Removing Class Annotation: net/minecraft/client/Minecraft @Lnet/minecraftforge/api/distmarker/OnlyIn;
[13Aug2026 02:00:08.839] [background-scan-handler-0/DEBUG] [net.minecraftforge.fml.loading.moddiscovery.Scanner/SCAN]: Scanning Mod File: C:\Users\mattw\Documents\Git\SampleMod\.gradle\repositories\ng_dummy_ng\net\neoforged\forge\1.20.1-47.1.106\forge-1.20.1-47.1.106.jar path net/minecraft/world/level/block/SignBlock.class
[13Aug2026 02:00:08.845] [background-scan-handler-0/DEBUG] [net.minecraftforge.fml.loading.moddiscovery.Scanner/SCAN]: Scanning Mod File: C:\Users\mattw\Documents\Git\SampleMod\.gradle\repositories\ng_dummy_ng\net\neoforged\forge\1.20.1-47.1.106\forge-1.20.1-47.1.106.jar path net/minecraft/world/level/block/ShulkerBoxBlock.class
[13Aug2026 02:00:08.848] [background-scan-handler-0/DEBUG] [net.minecraftforge.fml.loading.moddiscovery.Scanner/SCAN]: Scanning Mod File: C:\Users\mattw\Documents\Git\SampleMod\.gradle\repositories\ng_dummy_ng\net\neoforged\forge\1.20.1-47.1.106\forge-1.20.1-47.1.106.jar path net/minecraft/world/level/block/ShulkerBoxBlock$1.class
[13Aug2026 02:00:08.849] [background-scan-handler-0/DEBUG] [net.minecraftforge.fml.loading.moddiscovery.Scanner/SCAN]: Scanning Mod File: C:\Users\mattw\Documents\Git\SampleMod\.gradle\repositories\ng_dummy_ng\net\neoforged\forge\1.20.1-47.1.106\forge-1.20.1-47.1.106.jar path net/minecraft/world/level/block/SeaPickleBlock.class
[13Aug2026 02:00:08.853] [background-scan-handler-0/DEBUG] [net.minecraftforge.fml.loading.moddiscovery.Scanner/SCAN]: Scanning Mod File: C:\Users\mattw\Documents\Git\SampleMod\.gradle\repositories\ng_dummy_ng\net\neoforged\forge\1.20.1-47.1.106\forge-1.20.1-47.1.106.jar path net/minecraft/world/level/block/SeagrassBlock.class
[13Aug2026 02:00:08.854] [background-scan-handler-0/DEBUG] [net.minecraftforge.fml.loading.moddiscovery.Scanner/SCAN]: Scanning Mod File: C:\Users\mattw\Documents\Git\SampleMod\.gradle\repositories\ng_dummy_ng\net\neoforged\forge\1.20.1-47.1.106\forge-1.20.1-47.1.106.jar path net/minecraft/world/level/block/SculkVeinBlock.class
[13Aug2026 02:00:08.855] [background-scan-handler-0/DEBUG] [net.minecraftforge.fml.loading.moddiscovery.Scanner/SCAN]: Scanning Mod File: C:\Users\mattw\Documents\Git\SampleMod\.gradle\repositories\ng_dummy_ng\net\neoforged\forge\1.20.1-47.1.106\forge-1.20.1-47.1.106.jar path net/minecraft/world/level/block/SculkVeinBlock$SculkVeinSpreaderConfig.class
[13Aug2026 02:00:08.855] [main/DEBUG] [net.minecraftforge.fml.loading.RuntimeDistCleaner/DISTXFORM]: Removing Class Annotation: com/mojang/blaze3d/platform/WindowEventHandler @Lnet/minecraftforge/api/distmarker/OnlyIn;
[13Aug2026 02:00:08.855] [background-scan-handler-0/DEBUG] [net.minecraftforge.fml.loading.moddiscovery.Scanner/SCAN]: Scanning Mod File: C:\Users\mattw\Documents\Git\SampleMod\.gradle\repositories\ng_dummy_ng\net\neoforged\forge\1.20.1-47.1.106\forge-1.20.1-47.1.106.jar path net/minecraft/world/level/block/SculkSpreader.class
[13Aug2026 02:00:08.857] [background-scan-handler-0/DEBUG] [net.minecraftforge.fml.loading.moddiscovery.Scanner/SCAN]: Scanning Mod File: C:\Users\mattw\Documents\Git\SampleMod\.gradle\repositories\ng_dummy_ng\net\neoforged\forge\1.20.1-47.1.106\forge-1.20.1-47.1.106.jar path net/minecraft/world/level/block/SculkSpreader$ChargeCursor.class
[13Aug2026 02:00:08.858] [background-scan-handler-0/DEBUG] [net.minecraftforge.fml.loading.moddiscovery.Scanner/SCAN]: Scanning Mod File: C:\Users\mattw\Documents\Git\SampleMod\.gradle\repositories\ng_dummy_ng\net\neoforged\forge\1.20.1-47.1.106\forge-1.20.1-47.1.106.jar path net/minecraft/world/level/block/SculkShriekerBlock.class
[13Aug2026 02:00:08.860] [background-scan-handler-0/DEBUG] [net.minecraftforge.fml.loading.moddiscovery.Scanner/SCAN]: Scanning Mod File: C:\Users\mattw\Documents\Git\SampleMod\.gradle\repositories\ng_dummy_ng\net\neoforged\forge\1.20.1-47.1.106\forge-1.20.1-47.1.106.jar path net/minecraft/world/level/block/SculkSensorBlock.class
[13Aug2026 02:00:08.862] [background-scan-handler-0/DEBUG] [net.minecraftforge.fml.loading.moddiscovery.Scanner/SCAN]: Scanning Mod File: C:\Users\mattw\Documents\Git\SampleMod\.gradle\repositories\ng_dummy_ng\net\neoforged\forge\1.20.1-47.1.106\forge-1.20.1-47.1.106.jar path net/minecraft/world/level/block/SculkCatalystBlock.class
[13Aug2026 02:00:08.863] [background-scan-handler-0/DEBUG] [net.minecraftforge.fml.loading.moddiscovery.Scanner/SCAN]: Scanning Mod File: C:\Users\mattw\Documents\Git\SampleMod\.gradle\repositories\ng_dummy_ng\net\neoforged\forge\1.20.1-47.1.106\forge-1.20.1-47.1.106.jar path net/minecraft/world/level/block/SculkBlock.class
[13Aug2026 02:00:08.864] [background-scan-handler-0/DEBUG] [net.minecraftforge.fml.loading.moddiscovery.Scanner/SCAN]: Scanning Mod File: C:\Users\mattw\Documents\Git\SampleMod\.gradle\repositories\ng_dummy_ng\net\neoforged\forge\1.20.1-47.1.106\forge-1.20.1-47.1.106.jar path net/minecraft/world/level/block/SculkBehaviour.class
[13Aug2026 02:00:08.867] [background-scan-handler-0/DEBUG] [net.minecraftforge.fml.loading.moddiscovery.Scanner/SCAN]: Scanning Mod File: C:\Users\mattw\Documents\Git\SampleMod\.gradle\repositories\ng_dummy_ng\net\neoforged\forge\1.20.1-47.1.106\forge-1.20.1-47.1.106.jar path net/minecraft/world/level/block/SculkBehaviour$1.class
[13Aug2026 02:00:08.867] [background-scan-handler-0/DEBUG] [net.minecraftforge.fml.loading.moddiscovery.Scanner/SCAN]: Scanning Mod File: C:\Users\mattw\Documents\Git\SampleMod\.gradle\repositories\ng_dummy_ng\net\neoforged\forge\1.20.1-47.1.106\forge-1.20.1-47.1.106.jar path net/minecraft/world/level/block/ScaffoldingBlock.class
[13Aug2026 02:00:08.867] [background-scan-handler-0/DEBUG] [net.minecraftforge.fml.loading.moddiscovery.Scanner/SCAN]: Scanning Mod File: C:\Users\mattw\Documents\Git\SampleMod\.gradle\repositories\ng_dummy_ng\net\neoforged\forge\1.20.1-47.1.106\forge-1.20.1-47.1.106.jar path net/minecraft/world/level/block/SaplingBlock.class
[13Aug2026 02:00:08.868] [background-scan-handler-0/DEBUG] [net.minecraftforge.fml.loading.moddiscovery.Scanner/SCAN]: Scanning Mod File: C:\Users\mattw\Documents\Git\SampleMod\.gradle\repositories\ng_dummy_ng\net\neoforged\forge\1.20.1-47.1.106\forge-1.20.1-47.1.106.jar path net/minecraft/world/level/block/SandBlock.class
[13Aug2026 02:00:08.868] [background-scan-handler-0/DEBUG] [net.minecraftforge.fml.loading.moddiscovery.Scanner/SCAN]: Scanning Mod File: C:\Users\mattw\Documents\Git\SampleMod\.gradle\repositories\ng_dummy_ng\net\neoforged\forge\1.20.1-47.1.106\forge-1.20.1-47.1.106.jar path net/minecraft/world/level/block/Rotation.class
[13Aug2026 02:00:08.868] [background-scan-handler-0/DEBUG] [net.minecraftforge.fml.loading.moddiscovery.Scanner/SCAN]: Scanning Mod File: C:\Users\mattw\Documents\Git\SampleMod\.gradle\repositories\ng_dummy_ng\net\neoforged\forge\1.20.1-47.1.106\forge-1.20.1-47.1.106.jar path net/minecraft/world/level/block/Rotation$1.class
[13Aug2026 02:00:08.868] [background-scan-handler-0/DEBUG] [net.minecraftforge.fml.loading.moddiscovery.Scanner/SCAN]: Scanning Mod File: C:\Users\mattw\Documents\Git\SampleMod\.gradle\repositories\ng_dummy_ng\net\neoforged\forge\1.20.1-47.1.106\forge-1.20.1-47.1.106.jar path net/minecraft/world/level/block/RotatedPillarBlock.class
[13Aug2026 02:00:08.869] [background-scan-handler-0/DEBUG] [net.minecraftforge.fml.loading.moddiscovery.Scanner/SCAN]: Scanning Mod File: C:\Users\mattw\Documents\Git\SampleMod\.gradle\repositories\ng_dummy_ng\net\neoforged\forge\1.20.1-47.1.106\forge-1.20.1-47.1.106.jar path net/minecraft/world/level/block/RotatedPillarBlock$1.class
[13Aug2026 02:00:08.869] [background-scan-handler-0/DEBUG] [net.minecraftforge.fml.loading.moddiscovery.Scanner/SCAN]: Scanning Mod File: C:\Users\mattw\Documents\Git\SampleMod\.gradle\repositories\ng_dummy_ng\net\neoforged\forge\1.20.1-47.1.106\forge-1.20.1-47.1.106.jar path net/minecraft/world/level/block/RootsBlock.class
[13Aug2026 02:00:08.870] [background-scan-handler-0/DEBUG] [net.minecraftforge.fml.loading.moddiscovery.Scanner/SCAN]: Scanning Mod File: C:\Users\mattw\Documents\Git\SampleMod\.gradle\repositories\ng_dummy_ng\net\neoforged\forge\1.20.1-47.1.106\forge-1.20.1-47.1.106.jar path net/minecraft/world/level/block/RootedDirtBlock.class
[13Aug2026 02:00:08.870] [background-scan-handler-0/DEBUG] [net.minecraftforge.fml.loading.moddiscovery.Scanner/SCAN]: Scanning Mod File: C:\Users\mattw\Documents\Git\SampleMod\.gradle\repositories\ng_dummy_ng\net\neoforged\forge\1.20.1-47.1.106\forge-1.20.1-47.1.106.jar path net/minecraft/world/level/block/RodBlock.class
[13Aug2026 02:00:08.872] [background-scan-handler-0/DEBUG] [net.minecraftforge.fml.loading.moddiscovery.Scanner/SCAN]: Scanning Mod File: C:\Users\mattw\Documents\Git\SampleMod\.gradle\repositories\ng_dummy_ng\net\neoforged\forge\1.20.1-47.1.106\forge-1.20.1-47.1.106.jar path net/minecraft/world/level/block/RodBlock$1.class
[13Aug2026 02:00:08.872] [background-scan-handler-0/DEBUG] [net.minecraftforge.fml.loading.moddiscovery.Scanner/SCAN]: Scanning Mod File: C:\Users\mattw\Documents\Git\SampleMod\.gradle\repositories\ng_dummy_ng\net\neoforged\forge\1.20.1-47.1.106\forge-1.20.1-47.1.106.jar path net/minecraft/world/level/block/RespawnAnchorBlock.class
[13Aug2026 02:00:08.872] [background-scan-handler-0/DEBUG] [net.minecraftforge.fml.loading.moddiscovery.Scanner/SCAN]: Scanning Mod File: C:\Users\mattw\Documents\Git\SampleMod\.gradle\repositories\ng_dummy_ng\net\neoforged\forge\1.20.1-47.1.106\forge-1.20.1-47.1.106.jar path net/minecraft/world/level/block/RespawnAnchorBlock$1.class
[13Aug2026 02:00:08.873] [background-scan-handler-0/DEBUG] [net.minecraftforge.fml.loading.moddiscovery.Scanner/SCAN]: Scanning Mod File: C:\Users\mattw\Documents\Git\SampleMod\.gradle\repositories\ng_dummy_ng\net\neoforged\forge\1.20.1-47.1.106\forge-1.20.1-47.1.106.jar path net/minecraft/world/level/block/RepeaterBlock.class
[13Aug2026 02:00:08.873] [background-scan-handler-0/DEBUG] [net.minecraftforge.fml.loading.moddiscovery.Scanner/SCAN]: Scanning Mod File: C:\Users\mattw\Documents\Git\SampleMod\.gradle\repositories\ng_dummy_ng\net\neoforged\forge\1.20.1-47.1.106\forge-1.20.1-47.1.106.jar path net/minecraft/world/level/block/RenderShape.class
[13Aug2026 02:00:08.873] [background-scan-handler-0/DEBUG] [net.minecraftforge.fml.loading.moddiscovery.Scanner/SCAN]: Scanning Mod File: C:\Users\mattw\Documents\Git\SampleMod\.gradle\repositories\ng_dummy_ng\net\neoforged\forge\1.20.1-47.1.106\forge-1.20.1-47.1.106.jar path net/minecraft/world/level/block/RedStoneWireBlock.class
[13Aug2026 02:00:08.874] [background-scan-handler-0/DEBUG] [net.minecraftforge.fml.loading.moddiscovery.Scanner/SCAN]: Scanning Mod File: C:\Users\mattw\Documents\Git\SampleMod\.gradle\repositories\ng_dummy_ng\net\neoforged\forge\1.20.1-47.1.106\forge-1.20.1-47.1.106.jar path net/minecraft/world/level/block/RedStoneWireBlock$1.class
[13Aug2026 02:00:08.875] [background-scan-handler-0/DEBUG] [net.minecraftforge.fml.loading.moddiscovery.Scanner/SCAN]: Scanning Mod File: C:\Users\mattw\Documents\Git\SampleMod\.gradle\repositories\ng_dummy_ng\net\neoforged\forge\1.20.1-47.1.106\forge-1.20.1-47.1.106.jar path net/minecraft/world/level/block/RedstoneWallTorchBlock.class
[13Aug2026 02:00:08.875] [background-scan-handler-0/DEBUG] [net.minecraftforge.fml.loading.moddiscovery.Scanner/SCAN]: Scanning Mod File: C:\Users\mattw\Documents\Git\SampleMod\.gradle\repositories\ng_dummy_ng\net\neoforged\forge\1.20.1-47.1.106\forge-1.20.1-47.1.106.jar path net/minecraft/world/level/block/RedstoneTorchBlock.class
[13Aug2026 02:00:08.877] [background-scan-handler-0/DEBUG] [net.minecraftforge.fml.loading.moddiscovery.Scanner/SCAN]: Scanning Mod File: C:\Users\mattw\Documents\Git\SampleMod\.gradle\repositories\ng_dummy_ng\net\neoforged\forge\1.20.1-47.1.106\forge-1.20.1-47.1.106.jar path net/minecraft/world/level/block/RedstoneTorchBlock$Toggle.class
[13Aug2026 02:00:08.877] [background-scan-handler-0/DEBUG] [net.minecraftforge.fml.loading.moddiscovery.Scanner/SCAN]: Scanning Mod File: C:\Users\mattw\Documents\Git\SampleMod\.gradle\repositories\ng_dummy_ng\net\neoforged\forge\1.20.1-47.1.106\forge-1.20.1-47.1.106.jar path net/minecraft/world/level/block/RedStoneOreBlock.class
[13Aug2026 02:00:08.877] [background-scan-handler-0/DEBUG] [net.minecraftforge.fml.loading.moddiscovery.Scanner/SCAN]: Scanning Mod File: C:\Users\mattw\Documents\Git\SampleMod\.gradle\repositories\ng_dummy_ng\net\neoforged\forge\1.20.1-47.1.106\forge-1.20.1-47.1.106.jar path net/minecraft/world/level/block/RedstoneLampBlock.class
[13Aug2026 02:00:08.879] [background-scan-handler-0/DEBUG] [net.minecraftforge.fml.loading.moddiscovery.Scanner/SCAN]: Scanning Mod File: C:\Users\mattw\Documents\Git\SampleMod\.gradle\repositories\ng_dummy_ng\net\neoforged\forge\1.20.1-47.1.106\forge-1.20.1-47.1.106.jar path net/minecraft/world/level/block/RailState.class
[13Aug2026 02:00:08.880] [background-scan-handler-0/DEBUG] [net.minecraftforge.fml.loading.moddiscovery.Scanner/SCAN]: Scanning Mod File: C:\Users\mattw\Documents\Git\SampleMod\.gradle\repositories\ng_dummy_ng\net\neoforged\forge\1.20.1-47.1.106\forge-1.20.1-47.1.106.jar path net/minecraft/world/level/block/RailState$1.class
[13Aug2026 02:00:08.881] [background-scan-handler-0/DEBUG] [net.minecraftforge.fml.loading.moddiscovery.Scanner/SCAN]: Scanning Mod File: C:\Users\mattw\Documents\Git\SampleMod\.gradle\repositories\ng_dummy_ng\net\neoforged\forge\1.20.1-47.1.106\forge-1.20.1-47.1.106.jar path net/minecraft/world/level/block/RailBlock.class
[13Aug2026 02:00:08.882] [background-scan-handler-0/DEBUG] [net.minecraftforge.fml.loading.moddiscovery.Scanner/SCAN]: Scanning Mod File: C:\Users\mattw\Documents\Git\SampleMod\.gradle\repositories\ng_dummy_ng\net\neoforged\forge\1.20.1-47.1.106\forge-1.20.1-47.1.106.jar path net/minecraft/world/level/block/RailBlock$1.class
[13Aug2026 02:00:08.882] [background-scan-handler-0/DEBUG] [net.minecraftforge.fml.loading.moddiscovery.Scanner/SCAN]: Scanning Mod File: C:\Users\mattw\Documents\Git\SampleMod\.gradle\repositories\ng_dummy_ng\net\neoforged\forge\1.20.1-47.1.106\forge-1.20.1-47.1.106.jar path net/minecraft/world/level/block/PumpkinBlock.class
[13Aug2026 02:00:08.883] [background-scan-handler-0/DEBUG] [net.minecraftforge.fml.loading.moddiscovery.Scanner/SCAN]: Scanning Mod File: C:\Users\mattw\Documents\Git\SampleMod\.gradle\repositories\ng_dummy_ng\net\neoforged\forge\1.20.1-47.1.106\forge-1.20.1-47.1.106.jar path net/minecraft/world/level/block/PressurePlateBlock.class
[13Aug2026 02:00:08.883] [background-scan-handler-0/DEBUG] [net.minecraftforge.fml.loading.moddiscovery.Scanner/SCAN]: Scanning Mod File: C:\Users\mattw\Documents\Git\SampleMod\.gradle\repositories\ng_dummy_ng\net\neoforged\forge\1.20.1-47.1.106\forge-1.20.1-47.1.106.jar path net/minecraft/world/level/block/PressurePlateBlock$Sensitivity.class
[13Aug2026 02:00:08.884] [background-scan-handler-0/DEBUG] [net.minecraftforge.fml.loading.moddiscovery.Scanner/SCAN]: Scanning Mod File: C:\Users\mattw\Documents\Git\SampleMod\.gradle\repositories\ng_dummy_ng\net\neoforged\forge\1.20.1-47.1.106\forge-1.20.1-47.1.106.jar path net/minecraft/world/level/block/PressurePlateBlock$1.class
[13Aug2026 02:00:08.884] [background-scan-handler-0/DEBUG] [net.minecraftforge.fml.loading.moddiscovery.Scanner/SCAN]: Scanning Mod File: C:\Users\mattw\Documents\Git\SampleMod\.gradle\repositories\ng_dummy_ng\net\neoforged\forge\1.20.1-47.1.106\forge-1.20.1-47.1.106.jar path net/minecraft/world/level/block/PoweredRailBlock.class
[13Aug2026 02:00:08.885] [background-scan-handler-0/DEBUG] [net.minecraftforge.fml.loading.moddiscovery.Scanner/SCAN]: Scanning Mod File: C:\Users\mattw\Documents\Git\SampleMod\.gradle\repositories\ng_dummy_ng\net\neoforged\forge\1.20.1-47.1.106\forge-1.20.1-47.1.106.jar path net/minecraft/world/level/block/PoweredRailBlock$1.class
[13Aug2026 02:00:08.885] [background-scan-handler-0/DEBUG] [net.minecraftforge.fml.loading.moddiscovery.Scanner/SCAN]: Scanning Mod File: C:\Users\mattw\Documents\Git\SampleMod\.gradle\repositories\ng_dummy_ng\net\neoforged\forge\1.20.1-47.1.106\forge-1.20.1-47.1.106.jar path net/minecraft/world/level/block/PoweredBlock.class
[13Aug2026 02:00:08.885] [background-scan-handler-0/DEBUG] [net.minecraftforge.fml.loading.moddiscovery.Scanner/SCAN]: Scanning Mod File: C:\Users\mattw\Documents\Git\SampleMod\.gradle\repositories\ng_dummy_ng\net\neoforged\forge\1.20.1-47.1.106\forge-1.20.1-47.1.106.jar path net/minecraft/world/level/block/PowderSnowCauldronBlock.class
[13Aug2026 02:00:08.885] [background-scan-handler-0/DEBUG] [net.minecraftforge.fml.loading.moddiscovery.Scanner/SCAN]: Scanning Mod File: C:\Users\mattw\Documents\Git\SampleMod\.gradle\repositories\ng_dummy_ng\net\neoforged\forge\1.20.1-47.1.106\forge-1.20.1-47.1.106.jar path net/minecraft/world/level/block/PowderSnowBlock.class
[13Aug2026 02:00:08.887] [background-scan-handler-0/DEBUG] [net.minecraftforge.fml.loading.moddiscovery.Scanner/SCAN]: Scanning Mod File: C:\Users\mattw\Documents\Git\SampleMod\.gradle\repositories\ng_dummy_ng\net\neoforged\forge\1.20.1-47.1.106\forge-1.20.1-47.1.106.jar path net/minecraft/world/level/block/PotatoBlock.class
[13Aug2026 02:00:08.887] [background-scan-handler-0/DEBUG] [net.minecraftforge.fml.loading.moddiscovery.Scanner/SCAN]: Scanning Mod File: C:\Users\mattw\Documents\Git\SampleMod\.gradle\repositories\ng_dummy_ng\net\neoforged\forge\1.20.1-47.1.106\forge-1.20.1-47.1.106.jar path net/minecraft/world/level/block/PointedDripstoneBlock.class
[13Aug2026 02:00:08.888] [background-scan-handler-0/DEBUG] [net.minecraftforge.fml.loading.moddiscovery.Scanner/SCAN]: Scanning Mod File: C:\Users\mattw\Documents\Git\SampleMod\.gradle\repositories\ng_dummy_ng\net\neoforged\forge\1.20.1-47.1.106\forge-1.20.1-47.1.106.jar path net/minecraft/world/level/block/PointedDripstoneBlock$FluidInfo.class
[13Aug2026 02:00:08.889] [background-scan-handler-0/DEBUG] [net.minecraftforge.fml.loading.moddiscovery.Scanner/SCAN]: Scanning Mod File: C:\Users\mattw\Documents\Git\SampleMod\.gradle\repositories\ng_dummy_ng\net\neoforged\forge\1.20.1-47.1.106\forge-1.20.1-47.1.106.jar path net/minecraft/world/level/block/PlayerWallHeadBlock.class
[13Aug2026 02:00:08.890] [background-scan-handler-0/DEBUG] [net.minecraftforge.fml.loading.moddiscovery.Scanner/SCAN]: Scanning Mod File: C:\Users\mattw\Documents\Git\SampleMod\.gradle\repositories\ng_dummy_ng\net\neoforged\forge\1.20.1-47.1.106\forge-1.20.1-47.1.106.jar path net/minecraft/world/level/block/PlayerHeadBlock.class
[13Aug2026 02:00:08.891] [background-scan-handler-0/DEBUG] [net.minecraftforge.fml.loading.moddiscovery.Scanner/SCAN]: Scanning Mod File: C:\Users\mattw\Documents\Git\SampleMod\.gradle\repositories\ng_dummy_ng\net\neoforged\forge\1.20.1-47.1.106\forge-1.20.1-47.1.106.jar path net/minecraft/world/level/block/PitcherCropBlock.class
[13Aug2026 02:00:08.892] [background-scan-handler-0/DEBUG] [net.minecraftforge.fml.loading.moddiscovery.Scanner/SCAN]: Scanning Mod File: C:\Users\mattw\Documents\Git\SampleMod\.gradle\repositories\ng_dummy_ng\net\neoforged\forge\1.20.1-47.1.106\forge-1.20.1-47.1.106.jar path net/minecraft/world/level/block/PitcherCropBlock$PosAndState.class
[13Aug2026 02:00:08.893] [background-scan-handler-0/DEBUG] [net.minecraftforge.fml.loading.moddiscovery.Scanner/SCAN]: Scanning Mod File: C:\Users\mattw\Documents\Git\SampleMod\.gradle\repositories\ng_dummy_ng\net\neoforged\forge\1.20.1-47.1.106\forge-1.20.1-47.1.106.jar path net/minecraft/world/level/block/piston/PistonStructureResolver.class
[13Aug2026 02:00:08.893] [background-scan-handler-0/DEBUG] [net.minecraftforge.fml.loading.moddiscovery.Scanner/SCAN]: Scanning Mod File: C:\Users\mattw\Documents\Git\SampleMod\.gradle\repositories\ng_dummy_ng\net\neoforged\forge\1.20.1-47.1.106\forge-1.20.1-47.1.106.jar path net/minecraft/world/level/block/piston/PistonMovingBlockEntity.class
[13Aug2026 02:00:08.894] [background-scan-handler-0/DEBUG] [net.minecraftforge.fml.loading.moddiscovery.Scanner/SCAN]: Scanning Mod File: C:\Users\mattw\Documents\Git\SampleMod\.gradle\repositories\ng_dummy_ng\net\neoforged\forge\1.20.1-47.1.106\forge-1.20.1-47.1.106.jar path net/minecraft/world/level/block/piston/PistonMovingBlockEntity$1.class
[13Aug2026 02:00:08.894] [background-scan-handler-0/DEBUG] [net.minecraftforge.fml.loading.moddiscovery.Scanner/SCAN]: Scanning Mod File: C:\Users\mattw\Documents\Git\SampleMod\.gradle\repositories\ng_dummy_ng\net\neoforged\forge\1.20.1-47.1.106\forge-1.20.1-47.1.106.jar path net/minecraft/world/level/block/piston/PistonMath.class
[13Aug2026 02:00:08.895] [background-scan-handler-0/DEBUG] [net.minecraftforge.fml.loading.moddiscovery.Scanner/SCAN]: Scanning Mod File: C:\Users\mattw\Documents\Git\SampleMod\.gradle\repositories\ng_dummy_ng\net\neoforged\forge\1.20.1-47.1.106\forge-1.20.1-47.1.106.jar path net/minecraft/world/level/block/piston/PistonMath$1.class
[13Aug2026 02:00:08.895] [background-scan-handler-0/DEBUG] [net.minecraftforge.fml.loading.moddiscovery.Scanner/SCAN]: Scanning Mod File: C:\Users\mattw\Documents\Git\SampleMod\.gradle\repositories\ng_dummy_ng\net\neoforged\forge\1.20.1-47.1.106\forge-1.20.1-47.1.106.jar path net/minecraft/world/level/block/piston/PistonHeadBlock.class
[13Aug2026 02:00:08.896] [background-scan-handler-0/DEBUG] [net.minecraftforge.fml.loading.moddiscovery.Scanner/SCAN]: Scanning Mod File: C:\Users\mattw\Documents\Git\SampleMod\.gradle\repositories\ng_dummy_ng\net\neoforged\forge\1.20.1-47.1.106\forge-1.20.1-47.1.106.jar path net/minecraft/world/level/block/piston/PistonHeadBlock$1.class
[13Aug2026 02:00:08.896] [background-scan-handler-0/DEBUG] [net.minecraftforge.fml.loading.moddiscovery.Scanner/SCAN]: Scanning Mod File: C:\Users\mattw\Documents\Git\SampleMod\.gradle\repositories\ng_dummy_ng\net\neoforged\forge\1.20.1-47.1.106\forge-1.20.1-47.1.106.jar path net/minecraft/world/level/block/piston/PistonBaseBlock.class
[13Aug2026 02:00:08.898] [background-scan-handler-0/DEBUG] [net.minecraftforge.fml.loading.moddiscovery.Scanner/SCAN]: Scanning Mod File: C:\Users\mattw\Documents\Git\SampleMod\.gradle\repositories\ng_dummy_ng\net\neoforged\forge\1.20.1-47.1.106\forge-1.20.1-47.1.106.jar path net/minecraft/world/level/block/piston/PistonBaseBlock$1.class
[13Aug2026 02:00:08.898] [background-scan-handler-0/DEBUG] [net.minecraftforge.fml.loading.moddiscovery.Scanner/SCAN]: Scanning Mod File: C:\Users\mattw\Documents\Git\SampleMod\.gradle\repositories\ng_dummy_ng\net\neoforged\forge\1.20.1-47.1.106\forge-1.20.1-47.1.106.jar path net/minecraft/world/level/block/piston/package-info.class
[13Aug2026 02:00:08.899] [background-scan-handler-0/DEBUG] [net.minecraftforge.fml.loading.moddiscovery.Scanner/SCAN]: Scanning Mod File: C:\Users\mattw\Documents\Git\SampleMod\.gradle\repositories\ng_dummy_ng\net\neoforged\forge\1.20.1-47.1.106\forge-1.20.1-47.1.106.jar path net/minecraft/world/level/block/piston/MovingPistonBlock.class
[13Aug2026 02:00:08.899] [background-scan-handler-0/DEBUG] [net.minecraftforge.fml.loading.moddiscovery.Scanner/SCAN]: Scanning Mod File: C:\Users\mattw\Documents\Git\SampleMod\.gradle\repositories\ng_dummy_ng\net\neoforged\forge\1.20.1-47.1.106\forge-1.20.1-47.1.106.jar path net/minecraft/world/level/block/PipeBlock.class
[13Aug2026 02:00:08.899] [background-scan-handler-0/DEBUG] [net.minecraftforge.fml.loading.moddiscovery.Scanner/SCAN]: Scanning Mod File: C:\Users\mattw\Documents\Git\SampleMod\.gradle\repositories\ng_dummy_ng\net\neoforged\forge\1.20.1-47.1.106\forge-1.20.1-47.1.106.jar path net/minecraft/world/level/block/PinkPetalsBlock.class
[13Aug2026 02:00:08.901] [background-scan-handler-0/DEBUG] [net.minecraftforge.fml.loading.moddiscovery.Scanner/SCAN]: Scanning Mod File: C:\Users\mattw\Documents\Git\SampleMod\.gradle\repositories\ng_dummy_ng\net\neoforged\forge\1.20.1-47.1.106\forge-1.20.1-47.1.106.jar path net/minecraft/world/level/block/PiglinWallSkullBlock.class
[13Aug2026 02:00:08.902] [background-scan-handler-0/DEBUG] [net.minecraftforge.fml.loading.moddiscovery.Scanner/SCAN]: Scanning Mod File: C:\Users\mattw\Documents\Git\SampleMod\.gradle\repositories\ng_dummy_ng\net\neoforged\forge\1.20.1-47.1.106\forge-1.20.1-47.1.106.jar path net/minecraft/world/level/block/package-info.class
[13Aug2026 02:00:08.903] [background-scan-handler-0/DEBUG] [net.minecraftforge.fml.loading.moddiscovery.Scanner/SCAN]: Scanning Mod File: C:\Users\mattw\Documents\Git\SampleMod\.gradle\repositories\ng_dummy_ng\net\neoforged\forge\1.20.1-47.1.106\forge-1.20.1-47.1.106.jar path net/minecraft/world/level/block/ObserverBlock.class
[13Aug2026 02:00:08.903] [background-scan-handler-0/DEBUG] [net.minecraftforge.fml.loading.moddiscovery.Scanner/SCAN]: Scanning Mod File: C:\Users\mattw\Documents\Git\SampleMod\.gradle\repositories\ng_dummy_ng\net\neoforged\forge\1.20.1-47.1.106\forge-1.20.1-47.1.106.jar path net/minecraft/world/level/block/NyliumBlock.class
[13Aug2026 02:00:08.903] [background-scan-handler-0/DEBUG] [net.minecraftforge.fml.loading.moddiscovery.Scanner/SCAN]: Scanning Mod File: C:\Users\mattw\Documents\Git\SampleMod\.gradle\repositories\ng_dummy_ng\net\neoforged\forge\1.20.1-47.1.106\forge-1.20.1-47.1.106.jar path net/minecraft/world/level/block/NoteBlock.class
[13Aug2026 02:00:08.905] [background-scan-handler-0/DEBUG] [net.minecraftforge.fml.loading.moddiscovery.Scanner/SCAN]: Scanning Mod File: C:\Users\mattw\Documents\Git\SampleMod\.gradle\repositories\ng_dummy_ng\net\neoforged\forge\1.20.1-47.1.106\forge-1.20.1-47.1.106.jar path net/minecraft/world/level/block/NetherWartBlock.class
[13Aug2026 02:00:08.906] [background-scan-handler-0/DEBUG] [net.minecraftforge.fml.loading.moddiscovery.Scanner/SCAN]: Scanning Mod File: C:\Users\mattw\Documents\Git\SampleMod\.gradle\repositories\ng_dummy_ng\net\neoforged\forge\1.20.1-47.1.106\forge-1.20.1-47.1.106.jar path net/minecraft/world/level/block/NetherVines.class
[13Aug2026 02:00:08.906] [background-scan-handler-0/DEBUG] [net.minecraftforge.fml.loading.moddiscovery.Scanner/SCAN]: Scanning Mod File: C:\Users\mattw\Documents\Git\SampleMod\.gradle\repositories\ng_dummy_ng\net\neoforged\forge\1.20.1-47.1.106\forge-1.20.1-47.1.106.jar path net/minecraft/world/level/block/NetherSproutsBlock.class
[13Aug2026 02:00:08.906] [background-scan-handler-0/DEBUG] [net.minecraftforge.fml.loading.moddiscovery.Scanner/SCAN]: Scanning Mod File: C:\Users\mattw\Documents\Git\SampleMod\.gradle\repositories\ng_dummy_ng\net\neoforged\forge\1.20.1-47.1.106\forge-1.20.1-47.1.106.jar path net/minecraft/world/level/block/NetherrackBlock.class
[13Aug2026 02:00:08.906] [background-scan-handler-0/DEBUG] [net.minecraftforge.fml.loading.moddiscovery.Scanner/SCAN]: Scanning Mod File: C:\Users\mattw\Documents\Git\SampleMod\.gradle\repositories\ng_dummy_ng\net\neoforged\forge\1.20.1-47.1.106\forge-1.20.1-47.1.106.jar path net/minecraft/world/level/block/NetherPortalBlock.class
[13Aug2026 02:00:08.907] [background-scan-handler-0/DEBUG] [net.minecraftforge.fml.loading.moddiscovery.Scanner/SCAN]: Scanning Mod File: C:\Users\mattw\Documents\Git\SampleMod\.gradle\repositories\ng_dummy_ng\net\neoforged\forge\1.20.1-47.1.106\forge-1.20.1-47.1.106.jar path net/minecraft/world/level/block/NetherPortalBlock$1.class
[13Aug2026 02:00:08.909] [background-scan-handler-0/DEBUG] [net.minecraftforge.fml.loading.moddiscovery.Scanner/SCAN]: Scanning Mod File: C:\Users\mattw\Documents\Git\SampleMod\.gradle\repositories\ng_dummy_ng\net\neoforged\forge\1.20.1-47.1.106\forge-1.20.1-47.1.106.jar path net/minecraft/world/level/block/MyceliumBlock.class
[13Aug2026 02:00:08.909] [background-scan-handler-0/DEBUG] [net.minecraftforge.fml.loading.moddiscovery.Scanner/SCAN]: Scanning Mod File: C:\Users\mattw\Documents\Git\SampleMod\.gradle\repositories\ng_dummy_ng\net\neoforged\forge\1.20.1-47.1.106\forge-1.20.1-47.1.106.jar path net/minecraft/world/level/block/MushroomBlock.class
[13Aug2026 02:00:08.910] [background-scan-handler-0/DEBUG] [net.minecraftforge.fml.loading.moddiscovery.Scanner/SCAN]: Scanning Mod File: C:\Users\mattw\Documents\Git\SampleMod\.gradle\repositories\ng_dummy_ng\net\neoforged\forge\1.20.1-47.1.106\forge-1.20.1-47.1.106.jar path net/minecraft/world/level/block/MultifaceSpreader.class
[13Aug2026 02:00:08.910] [background-scan-handler-0/DEBUG] [net.minecraftforge.fml.loading.moddiscovery.Scanner/SCAN]: Scanning Mod File: C:\Users\mattw\Documents\Git\SampleMod\.gradle\repositories\ng_dummy_ng\net\neoforged\forge\1.20.1-47.1.106\forge-1.20.1-47.1.106.jar path net/minecraft/world/level/block/MultifaceSpreader$SpreadType.class
[13Aug2026 02:00:08.911] [background-scan-handler-0/DEBUG] [net.minecraftforge.fml.loading.moddiscovery.Scanner/SCAN]: Scanning Mod File: C:\Users\mattw\Documents\Git\SampleMod\.gradle\repositories\ng_dummy_ng\net\neoforged\forge\1.20.1-47.1.106\forge-1.20.1-47.1.106.jar path net/minecraft/world/level/block/MultifaceSpreader$SpreadType$3.class
[13Aug2026 02:00:08.913] [background-scan-handler-0/DEBUG] [net.minecraftforge.fml.loading.moddiscovery.Scanner/SCAN]: Scanning Mod File: C:\Users\mattw\Documents\Git\SampleMod\.gradle\repositories\ng_dummy_ng\net\neoforged\forge\1.20.1-47.1.106\forge-1.20.1-47.1.106.jar path net/minecraft/world/level/block/MultifaceSpreader$SpreadType$2.class
[13Aug2026 02:00:08.913] [background-scan-handler-0/DEBUG] [net.minecraftforge.fml.loading.moddiscovery.Scanner/SCAN]: Scanning Mod File: C:\Users\mattw\Documents\Git\SampleMod\.gradle\repositories\ng_dummy_ng\net\neoforged\forge\1.20.1-47.1.106\forge-1.20.1-47.1.106.jar path net/minecraft/world/level/block/MultifaceSpreader$SpreadType$1.class
[13Aug2026 02:00:08.914] [background-scan-handler-0/DEBUG] [net.minecraftforge.fml.loading.moddiscovery.Scanner/SCAN]: Scanning Mod File: C:\Users\mattw\Documents\Git\SampleMod\.gradle\repositories\ng_dummy_ng\net\neoforged\forge\1.20.1-47.1.106\forge-1.20.1-47.1.106.jar path net/minecraft/world/level/block/MultifaceSpreader$SpreadPredicate.class
[13Aug2026 02:00:08.915] [background-scan-handler-0/DEBUG] [net.minecraftforge.fml.loading.moddiscovery.Scanner/SCAN]: Scanning Mod File: C:\Users\mattw\Documents\Git\SampleMod\.gradle\repositories\ng_dummy_ng\net\neoforged\forge\1.20.1-47.1.106\forge-1.20.1-47.1.106.jar path net/minecraft/world/level/block/MultifaceSpreader$SpreadPos.class
[13Aug2026 02:00:08.915] [background-scan-handler-0/DEBUG] [net.minecraftforge.fml.loading.moddiscovery.Scanner/SCAN]: Scanning Mod File: C:\Users\mattw\Documents\Git\SampleMod\.gradle\repositories\ng_dummy_ng\net\neoforged\forge\1.20.1-47.1.106\forge-1.20.1-47.1.106.jar path net/minecraft/world/level/block/MultifaceSpreader$SpreadConfig.class
[13Aug2026 02:00:08.915] [background-scan-handler-0/DEBUG] [net.minecraftforge.fml.loading.moddiscovery.Scanner/SCAN]: Scanning Mod File: C:\Users\mattw\Documents\Git\SampleMod\.gradle\repositories\ng_dummy_ng\net\neoforged\forge\1.20.1-47.1.106\forge-1.20.1-47.1.106.jar path net/minecraft/world/level/block/MultifaceSpreader$DefaultSpreaderConfig.class
[13Aug2026 02:00:08.916] [background-scan-handler-0/DEBUG] [net.minecraftforge.fml.loading.moddiscovery.Scanner/SCAN]: Scanning Mod File: C:\Users\mattw\Documents\Git\SampleMod\.gradle\repositories\ng_dummy_ng\net\neoforged\forge\1.20.1-47.1.106\forge-1.20.1-47.1.106.jar path net/minecraft/world/level/block/MultifaceBlock.class
[13Aug2026 02:00:08.917] [background-scan-handler-0/DEBUG] [net.minecraftforge.fml.loading.moddiscovery.Scanner/SCAN]: Scanning Mod File: C:\Users\mattw\Documents\Git\SampleMod\.gradle\repositories\ng_dummy_ng\net\neoforged\forge\1.20.1-47.1.106\forge-1.20.1-47.1.106.jar path net/minecraft/world/level/block/MudBlock.class
[13Aug2026 02:00:08.919] [background-scan-handler-0/DEBUG] [net.minecraftforge.fml.loading.moddiscovery.Scanner/SCAN]: Scanning Mod File: C:\Users\mattw\Documents\Git\SampleMod\.gradle\repositories\ng_dummy_ng\net\neoforged\forge\1.20.1-47.1.106\forge-1.20.1-47.1.106.jar path net/minecraft/world/level/block/MossBlock.class
[13Aug2026 02:00:08.919] [background-scan-handler-0/DEBUG] [net.minecraftforge.fml.loading.moddiscovery.Scanner/SCAN]: Scanning Mod File: C:\Users\mattw\Documents\Git\SampleMod\.gradle\repositories\ng_dummy_ng\net\neoforged\forge\1.20.1-47.1.106\forge-1.20.1-47.1.106.jar path net/minecraft/world/level/block/Mirror.class
[13Aug2026 02:00:08.920] [background-scan-handler-0/DEBUG] [net.minecraftforge.fml.loading.moddiscovery.Scanner/SCAN]: Scanning Mod File: C:\Users\mattw\Documents\Git\SampleMod\.gradle\repositories\ng_dummy_ng\net\neoforged\forge\1.20.1-47.1.106\forge-1.20.1-47.1.106.jar path net/minecraft/world/level/block/Mirror$1.class
[13Aug2026 02:00:08.920] [background-scan-handler-0/DEBUG] [net.minecraftforge.fml.loading.moddiscovery.Scanner/SCAN]: Scanning Mod File: C:\Users\mattw\Documents\Git\SampleMod\.gradle\repositories\ng_dummy_ng\net\neoforged\forge\1.20.1-47.1.106\forge-1.20.1-47.1.106.jar path net/minecraft/world/level/block/MelonBlock.class
[13Aug2026 02:00:08.921] [background-scan-handler-0/DEBUG] [net.minecraftforge.fml.loading.moddiscovery.Scanner/SCAN]: Scanning Mod File: C:\Users\mattw\Documents\Git\SampleMod\.gradle\repositories\ng_dummy_ng\net\neoforged\forge\1.20.1-47.1.106\forge-1.20.1-47.1.106.jar path net/minecraft/world/level/block/MangroveRootsBlock.class
[13Aug2026 02:00:08.922] [background-scan-handler-0/DEBUG] [net.minecraftforge.fml.loading.moddiscovery.Scanner/SCAN]: Scanning Mod File: C:\Users\mattw\Documents\Git\SampleMod\.gradle\repositories\ng_dummy_ng\net\neoforged\forge\1.20.1-47.1.106\forge-1.20.1-47.1.106.jar path net/minecraft/world/level/block/MangrovePropaguleBlock.class
[13Aug2026 02:00:08.923] [background-scan-handler-0/DEBUG] [net.minecraftforge.fml.loading.moddiscovery.Scanner/SCAN]: Scanning Mod File: C:\Users\mattw\Documents\Git\SampleMod\.gradle\repositories\ng_dummy_ng\net\neoforged\forge\1.20.1-47.1.106\forge-1.20.1-47.1.106.jar path net/minecraft/world/level/block/MangroveLeavesBlock.class
[13Aug2026 02:00:08.924] [background-scan-handler-0/DEBUG] [net.minecraftforge.fml.loading.moddiscovery.Scanner/SCAN]: Scanning Mod File: C:\Users\mattw\Documents\Git\SampleMod\.gradle\repositories\ng_dummy_ng\net\neoforged\forge\1.20.1-47.1.106\forge-1.20.1-47.1.106.jar path net/minecraft/world/level/block/MagmaBlock.class
[13Aug2026 02:00:08.924] [background-scan-handler-0/DEBUG] [net.minecraftforge.fml.loading.moddiscovery.Scanner/SCAN]: Scanning Mod File: C:\Users\mattw\Documents\Git\SampleMod\.gradle\repositories\ng_dummy_ng\net\neoforged\forge\1.20.1-47.1.106\forge-1.20.1-47.1.106.jar path net/minecraft/world/level/block/LoomBlock.class
[13Aug2026 02:00:08.925] [background-scan-handler-0/DEBUG] [net.minecraftforge.fml.loading.moddiscovery.Scanner/SCAN]: Scanning Mod File: C:\Users\mattw\Documents\Git\SampleMod\.gradle\repositories\ng_dummy_ng\net\neoforged\forge\1.20.1-47.1.106\forge-1.20.1-47.1.106.jar path net/minecraft/world/level/block/LiquidBlockContainer.class
[13Aug2026 02:00:08.925] [background-scan-handler-0/DEBUG] [net.minecraftforge.fml.loading.moddiscovery.Scanner/SCAN]: Scanning Mod File: C:\Users\mattw\Documents\Git\SampleMod\.gradle\repositories\ng_dummy_ng\net\neoforged\forge\1.20.1-47.1.106\forge-1.20.1-47.1.106.jar path net/minecraft/world/level/block/LiquidBlock.class
[13Aug2026 02:00:08.925] [background-scan-handler-0/DEBUG] [net.minecraftforge.fml.loading.moddiscovery.Scanner/SCAN]: Scanning Mod File: C:\Users\mattw\Documents\Git\SampleMod\.gradle\repositories\ng_dummy_ng\net\neoforged\forge\1.20.1-47.1.106\forge-1.20.1-47.1.106.jar path net/minecraft/world/level/block/LightningRodBlock.class
[13Aug2026 02:00:08.927] [background-scan-handler-0/DEBUG] [net.minecraftforge.fml.loading.moddiscovery.Scanner/SCAN]: Scanning Mod File: C:\Users\mattw\Documents\Git\SampleMod\.gradle\repositories\ng_dummy_ng\net\neoforged\forge\1.20.1-47.1.106\forge-1.20.1-47.1.106.jar path net/minecraft/world/level/block/LightBlock.class
[13Aug2026 02:00:08.928] [main/DEBUG] [net.minecraftforge.accesstransformer.AccessTransformer/AXFORM]: Transforming net.minecraft.util.thread.BlockableEventLoop METHOD m_18689_(Ljava/lang/Runnable;)Ljava/util/concurrent/CompletableFuture; to access PUBLIC and LEAVE
[13Aug2026 02:00:08.929] [background-scan-handler-0/DEBUG] [net.minecraftforge.fml.loading.moddiscovery.Scanner/SCAN]: Scanning Mod File: C:\Users\mattw\Documents\Git\SampleMod\.gradle\repositories\ng_dummy_ng\net\neoforged\forge\1.20.1-47.1.106\forge-1.20.1-47.1.106.jar path net/minecraft/world/level/block/LeverBlock.class
[13Aug2026 02:00:08.933] [background-scan-handler-0/DEBUG] [net.minecraftforge.fml.loading.moddiscovery.Scanner/SCAN]: Scanning Mod File: C:\Users\mattw\Documents\Git\SampleMod\.gradle\repositories\ng_dummy_ng\net\neoforged\forge\1.20.1-47.1.106\forge-1.20.1-47.1.106.jar path net/minecraft/world/level/block/LeverBlock$1.class
[13Aug2026 02:00:08.934] [background-scan-handler-0/DEBUG] [net.minecraftforge.fml.loading.moddiscovery.Scanner/SCAN]: Scanning Mod File: C:\Users\mattw\Documents\Git\SampleMod\.gradle\repositories\ng_dummy_ng\net\neoforged\forge\1.20.1-47.1.106\forge-1.20.1-47.1.106.jar path net/minecraft/world/level/block/LevelEvent.class
[13Aug2026 02:00:08.934] [background-scan-handler-0/DEBUG] [net.minecraftforge.fml.loading.moddiscovery.Scanner/SCAN]: Scanning Mod File: C:\Users\mattw\Documents\Git\SampleMod\.gradle\repositories\ng_dummy_ng\net\neoforged\forge\1.20.1-47.1.106\forge-1.20.1-47.1.106.jar path net/minecraft/world/level/block/LecternBlock.class
[13Aug2026 02:00:08.936] [background-scan-handler-0/DEBUG] [net.minecraftforge.fml.loading.moddiscovery.Scanner/SCAN]: Scanning Mod File: C:\Users\mattw\Documents\Git\SampleMod\.gradle\repositories\ng_dummy_ng\net\neoforged\forge\1.20.1-47.1.106\forge-1.20.1-47.1.106.jar path net/minecraft/world/level/block/LecternBlock$1.class
[13Aug2026 02:00:08.937] [background-scan-handler-0/DEBUG] [net.minecraftforge.fml.loading.moddiscovery.Scanner/SCAN]: Scanning Mod File: C:\Users\mattw\Documents\Git\SampleMod\.gradle\repositories\ng_dummy_ng\net\neoforged\forge\1.20.1-47.1.106\forge-1.20.1-47.1.106.jar path net/minecraft/world/level/block/LeavesBlock.class
[13Aug2026 02:00:08.938] [background-scan-handler-0/DEBUG] [net.minecraftforge.fml.loading.moddiscovery.Scanner/SCAN]: Scanning Mod File: C:\Users\mattw\Documents\Git\SampleMod\.gradle\repositories\ng_dummy_ng\net\neoforged\forge\1.20.1-47.1.106\forge-1.20.1-47.1.106.jar path net/minecraft/world/level/block/LayeredCauldronBlock.class
[13Aug2026 02:00:08.940] [background-scan-handler-0/DEBUG] [net.minecraftforge.fml.loading.moddiscovery.Scanner/SCAN]: Scanning Mod File: C:\Users\mattw\Documents\Git\SampleMod\.gradle\repositories\ng_dummy_ng\net\neoforged\forge\1.20.1-47.1.106\forge-1.20.1-47.1.106.jar path net/minecraft/world/level/block/LavaCauldronBlock.class
[13Aug2026 02:00:08.941] [background-scan-handler-0/DEBUG] [net.minecraftforge.fml.loading.moddiscovery.Scanner/SCAN]: Scanning Mod File: C:\Users\mattw\Documents\Git\SampleMod\.gradle\repositories\ng_dummy_ng\net\neoforged\forge\1.20.1-47.1.106\forge-1.20.1-47.1.106.jar path net/minecraft/world/level/block/LanternBlock.class
[13Aug2026 02:00:08.945] [background-scan-handler-0/DEBUG] [net.minecraftforge.fml.loading.moddiscovery.Scanner/SCAN]: Scanning Mod File: C:\Users\mattw\Documents\Git\SampleMod\.gradle\repositories\ng_dummy_ng\net\neoforged\forge\1.20.1-47.1.106\forge-1.20.1-47.1.106.jar path net/minecraft/world/level/block/LadderBlock.class
[13Aug2026 02:00:08.945] [background-scan-handler-0/DEBUG] [net.minecraftforge.fml.loading.moddiscovery.Scanner/SCAN]: Scanning Mod File: C:\Users\mattw\Documents\Git\SampleMod\.gradle\repositories\ng_dummy_ng\net\neoforged\forge\1.20.1-47.1.106\forge-1.20.1-47.1.106.jar path net/minecraft/world/level/block/LadderBlock$1.class
[13Aug2026 02:00:08.947] [background-scan-handler-0/DEBUG] [net.minecraftforge.fml.loading.moddiscovery.Scanner/SCAN]: Scanning Mod File: C:\Users\mattw\Documents\Git\SampleMod\.gradle\repositories\ng_dummy_ng\net\neoforged\forge\1.20.1-47.1.106\forge-1.20.1-47.1.106.jar path net/minecraft/world/level/block/KelpPlantBlock.class
[13Aug2026 02:00:08.947] [background-scan-handler-0/DEBUG] [net.minecraftforge.fml.loading.moddiscovery.Scanner/SCAN]: Scanning Mod File: C:\Users\mattw\Documents\Git\SampleMod\.gradle\repositories\ng_dummy_ng\net\neoforged\forge\1.20.1-47.1.106\forge-1.20.1-47.1.106.jar path net/minecraft/world/level/block/KelpBlock.class
[13Aug2026 02:00:08.947] [background-scan-handler-0/DEBUG] [net.minecraftforge.fml.loading.moddiscovery.Scanner/SCAN]: Scanning Mod File: C:\Users\mattw\Documents\Git\SampleMod\.gradle\repositories\ng_dummy_ng\net\neoforged\forge\1.20.1-47.1.106\forge-1.20.1-47.1.106.jar path net/minecraft/world/level/block/JukeboxBlock.class
[13Aug2026 02:00:08.948] [background-scan-handler-0/DEBUG] [net.minecraftforge.fml.loading.moddiscovery.Scanner/SCAN]: Scanning Mod File: C:\Users\mattw\Documents\Git\SampleMod\.gradle\repositories\ng_dummy_ng\net\neoforged\forge\1.20.1-47.1.106\forge-1.20.1-47.1.106.jar path net/minecraft/world/level/block/JigsawBlock.class
[13Aug2026 02:00:08.949] [background-scan-handler-0/DEBUG] [net.minecraftforge.fml.loading.moddiscovery.Scanner/SCAN]: Scanning Mod File: C:\Users\mattw\Documents\Git\SampleMod\.gradle\repositories\ng_dummy_ng\net\neoforged\forge\1.20.1-47.1.106\forge-1.20.1-47.1.106.jar path net/minecraft/world/level/block/IronBarsBlock.class
[13Aug2026 02:00:08.962] [background-scan-handler-0/DEBUG] [net.minecraftforge.fml.loading.moddiscovery.Scanner/SCAN]: Scanning Mod File: C:\Users\mattw\Documents\Git\SampleMod\.gradle\repositories\ng_dummy_ng\net\neoforged\forge\1.20.1-47.1.106\forge-1.20.1-47.1.106.jar path net/minecraft/world/level/block/InfestedRotatedPillarBlock.class
[13Aug2026 02:00:08.967] [background-scan-handler-0/DEBUG] [net.minecraftforge.fml.loading.moddiscovery.Scanner/SCAN]: Scanning Mod File: C:\Users\mattw\Documents\Git\SampleMod\.gradle\repositories\ng_dummy_ng\net\neoforged\forge\1.20.1-47.1.106\forge-1.20.1-47.1.106.jar path net/minecraft/world/level/block/InfestedBlock.class
[13Aug2026 02:00:08.978] [background-scan-handler-0/DEBUG] [net.minecraftforge.fml.loading.moddiscovery.Scanner/SCAN]: Scanning Mod File: C:\Users\mattw\Documents\Git\SampleMod\.gradle\repositories\ng_dummy_ng\net\neoforged\forge\1.20.1-47.1.106\forge-1.20.1-47.1.106.jar path net/minecraft/world/level/block/IceBlock.class
[13Aug2026 02:00:08.981] [background-scan-handler-0/DEBUG] [net.minecraftforge.fml.loading.moddiscovery.Scanner/SCAN]: Scanning Mod File: C:\Users\mattw\Documents\Git\SampleMod\.gradle\repositories\ng_dummy_ng\net\neoforged\forge\1.20.1-47.1.106\forge-1.20.1-47.1.106.jar path net/minecraft/world/level/block/HugeMushroomBlock.class
[13Aug2026 02:00:08.984] [background-scan-handler-0/DEBUG] [net.minecraftforge.fml.loading.moddiscovery.Scanner/SCAN]: Scanning Mod File: C:\Users\mattw\Documents\Git\SampleMod\.gradle\repositories\ng_dummy_ng\net\neoforged\forge\1.20.1-47.1.106\forge-1.20.1-47.1.106.jar path net/minecraft/world/level/block/HorizontalDirectionalBlock.class
[13Aug2026 02:00:08.984] [background-scan-handler-0/DEBUG] [net.minecraftforge.fml.loading.moddiscovery.Scanner/SCAN]: Scanning Mod File: C:\Users\mattw\Documents\Git\SampleMod\.gradle\repositories\ng_dummy_ng\net\neoforged\forge\1.20.1-47.1.106\forge-1.20.1-47.1.106.jar path net/minecraft/world/level/block/HopperBlock.class
[13Aug2026 02:00:08.987] [background-scan-handler-0/DEBUG] [net.minecraftforge.fml.loading.moddiscovery.Scanner/SCAN]: Scanning Mod File: C:\Users\mattw\Documents\Git\SampleMod\.gradle\repositories\ng_dummy_ng\net\neoforged\forge\1.20.1-47.1.106\forge-1.20.1-47.1.106.jar path net/minecraft/world/level/block/HopperBlock$1.class
[13Aug2026 02:00:08.987] [background-scan-handler-0/DEBUG] [net.minecraftforge.fml.loading.moddiscovery.Scanner/SCAN]: Scanning Mod File: C:\Users\mattw\Documents\Git\SampleMod\.gradle\repositories\ng_dummy_ng\net\neoforged\forge\1.20.1-47.1.106\forge-1.20.1-47.1.106.jar path net/minecraft/world/level/block/HoneyBlock.class
[13Aug2026 02:00:08.992] [background-scan-handler-0/DEBUG] [net.minecraftforge.fml.loading.moddiscovery.Scanner/SCAN]: Scanning Mod File: C:\Users\mattw\Documents\Git\SampleMod\.gradle\repositories\ng_dummy_ng\net\neoforged\forge\1.20.1-47.1.106\forge-1.20.1-47.1.106.jar path net/minecraft/world/level/block/HayBlock.class
[13Aug2026 02:00:08.992] [background-scan-handler-0/DEBUG] [net.minecraftforge.fml.loading.moddiscovery.Scanner/SCAN]: Scanning Mod File: C:\Users\mattw\Documents\Git\SampleMod\.gradle\repositories\ng_dummy_ng\net\neoforged\forge\1.20.1-47.1.106\forge-1.20.1-47.1.106.jar path net/minecraft/world/level/block/HangingRootsBlock.class
[13Aug2026 02:00:09.010] [background-scan-handler-0/DEBUG] [net.minecraftforge.fml.loading.moddiscovery.Scanner/SCAN]: Scanning Mod File: C:\Users\mattw\Documents\Git\SampleMod\.gradle\repositories\ng_dummy_ng\net\neoforged\forge\1.20.1-47.1.106\forge-1.20.1-47.1.106.jar path net/minecraft/world/level/block/HalfTransparentBlock.class
[13Aug2026 02:00:09.015] [background-scan-handler-0/DEBUG] [net.minecraftforge.fml.loading.moddiscovery.Scanner/SCAN]: Scanning Mod File: C:\Users\mattw\Documents\Git\SampleMod\.gradle\repositories\ng_dummy_ng\net\neoforged\forge\1.20.1-47.1.106\forge-1.20.1-47.1.106.jar path net/minecraft/world/level/block/GrowingPlantHeadBlock.class
[13Aug2026 02:00:09.018] [background-scan-handler-0/DEBUG] [net.minecraftforge.fml.loading.moddiscovery.Scanner/SCAN]: Scanning Mod File: C:\Users\mattw\Documents\Git\SampleMod\.gradle\repositories\ng_dummy_ng\net\neoforged\forge\1.20.1-47.1.106\forge-1.20.1-47.1.106.jar path net/minecraft/world/level/block/GrowingPlantBodyBlock.class
[13Aug2026 02:00:09.028] [background-scan-handler-0/DEBUG] [net.minecraftforge.fml.loading.moddiscovery.Scanner/SCAN]: Scanning Mod File: C:\Users\mattw\Documents\Git\SampleMod\.gradle\repositories\ng_dummy_ng\net\neoforged\forge\1.20.1-47.1.106\forge-1.20.1-47.1.106.jar path net/minecraft/world/level/block/GrowingPlantBlock.class
[13Aug2026 02:00:09.037] [background-scan-handler-0/DEBUG] [net.minecraftforge.fml.loading.moddiscovery.Scanner/SCAN]: Scanning Mod File: C:\Users\mattw\Documents\Git\SampleMod\.gradle\repositories\ng_dummy_ng\net\neoforged\forge\1.20.1-47.1.106\forge-1.20.1-47.1.106.jar path net/minecraft/world/level/block/grower/SpruceTreeGrower.class
[13Aug2026 02:00:09.037] [background-scan-handler-0/DEBUG] [net.minecraftforge.fml.loading.moddiscovery.Scanner/SCAN]: Scanning Mod File: C:\Users\mattw\Documents\Git\SampleMod\.gradle\repositories\ng_dummy_ng\net\neoforged\forge\1.20.1-47.1.106\forge-1.20.1-47.1.106.jar path net/minecraft/world/level/block/grower/package-info.class
[13Aug2026 02:00:09.038] [background-scan-handler-0/DEBUG] [net.minecraftforge.fml.loading.moddiscovery.Scanner/SCAN]: Scanning Mod File: C:\Users\mattw\Documents\Git\SampleMod\.gradle\repositories\ng_dummy_ng\net\neoforged\forge\1.20.1-47.1.106\forge-1.20.1-47.1.106.jar path net/minecraft/world/level/block/grower/OakTreeGrower.class
[13Aug2026 02:00:09.046] [background-scan-handler-0/DEBUG] [net.minecraftforge.fml.loading.moddiscovery.Scanner/SCAN]: Scanning Mod File: C:\Users\mattw\Documents\Git\SampleMod\.gradle\repositories\ng_dummy_ng\net\neoforged\forge\1.20.1-47.1.106\forge-1.20.1-47.1.106.jar path net/minecraft/world/level/block/grower/MangroveTreeGrower.class
[13Aug2026 02:00:09.047] [background-scan-handler-0/DEBUG] [net.minecraftforge.fml.loading.moddiscovery.Scanner/SCAN]: Scanning Mod File: C:\Users\mattw\Documents\Git\SampleMod\.gradle\repositories\ng_dummy_ng\net\neoforged\forge\1.20.1-47.1.106\forge-1.20.1-47.1.106.jar path net/minecraft/world/level/block/grower/JungleTreeGrower.class
[13Aug2026 02:00:09.048] [background-scan-handler-0/DEBUG] [net.minecraftforge.fml.loading.moddiscovery.Scanner/SCAN]: Scanning Mod File: C:\Users\mattw\Documents\Git\SampleMod\.gradle\repositories\ng_dummy_ng\net\neoforged\forge\1.20.1-47.1.106\forge-1.20.1-47.1.106.jar path net/minecraft/world/level/block/grower/DarkOakTreeGrower.class
[13Aug2026 02:00:09.048] [background-scan-handler-0/DEBUG] [net.minecraftforge.fml.loading.moddiscovery.Scanner/SCAN]: Scanning Mod File: C:\Users\mattw\Documents\Git\SampleMod\.gradle\repositories\ng_dummy_ng\net\neoforged\forge\1.20.1-47.1.106\forge-1.20.1-47.1.106.jar path net/minecraft/world/level/block/grower/CherryTreeGrower.class
[13Aug2026 02:00:09.048] [background-scan-handler-0/DEBUG] [net.minecraftforge.fml.loading.moddiscovery.Scanner/SCAN]: Scanning Mod File: C:\Users\mattw\Documents\Git\SampleMod\.gradle\repositories\ng_dummy_ng\net\neoforged\forge\1.20.1-47.1.106\forge-1.20.1-47.1.106.jar path net/minecraft/world/level/block/grower/BirchTreeGrower.class
[13Aug2026 02:00:09.049] [background-scan-handler-0/DEBUG] [net.minecraftforge.fml.loading.moddiscovery.Scanner/SCAN]: Scanning Mod File: C:\Users\mattw\Documents\Git\SampleMod\.gradle\repositories\ng_dummy_ng\net\neoforged\forge\1.20.1-47.1.106\forge-1.20.1-47.1.106.jar path net/minecraft/world/level/block/grower/AzaleaTreeGrower.class
[13Aug2026 02:00:09.049] [background-scan-handler-0/DEBUG] [net.minecraftforge.fml.loading.moddiscovery.Scanner/SCAN]: Scanning Mod File: C:\Users\mattw\Documents\Git\SampleMod\.gradle\repositories\ng_dummy_ng\net\neoforged\forge\1.20.1-47.1.106\forge-1.20.1-47.1.106.jar path net/minecraft/world/level/block/grower/AcaciaTreeGrower.class
[13Aug2026 02:00:09.049] [background-scan-handler-0/DEBUG] [net.minecraftforge.fml.loading.moddiscovery.Scanner/SCAN]: Scanning Mod File: C:\Users\mattw\Documents\Git\SampleMod\.gradle\repositories\ng_dummy_ng\net\neoforged\forge\1.20.1-47.1.106\forge-1.20.1-47.1.106.jar path net/minecraft/world/level/block/grower/AbstractTreeGrower.class
[13Aug2026 02:00:09.050] [background-scan-handler-0/DEBUG] [net.minecraftforge.fml.loading.moddiscovery.Scanner/SCAN]: Scanning Mod File: C:\Users\mattw\Documents\Git\SampleMod\.gradle\repositories\ng_dummy_ng\net\neoforged\forge\1.20.1-47.1.106\forge-1.20.1-47.1.106.jar path net/minecraft/world/level/block/grower/AbstractMegaTreeGrower.class
[13Aug2026 02:00:09.050] [background-scan-handler-0/DEBUG] [net.minecraftforge.fml.loading.moddiscovery.Scanner/SCAN]: Scanning Mod File: C:\Users\mattw\Documents\Git\SampleMod\.gradle\repositories\ng_dummy_ng\net\neoforged\forge\1.20.1-47.1.106\forge-1.20.1-47.1.106.jar path net/minecraft/world/level/block/GrindstoneBlock.class
[13Aug2026 02:00:09.051] [background-scan-handler-0/DEBUG] [net.minecraftforge.fml.loading.moddiscovery.Scanner/SCAN]: Scanning Mod File: C:\Users\mattw\Documents\Git\SampleMod\.gradle\repositories\ng_dummy_ng\net\neoforged\forge\1.20.1-47.1.106\forge-1.20.1-47.1.106.jar path net/minecraft/world/level/block/GrindstoneBlock$1.class
[13Aug2026 02:00:09.051] [background-scan-handler-0/DEBUG] [net.minecraftforge.fml.loading.moddiscovery.Scanner/SCAN]: Scanning Mod File: C:\Users\mattw\Documents\Git\SampleMod\.gradle\repositories\ng_dummy_ng\net\neoforged\forge\1.20.1-47.1.106\forge-1.20.1-47.1.106.jar path net/minecraft/world/level/block/GravelBlock.class
[13Aug2026 02:00:09.051] [background-scan-handler-0/DEBUG] [net.minecraftforge.fml.loading.moddiscovery.Scanner/SCAN]: Scanning Mod File: C:\Users\mattw\Documents\Git\SampleMod\.gradle\repositories\ng_dummy_ng\net\neoforged\forge\1.20.1-47.1.106\forge-1.20.1-47.1.106.jar path net/minecraft/world/level/block/GrassBlock.class
[13Aug2026 02:00:09.052] [background-scan-handler-0/DEBUG] [net.minecraftforge.fml.loading.moddiscovery.Scanner/SCAN]: Scanning Mod File: C:\Users\mattw\Documents\Git\SampleMod\.gradle\repositories\ng_dummy_ng\net\neoforged\forge\1.20.1-47.1.106\forge-1.20.1-47.1.106.jar path net/minecraft/world/level/block/GlowLichenBlock.class
[13Aug2026 02:00:09.053] [background-scan-handler-0/DEBUG] [net.minecraftforge.fml.loading.moddiscovery.Scanner/SCAN]: Scanning Mod File: C:\Users\mattw\Documents\Git\SampleMod\.gradle\repositories\ng_dummy_ng\net\neoforged\forge\1.20.1-47.1.106\forge-1.20.1-47.1.106.jar path net/minecraft/world/level/block/GlazedTerracottaBlock.class
[13Aug2026 02:00:09.054] [background-scan-handler-0/DEBUG] [net.minecraftforge.fml.loading.moddiscovery.Scanner/SCAN]: Scanning Mod File: C:\Users\mattw\Documents\Git\SampleMod\.gradle\repositories\ng_dummy_ng\net\neoforged\forge\1.20.1-47.1.106\forge-1.20.1-47.1.106.jar path net/minecraft/world/level/block/GlassBlock.class
[13Aug2026 02:00:09.054] [background-scan-handler-0/DEBUG] [net.minecraftforge.fml.loading.moddiscovery.Scanner/SCAN]: Scanning Mod File: C:\Users\mattw\Documents\Git\SampleMod\.gradle\repositories\ng_dummy_ng\net\neoforged\forge\1.20.1-47.1.106\forge-1.20.1-47.1.106.jar path net/minecraft/world/level/block/GameMasterBlock.class
[13Aug2026 02:00:09.054] [background-scan-handler-0/DEBUG] [net.minecraftforge.fml.loading.moddiscovery.Scanner/SCAN]: Scanning Mod File: C:\Users\mattw\Documents\Git\SampleMod\.gradle\repositories\ng_dummy_ng\net\neoforged\forge\1.20.1-47.1.106\forge-1.20.1-47.1.106.jar path net/minecraft/world/level/block/FurnaceBlock.class
[13Aug2026 02:00:09.055] [background-scan-handler-0/DEBUG] [net.minecraftforge.fml.loading.moddiscovery.Scanner/SCAN]: Scanning Mod File: C:\Users\mattw\Documents\Git\SampleMod\.gradle\repositories\ng_dummy_ng\net\neoforged\forge\1.20.1-47.1.106\forge-1.20.1-47.1.106.jar path net/minecraft/world/level/block/FungusBlock.class
[13Aug2026 02:00:09.055] [background-scan-handler-0/DEBUG] [net.minecraftforge.fml.loading.moddiscovery.Scanner/SCAN]: Scanning Mod File: C:\Users\mattw\Documents\Git\SampleMod\.gradle\repositories\ng_dummy_ng\net\neoforged\forge\1.20.1-47.1.106\forge-1.20.1-47.1.106.jar path net/minecraft/world/level/block/FrostedIceBlock.class
[13Aug2026 02:00:09.057] [background-scan-handler-0/DEBUG] [net.minecraftforge.fml.loading.moddiscovery.Scanner/SCAN]: Scanning Mod File: C:\Users\mattw\Documents\Git\SampleMod\.gradle\repositories\ng_dummy_ng\net\neoforged\forge\1.20.1-47.1.106\forge-1.20.1-47.1.106.jar path net/minecraft/world/level/block/FrogspawnBlock.class
[13Aug2026 02:00:09.058] [background-scan-handler-0/DEBUG] [net.minecraftforge.fml.loading.moddiscovery.Scanner/SCAN]: Scanning Mod File: C:\Users\mattw\Documents\Git\SampleMod\.gradle\repositories\ng_dummy_ng\net\neoforged\forge\1.20.1-47.1.106\forge-1.20.1-47.1.106.jar path net/minecraft/world/level/block/FlowerPotBlock.class
[13Aug2026 02:00:09.059] [background-scan-handler-0/DEBUG] [net.minecraftforge.fml.loading.moddiscovery.Scanner/SCAN]: Scanning Mod File: C:\Users\mattw\Documents\Git\SampleMod\.gradle\repositories\ng_dummy_ng\net\neoforged\forge\1.20.1-47.1.106\forge-1.20.1-47.1.106.jar path net/minecraft/world/level/block/FlowerBlock.class
[13Aug2026 02:00:09.062] [background-scan-handler-0/DEBUG] [net.minecraftforge.fml.loading.moddiscovery.Scanner/SCAN]: Scanning Mod File: C:\Users\mattw\Documents\Git\SampleMod\.gradle\repositories\ng_dummy_ng\net\neoforged\forge\1.20.1-47.1.106\forge-1.20.1-47.1.106.jar path net/minecraft/world/level/block/FletchingTableBlock.class
[13Aug2026 02:00:09.062] [background-scan-handler-0/DEBUG] [net.minecraftforge.fml.loading.moddiscovery.Scanner/SCAN]: Scanning Mod File: C:\Users\mattw\Documents\Git\SampleMod\.gradle\repositories\ng_dummy_ng\net\neoforged\forge\1.20.1-47.1.106\forge-1.20.1-47.1.106.jar path net/minecraft/world/level/block/FireBlock.class
[13Aug2026 02:00:09.066] [background-scan-handler-0/DEBUG] [net.minecraftforge.fml.loading.moddiscovery.Scanner/SCAN]: Scanning Mod File: C:\Users\mattw\Documents\Git\SampleMod\.gradle\repositories\ng_dummy_ng\net\neoforged\forge\1.20.1-47.1.106\forge-1.20.1-47.1.106.jar path net/minecraft/world/level/block/FenceGateBlock.class
[13Aug2026 02:00:09.067] [background-scan-handler-0/DEBUG] [net.minecraftforge.fml.loading.moddiscovery.Scanner/SCAN]: Scanning Mod File: C:\Users\mattw\Documents\Git\SampleMod\.gradle\repositories\ng_dummy_ng\net\neoforged\forge\1.20.1-47.1.106\forge-1.20.1-47.1.106.jar path net/minecraft/world/level/block/FenceGateBlock$1.class
[13Aug2026 02:00:09.067] [background-scan-handler-0/DEBUG] [net.minecraftforge.fml.loading.moddiscovery.Scanner/SCAN]: Scanning Mod File: C:\Users\mattw\Documents\Git\SampleMod\.gradle\repositories\ng_dummy_ng\net\neoforged\forge\1.20.1-47.1.106\forge-1.20.1-47.1.106.jar path net/minecraft/world/level/block/FenceBlock.class
[13Aug2026 02:00:09.070] [background-scan-handler-0/DEBUG] [net.minecraftforge.fml.loading.moddiscovery.Scanner/SCAN]: Scanning Mod File: C:\Users\mattw\Documents\Git\SampleMod\.gradle\repositories\ng_dummy_ng\net\neoforged\forge\1.20.1-47.1.106\forge-1.20.1-47.1.106.jar path net/minecraft/world/level/block/FarmBlock.class
[13Aug2026 02:00:09.071] [background-scan-handler-0/DEBUG] [net.minecraftforge.fml.loading.moddiscovery.Scanner/SCAN]: Scanning Mod File: C:\Users\mattw\Documents\Git\SampleMod\.gradle\repositories\ng_dummy_ng\net\neoforged\forge\1.20.1-47.1.106\forge-1.20.1-47.1.106.jar path net/minecraft/world/level/block/FallingBlock.class
[13Aug2026 02:00:09.072] [background-scan-handler-0/DEBUG] [net.minecraftforge.fml.loading.moddiscovery.Scanner/SCAN]: Scanning Mod File: C:\Users\mattw\Documents\Git\SampleMod\.gradle\repositories\ng_dummy_ng\net\neoforged\forge\1.20.1-47.1.106\forge-1.20.1-47.1.106.jar path net/minecraft/world/level/block/Fallable.class
[13Aug2026 02:00:09.072] [background-scan-handler-0/DEBUG] [net.minecraftforge.fml.loading.moddiscovery.Scanner/SCAN]: Scanning Mod File: C:\Users\mattw\Documents\Git\SampleMod\.gradle\repositories\ng_dummy_ng\net\neoforged\forge\1.20.1-47.1.106\forge-1.20.1-47.1.106.jar path net/minecraft/world/level/block/FaceAttachedHorizontalDirectionalBlock.class
[13Aug2026 02:00:09.073] [background-scan-handler-0/DEBUG] [net.minecraftforge.fml.loading.moddiscovery.Scanner/SCAN]: Scanning Mod File: C:\Users\mattw\Documents\Git\SampleMod\.gradle\repositories\ng_dummy_ng\net\neoforged\forge\1.20.1-47.1.106\forge-1.20.1-47.1.106.jar path net/minecraft/world/level/block/FaceAttachedHorizontalDirectionalBlock$1.class
[13Aug2026 02:00:09.074] [background-scan-handler-0/DEBUG] [net.minecraftforge.fml.loading.moddiscovery.Scanner/SCAN]: Scanning Mod File: C:\Users\mattw\Documents\Git\SampleMod\.gradle\repositories\ng_dummy_ng\net\neoforged\forge\1.20.1-47.1.106\forge-1.20.1-47.1.106.jar path net/minecraft/world/level/block/EquipableCarvedPumpkinBlock.class
[13Aug2026 02:00:09.074] [background-scan-handler-0/DEBUG] [net.minecraftforge.fml.loading.moddiscovery.Scanner/SCAN]: Scanning Mod File: C:\Users\mattw\Documents\Git\SampleMod\.gradle\repositories\ng_dummy_ng\net\neoforged\forge\1.20.1-47.1.106\forge-1.20.1-47.1.106.jar path net/minecraft/world/level/block/EntityBlock.class
[13Aug2026 02:00:09.074] [background-scan-handler-0/DEBUG] [net.minecraftforge.fml.loading.moddiscovery.Scanner/SCAN]: Scanning Mod File: C:\Users\mattw\Documents\Git\SampleMod\.gradle\repositories\ng_dummy_ng\net\neoforged\forge\1.20.1-47.1.106\forge-1.20.1-47.1.106.jar path net/minecraft/world/level/block/entity/TrappedChestBlockEntity.class
[13Aug2026 02:00:09.075] [background-scan-handler-0/DEBUG] [net.minecraftforge.fml.loading.moddiscovery.Scanner/SCAN]: Scanning Mod File: C:\Users\mattw\Documents\Git\SampleMod\.gradle\repositories\ng_dummy_ng\net\neoforged\forge\1.20.1-47.1.106\forge-1.20.1-47.1.106.jar path net/minecraft/world/level/block/entity/TickingBlockEntity.class
[13Aug2026 02:00:09.075] [background-scan-handler-0/DEBUG] [net.minecraftforge.fml.loading.moddiscovery.Scanner/SCAN]: Scanning Mod File: C:\Users\mattw\Documents\Git\SampleMod\.gradle\repositories\ng_dummy_ng\net\neoforged\forge\1.20.1-47.1.106\forge-1.20.1-47.1.106.jar path net/minecraft/world/level/block/entity/TheEndPortalBlockEntity.class
[13Aug2026 02:00:09.076] [background-scan-handler-0/DEBUG] [net.minecraftforge.fml.loading.moddiscovery.Scanner/SCAN]: Scanning Mod File: C:\Users\mattw\Documents\Git\SampleMod\.gradle\repositories\ng_dummy_ng\net\neoforged\forge\1.20.1-47.1.106\forge-1.20.1-47.1.106.jar path net/minecraft/world/level/block/entity/TheEndGatewayBlockEntity.class
[13Aug2026 02:00:09.076] [background-scan-handler-0/DEBUG] [net.minecraftforge.fml.loading.moddiscovery.Scanner/SCAN]: Scanning Mod File: C:\Users\mattw\Documents\Git\SampleMod\.gradle\repositories\ng_dummy_ng\net\neoforged\forge\1.20.1-47.1.106\forge-1.20.1-47.1.106.jar path net/minecraft/world/level/block/entity/StructureBlockEntity.class
[13Aug2026 02:00:09.079] [background-scan-handler-0/DEBUG] [net.minecraftforge.fml.loading.moddiscovery.Scanner/SCAN]: Scanning Mod File: C:\Users\mattw\Documents\Git\SampleMod\.gradle\repositories\ng_dummy_ng\net\neoforged\forge\1.20.1-47.1.106\forge-1.20.1-47.1.106.jar path net/minecraft/world/level/block/entity/StructureBlockEntity$UpdateType.class
[13Aug2026 02:00:09.080] [background-scan-handler-0/DEBUG] [net.minecraftforge.fml.loading.moddiscovery.Scanner/SCAN]: Scanning Mod File: C:\Users\mattw\Documents\Git\SampleMod\.gradle\repositories\ng_dummy_ng\net\neoforged\forge\1.20.1-47.1.106\forge-1.20.1-47.1.106.jar path net/minecraft/world/level/block/entity/SpawnerBlockEntity.class
[13Aug2026 02:00:09.080] [background-scan-handler-0/DEBUG] [net.minecraftforge.fml.loading.moddiscovery.Scanner/SCAN]: Scanning Mod File: C:\Users\mattw\Documents\Git\SampleMod\.gradle\repositories\ng_dummy_ng\net\neoforged\forge\1.20.1-47.1.106\forge-1.20.1-47.1.106.jar path net/minecraft/world/level/block/entity/SpawnerBlockEntity$1.class
[13Aug2026 02:00:09.081] [background-scan-handler-0/DEBUG] [net.minecraftforge.fml.loading.moddiscovery.Scanner/SCAN]: Scanning Mod File: C:\Users\mattw\Documents\Git\SampleMod\.gradle\repositories\ng_dummy_ng\net\neoforged\forge\1.20.1-47.1.106\forge-1.20.1-47.1.106.jar path net/minecraft/world/level/block/entity/SmokerBlockEntity.class
[13Aug2026 02:00:09.081] [background-scan-handler-0/DEBUG] [net.minecraftforge.fml.loading.moddiscovery.Scanner/SCAN]: Scanning Mod File: C:\Users\mattw\Documents\Git\SampleMod\.gradle\repositories\ng_dummy_ng\net\neoforged\forge\1.20.1-47.1.106\forge-1.20.1-47.1.106.jar path net/minecraft/world/level/block/entity/SkullBlockEntity.class
[13Aug2026 02:00:09.083] [background-scan-handler-0/DEBUG] [net.minecraftforge.fml.loading.moddiscovery.Scanner/SCAN]: Scanning Mod File: C:\Users\mattw\Documents\Git\SampleMod\.gradle\repositories\ng_dummy_ng\net\neoforged\forge\1.20.1-47.1.106\forge-1.20.1-47.1.106.jar path net/minecraft/world/level/block/entity/SignText.class
[13Aug2026 02:00:09.083] [background-scan-handler-0/DEBUG] [net.minecraftforge.fml.loading.moddiscovery.Scanner/SCAN]: Scanning Mod File: C:\Users\mattw\Documents\Git\SampleMod\.gradle\repositories\ng_dummy_ng\net\neoforged\forge\1.20.1-47.1.106\forge-1.20.1-47.1.106.jar path net/minecraft/world/level/block/entity/SignBlockEntity.class
[13Aug2026 02:00:09.085] [background-scan-handler-0/DEBUG] [net.minecraftforge.fml.loading.moddiscovery.Scanner/SCAN]: Scanning Mod File: C:\Users\mattw\Documents\Git\SampleMod\.gradle\repositories\ng_dummy_ng\net\neoforged\forge\1.20.1-47.1.106\forge-1.20.1-47.1.106.jar path net/minecraft/world/level/block/entity/ShulkerBoxBlockEntity.class
[13Aug2026 02:00:09.087] [background-scan-handler-0/DEBUG] [net.minecraftforge.fml.loading.moddiscovery.Scanner/SCAN]: Scanning Mod File: C:\Users\mattw\Documents\Git\SampleMod\.gradle\repositories\ng_dummy_ng\net\neoforged\forge\1.20.1-47.1.106\forge-1.20.1-47.1.106.jar path net/minecraft/world/level/block/entity/ShulkerBoxBlockEntity$AnimationStatus.class
[13Aug2026 02:00:09.088] [background-scan-handler-0/DEBUG] [net.minecraftforge.fml.loading.moddiscovery.Scanner/SCAN]: Scanning Mod File: C:\Users\mattw\Documents\Git\SampleMod\.gradle\repositories\ng_dummy_ng\net\neoforged\forge\1.20.1-47.1.106\forge-1.20.1-47.1.106.jar path net/minecraft/world/level/block/entity/ShulkerBoxBlockEntity$1.class
[13Aug2026 02:00:09.089] [background-scan-handler-0/DEBUG] [net.minecraftforge.fml.loading.moddiscovery.Scanner/SCAN]: Scanning Mod File: C:\Users\mattw\Documents\Git\SampleMod\.gradle\repositories\ng_dummy_ng\net\neoforged\forge\1.20.1-47.1.106\forge-1.20.1-47.1.106.jar path net/minecraft/world/level/block/entity/SculkShriekerBlockEntity.class
[13Aug2026 02:00:09.093] [background-scan-handler-0/DEBUG] [net.minecraftforge.fml.loading.moddiscovery.Scanner/SCAN]: Scanning Mod File: C:\Users\mattw\Documents\Git\SampleMod\.gradle\repositories\ng_dummy_ng\net\neoforged\forge\1.20.1-47.1.106\forge-1.20.1-47.1.106.jar path net/minecraft/world/level/block/entity/SculkShriekerBlockEntity$VibrationUser.class
[13Aug2026 02:00:09.093] [background-scan-handler-0/DEBUG] [net.minecraftforge.fml.loading.moddiscovery.Scanner/SCAN]: Scanning Mod File: C:\Users\mattw\Documents\Git\SampleMod\.gradle\repositories\ng_dummy_ng\net\neoforged\forge\1.20.1-47.1.106\forge-1.20.1-47.1.106.jar path net/minecraft/world/level/block/entity/SculkSensorBlockEntity.class
[13Aug2026 02:00:09.100] [background-scan-handler-0/DEBUG] [net.minecraftforge.fml.loading.moddiscovery.Scanner/SCAN]: Scanning Mod File: C:\Users\mattw\Documents\Git\SampleMod\.gradle\repositories\ng_dummy_ng\net\neoforged\forge\1.20.1-47.1.106\forge-1.20.1-47.1.106.jar path net/minecraft/world/level/block/entity/SculkSensorBlockEntity$VibrationUser.class
[13Aug2026 02:00:09.100] [background-scan-handler-0/DEBUG] [net.minecraftforge.fml.loading.moddiscovery.Scanner/SCAN]: Scanning Mod File: C:\Users\mattw\Documents\Git\SampleMod\.gradle\repositories\ng_dummy_ng\net\neoforged\forge\1.20.1-47.1.106\forge-1.20.1-47.1.106.jar path net/minecraft/world/level/block/entity/SculkCatalystBlockEntity.class
[13Aug2026 02:00:09.103] [background-scan-handler-0/DEBUG] [net.minecraftforge.fml.loading.moddiscovery.Scanner/SCAN]: Scanning Mod File: C:\Users\mattw\Documents\Git\SampleMod\.gradle\repositories\ng_dummy_ng\net\neoforged\forge\1.20.1-47.1.106\forge-1.20.1-47.1.106.jar path net/minecraft/world/level/block/entity/SculkCatalystBlockEntity$CatalystListener.class
[13Aug2026 02:00:09.104] [background-scan-handler-0/DEBUG] [net.minecraftforge.fml.loading.moddiscovery.Scanner/SCAN]: Scanning Mod File: C:\Users\mattw\Documents\Git\SampleMod\.gradle\repositories\ng_dummy_ng\net\neoforged\forge\1.20.1-47.1.106\forge-1.20.1-47.1.106.jar path net/minecraft/world/level/block/entity/RandomizableContainerBlockEntity.class
[13Aug2026 02:00:09.106] [background-scan-handler-0/DEBUG] [net.minecraftforge.fml.loading.moddiscovery.Scanner/SCAN]: Scanning Mod File: C:\Users\mattw\Documents\Git\SampleMod\.gradle\repositories\ng_dummy_ng\net\neoforged\forge\1.20.1-47.1.106\forge-1.20.1-47.1.106.jar path net/minecraft/world/level/block/entity/package-info.class
[13Aug2026 02:00:09.107] [background-scan-handler-0/DEBUG] [net.minecraftforge.fml.loading.moddiscovery.Scanner/SCAN]: Scanning Mod File: C:\Users\mattw\Documents\Git\SampleMod\.gradle\repositories\ng_dummy_ng\net\neoforged\forge\1.20.1-47.1.106\forge-1.20.1-47.1.106.jar path net/minecraft/world/level/block/entity/LidBlockEntity.class
[13Aug2026 02:00:09.107] [background-scan-handler-0/DEBUG] [net.minecraftforge.fml.loading.moddiscovery.Scanner/SCAN]: Scanning Mod File: C:\Users\mattw\Documents\Git\SampleMod\.gradle\repositories\ng_dummy_ng\net\neoforged\forge\1.20.1-47.1.106\forge-1.20.1-47.1.106.jar path net/minecraft/world/level/block/entity/LecternBlockEntity.class
[13Aug2026 02:00:09.108] [background-scan-handler-0/DEBUG] [net.minecraftforge.fml.loading.moddiscovery.Scanner/SCAN]: Scanning Mod File: C:\Users\mattw\Documents\Git\SampleMod\.gradle\repositories\ng_dummy_ng\net\neoforged\forge\1.20.1-47.1.106\forge-1.20.1-47.1.106.jar path net/minecraft/world/level/block/entity/LecternBlockEntity$2.class
[13Aug2026 02:00:09.109] [background-scan-handler-0/DEBUG] [net.minecraftforge.fml.loading.moddiscovery.Scanner/SCAN]: Scanning Mod File: C:\Users\mattw\Documents\Git\SampleMod\.gradle\repositories\ng_dummy_ng\net\neoforged\forge\1.20.1-47.1.106\forge-1.20.1-47.1.106.jar path net/minecraft/world/level/block/entity/LecternBlockEntity$1.class
[13Aug2026 02:00:09.110] [background-scan-handler-0/DEBUG] [net.minecraftforge.fml.loading.moddiscovery.Scanner/SCAN]: Scanning Mod File: C:\Users\mattw\Documents\Git\SampleMod\.gradle\repositories\ng_dummy_ng\net\neoforged\forge\1.20.1-47.1.106\forge-1.20.1-47.1.106.jar path net/minecraft/world/level/block/entity/JukeboxBlockEntity.class
[13Aug2026 02:00:09.112] [background-scan-handler-0/DEBUG] [net.minecraftforge.fml.loading.moddiscovery.Scanner/SCAN]: Scanning Mod File: C:\Users\mattw\Documents\Git\SampleMod\.gradle\repositories\ng_dummy_ng\net\neoforged\forge\1.20.1-47.1.106\forge-1.20.1-47.1.106.jar path net/minecraft/world/level/block/entity/JigsawBlockEntity.class
[13Aug2026 02:00:09.112] [background-scan-handler-0/DEBUG] [net.minecraftforge.fml.loading.moddiscovery.Scanner/SCAN]: Scanning Mod File: C:\Users\mattw\Documents\Git\SampleMod\.gradle\repositories\ng_dummy_ng\net\neoforged\forge\1.20.1-47.1.106\forge-1.20.1-47.1.106.jar path net/minecraft/world/level/block/entity/JigsawBlockEntity$JointType.class
[13Aug2026 02:00:09.114] [background-scan-handler-0/DEBUG] [net.minecraftforge.fml.loading.moddiscovery.Scanner/SCAN]: Scanning Mod File: C:\Users\mattw\Documents\Git\SampleMod\.gradle\repositories\ng_dummy_ng\net\neoforged\forge\1.20.1-47.1.106\forge-1.20.1-47.1.106.jar path net/minecraft/world/level/block/entity/HopperBlockEntity.class
[13Aug2026 02:00:09.118] [background-scan-handler-0/DEBUG] [net.minecraftforge.fml.loading.moddiscovery.Scanner/SCAN]: Scanning Mod File: C:\Users\mattw\Documents\Git\SampleMod\.gradle\repositories\ng_dummy_ng\net\neoforged\forge\1.20.1-47.1.106\forge-1.20.1-47.1.106.jar path net/minecraft/world/level/block/entity/Hopper.class
[13Aug2026 02:00:09.124] [background-scan-handler-0/DEBUG] [net.minecraftforge.fml.loading.moddiscovery.Scanner/SCAN]: Scanning Mod File: C:\Users\mattw\Documents\Git\SampleMod\.gradle\repositories\ng_dummy_ng\net\neoforged\forge\1.20.1-47.1.106\forge-1.20.1-47.1.106.jar path net/minecraft/world/level/block/entity/HangingSignBlockEntity.class
[13Aug2026 02:00:09.125] [background-scan-handler-0/DEBUG] [net.minecraftforge.fml.loading.moddiscovery.Scanner/SCAN]: Scanning Mod File: C:\Users\mattw\Documents\Git\SampleMod\.gradle\repositories\ng_dummy_ng\net\neoforged\forge\1.20.1-47.1.106\forge-1.20.1-47.1.106.jar path net/minecraft/world/level/block/entity/FurnaceBlockEntity.class
[13Aug2026 02:00:09.125] [background-scan-handler-0/DEBUG] [net.minecraftforge.fml.loading.moddiscovery.Scanner/SCAN]: Scanning Mod File: C:\Users\mattw\Documents\Git\SampleMod\.gradle\repositories\ng_dummy_ng\net\neoforged\forge\1.20.1-47.1.106\forge-1.20.1-47.1.106.jar path net/minecraft/world/level/block/entity/EnderChestBlockEntity.class
[13Aug2026 02:00:09.126] [background-scan-handler-0/DEBUG] [net.minecraftforge.fml.loading.moddiscovery.Scanner/SCAN]: Scanning Mod File: C:\Users\mattw\Documents\Git\SampleMod\.gradle\repositories\ng_dummy_ng\net\neoforged\forge\1.20.1-47.1.106\forge-1.20.1-47.1.106.jar path net/minecraft/world/level/block/entity/EnderChestBlockEntity$1.class
[13Aug2026 02:00:09.127] [background-scan-handler-0/DEBUG] [net.minecraftforge.fml.loading.moddiscovery.Scanner/SCAN]: Scanning Mod File: C:\Users\mattw\Documents\Git\SampleMod\.gradle\repositories\ng_dummy_ng\net\neoforged\forge\1.20.1-47.1.106\forge-1.20.1-47.1.106.jar path net/minecraft/world/level/block/entity/EnchantmentTableBlockEntity.class
[13Aug2026 02:00:09.129] [background-scan-handler-0/DEBUG] [net.minecraftforge.fml.loading.moddiscovery.Scanner/SCAN]: Scanning Mod File: C:\Users\mattw\Documents\Git\SampleMod\.gradle\repositories\ng_dummy_ng\net\neoforged\forge\1.20.1-47.1.106\forge-1.20.1-47.1.106.jar path net/minecraft/world/level/block/entity/DropperBlockEntity.class
[13Aug2026 02:00:09.130] [background-scan-handler-0/DEBUG] [net.minecraftforge.fml.loading.moddiscovery.Scanner/SCAN]: Scanning Mod File: C:\Users\mattw\Documents\Git\SampleMod\.gradle\repositories\ng_dummy_ng\net\neoforged\forge\1.20.1-47.1.106\forge-1.20.1-47.1.106.jar path net/minecraft/world/level/block/entity/DispenserBlockEntity.class
[13Aug2026 02:00:09.130] [background-scan-handler-0/DEBUG] [net.minecraftforge.fml.loading.moddiscovery.Scanner/SCAN]: Scanning Mod File: C:\Users\mattw\Documents\Git\SampleMod\.gradle\repositories\ng_dummy_ng\net\neoforged\forge\1.20.1-47.1.106\forge-1.20.1-47.1.106.jar path net/minecraft/world/level/block/entity/DecoratedPotPatterns.class
[13Aug2026 02:00:09.131] [background-scan-handler-0/DEBUG] [net.minecraftforge.fml.loading.moddiscovery.Scanner/SCAN]: Scanning Mod File: C:\Users\mattw\Documents\Git\SampleMod\.gradle\repositories\ng_dummy_ng\net\neoforged\forge\1.20.1-47.1.106\forge-1.20.1-47.1.106.jar path net/minecraft/world/level/block/entity/DecoratedPotBlockEntity.class
[13Aug2026 02:00:09.131] [background-scan-handler-0/DEBUG] [net.minecraftforge.fml.loading.moddiscovery.Scanner/SCAN]: Scanning Mod File: C:\Users\mattw\Documents\Git\SampleMod\.gradle\repositories\ng_dummy_ng\net\neoforged\forge\1.20.1-47.1.106\forge-1.20.1-47.1.106.jar path net/minecraft/world/level/block/entity/DecoratedPotBlockEntity$Decorations.class
[13Aug2026 02:00:09.134] [background-scan-handler-0/DEBUG] [net.minecraftforge.fml.loading.moddiscovery.Scanner/SCAN]: Scanning Mod File: C:\Users\mattw\Documents\Git\SampleMod\.gradle\repositories\ng_dummy_ng\net\neoforged\forge\1.20.1-47.1.106\forge-1.20.1-47.1.106.jar path net/minecraft/world/level/block/entity/DaylightDetectorBlockEntity.class
[13Aug2026 02:00:09.134] [background-scan-handler-0/DEBUG] [net.minecraftforge.fml.loading.moddiscovery.Scanner/SCAN]: Scanning Mod File: C:\Users\mattw\Documents\Git\SampleMod\.gradle\repositories\ng_dummy_ng\net\neoforged\forge\1.20.1-47.1.106\forge-1.20.1-47.1.106.jar path net/minecraft/world/level/block/entity/ContainerOpenersCounter.class
[13Aug2026 02:00:09.134] [background-scan-handler-0/DEBUG] [net.minecraftforge.fml.loading.moddiscovery.Scanner/SCAN]: Scanning Mod File: C:\Users\mattw\Documents\Git\SampleMod\.gradle\repositories\ng_dummy_ng\net\neoforged\forge\1.20.1-47.1.106\forge-1.20.1-47.1.106.jar path net/minecraft/world/level/block/entity/ConduitBlockEntity.class
[13Aug2026 02:00:09.140] [background-scan-handler-0/DEBUG] [net.minecraftforge.fml.loading.moddiscovery.Scanner/SCAN]: Scanning Mod File: C:\Users\mattw\Documents\Git\SampleMod\.gradle\repositories\ng_dummy_ng\net\neoforged\forge\1.20.1-47.1.106\forge-1.20.1-47.1.106.jar path net/minecraft/world/level/block/entity/ComparatorBlockEntity.class
[13Aug2026 02:00:09.142] [background-scan-handler-0/DEBUG] [net.minecraftforge.fml.loading.moddiscovery.Scanner/SCAN]: Scanning Mod File: C:\Users\mattw\Documents\Git\SampleMod\.gradle\repositories\ng_dummy_ng\net\neoforged\forge\1.20.1-47.1.106\forge-1.20.1-47.1.106.jar path net/minecraft/world/level/block/entity/CommandBlockEntity.class
[13Aug2026 02:00:09.145] [background-scan-handler-0/DEBUG] [net.minecraftforge.fml.loading.moddiscovery.Scanner/SCAN]: Scanning Mod File: C:\Users\mattw\Documents\Git\SampleMod\.gradle\repositories\ng_dummy_ng\net\neoforged\forge\1.20.1-47.1.106\forge-1.20.1-47.1.106.jar path net/minecraft/world/level/block/entity/CommandBlockEntity$Mode.class
[13Aug2026 02:00:09.146] [background-scan-handler-0/DEBUG] [net.minecraftforge.fml.loading.moddiscovery.Scanner/SCAN]: Scanning Mod File: C:\Users\mattw\Documents\Git\SampleMod\.gradle\repositories\ng_dummy_ng\net\neoforged\forge\1.20.1-47.1.106\forge-1.20.1-47.1.106.jar path net/minecraft/world/level/block/entity/CommandBlockEntity$1.class
[13Aug2026 02:00:09.147] [background-scan-handler-0/DEBUG] [net.minecraftforge.fml.loading.moddiscovery.Scanner/SCAN]: Scanning Mod File: C:\Users\mattw\Documents\Git\SampleMod\.gradle\repositories\ng_dummy_ng\net\neoforged\forge\1.20.1-47.1.106\forge-1.20.1-47.1.106.jar path net/minecraft/world/level/block/entity/ChiseledBookShelfBlockEntity.class
[13Aug2026 02:00:09.148] [background-scan-handler-0/DEBUG] [net.minecraftforge.fml.loading.moddiscovery.Scanner/SCAN]: Scanning Mod File: C:\Users\mattw\Documents\Git\SampleMod\.gradle\repositories\ng_dummy_ng\net\neoforged\forge\1.20.1-47.1.106\forge-1.20.1-47.1.106.jar path net/minecraft/world/level/block/entity/ChestLidController.class
[13Aug2026 02:00:09.151] [background-scan-handler-0/DEBUG] [net.minecraftforge.fml.loading.moddiscovery.Scanner/SCAN]: Scanning Mod File: C:\Users\mattw\Documents\Git\SampleMod\.gradle\repositories\ng_dummy_ng\net\neoforged\forge\1.20.1-47.1.106\forge-1.20.1-47.1.106.jar path net/minecraft/world/level/block/entity/ChestBlockEntity.class
[13Aug2026 02:00:09.152] [background-scan-handler-0/DEBUG] [net.minecraftforge.fml.loading.moddiscovery.Scanner/SCAN]: Scanning Mod File: C:\Users\mattw\Documents\Git\SampleMod\.gradle\repositories\ng_dummy_ng\net\neoforged\forge\1.20.1-47.1.106\forge-1.20.1-47.1.106.jar path net/minecraft/world/level/block/entity/ChestBlockEntity$1.class
[13Aug2026 02:00:09.153] [background-scan-handler-0/DEBUG] [net.minecraftforge.fml.loading.moddiscovery.Scanner/SCAN]: Scanning Mod File: C:\Users\mattw\Documents\Git\SampleMod\.gradle\repositories\ng_dummy_ng\net\neoforged\forge\1.20.1-47.1.106\forge-1.20.1-47.1.106.jar path net/minecraft/world/level/block/entity/CampfireBlockEntity.class
[13Aug2026 02:00:09.154] [background-scan-handler-0/DEBUG] [net.minecraftforge.fml.loading.moddiscovery.Scanner/SCAN]: Scanning Mod File: C:\Users\mattw\Documents\Git\SampleMod\.gradle\repositories\ng_dummy_ng\net\neoforged\forge\1.20.1-47.1.106\forge-1.20.1-47.1.106.jar path net/minecraft/world/level/block/entity/CalibratedSculkSensorBlockEntity.class
[13Aug2026 02:00:09.157] [background-scan-handler-0/DEBUG] [net.minecraftforge.fml.loading.moddiscovery.Scanner/SCAN]: Scanning Mod File: C:\Users\mattw\Documents\Git\SampleMod\.gradle\repositories\ng_dummy_ng\net\neoforged\forge\1.20.1-47.1.106\forge-1.20.1-47.1.106.jar path net/minecraft/world/level/block/entity/CalibratedSculkSensorBlockEntity$VibrationUser.class
[13Aug2026 02:00:09.157] [background-scan-handler-0/DEBUG] [net.minecraftforge.fml.loading.moddiscovery.Scanner/SCAN]: Scanning Mod File: C:\Users\mattw\Documents\Git\SampleMod\.gradle\repositories\ng_dummy_ng\net\neoforged\forge\1.20.1-47.1.106\forge-1.20.1-47.1.106.jar path net/minecraft/world/level/block/entity/BrushableBlockEntity.class
[13Aug2026 02:00:09.159] [background-scan-handler-0/DEBUG] [net.minecraftforge.fml.loading.moddiscovery.Scanner/SCAN]: Scanning Mod File: C:\Users\mattw\Documents\Git\SampleMod\.gradle\repositories\ng_dummy_ng\net\neoforged\forge\1.20.1-47.1.106\forge-1.20.1-47.1.106.jar path net/minecraft/world/level/block/entity/BrewingStandBlockEntity.class
[13Aug2026 02:00:09.163] [background-scan-handler-0/DEBUG] [net.minecraftforge.fml.loading.moddiscovery.Scanner/SCAN]: Scanning Mod File: C:\Users\mattw\Documents\Git\SampleMod\.gradle\repositories\ng_dummy_ng\net\neoforged\forge\1.20.1-47.1.106\forge-1.20.1-47.1.106.jar path net/minecraft/world/level/block/entity/BrewingStandBlockEntity$1.class
[13Aug2026 02:00:09.164] [background-scan-handler-0/DEBUG] [net.minecraftforge.fml.loading.moddiscovery.Scanner/SCAN]: Scanning Mod File: C:\Users\mattw\Documents\Git\SampleMod\.gradle\repositories\ng_dummy_ng\net\neoforged\forge\1.20.1-47.1.106\forge-1.20.1-47.1.106.jar path net/minecraft/world/level/block/entity/BlockEntityType.class
[13Aug2026 02:00:09.166] [background-scan-handler-0/DEBUG] [net.minecraftforge.fml.loading.moddiscovery.Scanner/SCAN]: Scanning Mod File: C:\Users\mattw\Documents\Git\SampleMod\.gradle\repositories\ng_dummy_ng\net\neoforged\forge\1.20.1-47.1.106\forge-1.20.1-47.1.106.jar path net/minecraft/world/level/block/entity/BlockEntityType$Builder.class
[13Aug2026 02:00:09.170] [background-scan-handler-0/DEBUG] [net.minecraftforge.fml.loading.moddiscovery.Scanner/SCAN]: Scanning Mod File: C:\Users\mattw\Documents\Git\SampleMod\.gradle\repositories\ng_dummy_ng\net\neoforged\forge\1.20.1-47.1.106\forge-1.20.1-47.1.106.jar path net/minecraft/world/level/block/entity/BlockEntityType$BlockEntitySupplier.class
[13Aug2026 02:00:09.170] [background-scan-handler-0/DEBUG] [net.minecraftforge.fml.loading.moddiscovery.Scanner/SCAN]: Scanning Mod File: C:\Users\mattw\Documents\Git\SampleMod\.gradle\repositories\ng_dummy_ng\net\neoforged\forge\1.20.1-47.1.106\forge-1.20.1-47.1.106.jar path net/minecraft/world/level/block/entity/BlockEntityTicker.class
[13Aug2026 02:00:09.170] [background-scan-handler-0/DEBUG] [net.minecraftforge.fml.loading.moddiscovery.Scanner/SCAN]: Scanning Mod File: C:\Users\mattw\Documents\Git\SampleMod\.gradle\repositories\ng_dummy_ng\net\neoforged\forge\1.20.1-47.1.106\forge-1.20.1-47.1.106.jar path net/minecraft/world/level/block/entity/BlockEntity.class
[13Aug2026 02:00:09.171] [background-scan-handler-0/DEBUG] [net.minecraftforge.fml.loading.moddiscovery.Scanner/SCAN]: Scanning Mod File: C:\Users\mattw\Documents\Git\SampleMod\.gradle\repositories\ng_dummy_ng\net\neoforged\forge\1.20.1-47.1.106\forge-1.20.1-47.1.106.jar path net/minecraft/world/level/block/entity/BlastFurnaceBlockEntity.class
[13Aug2026 02:00:09.173] [background-scan-handler-0/DEBUG] [net.minecraftforge.fml.loading.moddiscovery.Scanner/SCAN]: Scanning Mod File: C:\Users\mattw\Documents\Git\SampleMod\.gradle\repositories\ng_dummy_ng\net\neoforged\forge\1.20.1-47.1.106\forge-1.20.1-47.1.106.jar path net/minecraft/world/level/block/entity/BellBlockEntity.class
[13Aug2026 02:00:09.173] [background-scan-handler-0/DEBUG] [net.minecraftforge.fml.loading.moddiscovery.Scanner/SCAN]: Scanning Mod File: C:\Users\mattw\Documents\Git\SampleMod\.gradle\repositories\ng_dummy_ng\net\neoforged\forge\1.20.1-47.1.106\forge-1.20.1-47.1.106.jar path net/minecraft/world/level/block/entity/BellBlockEntity$ResonationEndAction.class
[13Aug2026 02:00:09.174] [background-scan-handler-0/DEBUG] [net.minecraftforge.fml.loading.moddiscovery.Scanner/SCAN]: Scanning Mod File: C:\Users\mattw\Documents\Git\SampleMod\.gradle\repositories\ng_dummy_ng\net\neoforged\forge\1.20.1-47.1.106\forge-1.20.1-47.1.106.jar path net/minecraft/world/level/block/entity/BeehiveBlockEntity.class
[13Aug2026 02:00:09.175] [background-scan-handler-0/DEBUG] [net.minecraftforge.fml.loading.moddiscovery.Scanner/SCAN]: Scanning Mod File: C:\Users\mattw\Documents\Git\SampleMod\.gradle\repositories\ng_dummy_ng\net\neoforged\forge\1.20.1-47.1.106\forge-1.20.1-47.1.106.jar path net/minecraft/world/level/block/entity/BeehiveBlockEntity$BeeReleaseStatus.class
[13Aug2026 02:00:09.175] [background-scan-handler-0/DEBUG] [net.minecraftforge.fml.loading.moddiscovery.Scanner/SCAN]: Scanning Mod File: C:\Users\mattw\Documents\Git\SampleMod\.gradle\repositories\ng_dummy_ng\net\neoforged\forge\1.20.1-47.1.106\forge-1.20.1-47.1.106.jar path net/minecraft/world/level/block/entity/BeehiveBlockEntity$BeeData.class
[13Aug2026 02:00:09.176] [background-scan-handler-0/DEBUG] [net.minecraftforge.fml.loading.moddiscovery.Scanner/SCAN]: Scanning Mod File: C:\Users\mattw\Documents\Git\SampleMod\.gradle\repositories\ng_dummy_ng\net\neoforged\forge\1.20.1-47.1.106\forge-1.20.1-47.1.106.jar path net/minecraft/world/level/block/entity/BedBlockEntity.class
[13Aug2026 02:00:09.176] [background-scan-handler-0/DEBUG] [net.minecraftforge.fml.loading.moddiscovery.Scanner/SCAN]: Scanning Mod File: C:\Users\mattw\Documents\Git\SampleMod\.gradle\repositories\ng_dummy_ng\net\neoforged\forge\1.20.1-47.1.106\forge-1.20.1-47.1.106.jar path net/minecraft/world/level/block/entity/BeaconBlockEntity.class
[13Aug2026 02:00:09.178] [background-scan-handler-0/DEBUG] [net.minecraftforge.fml.loading.moddiscovery.Scanner/SCAN]: Scanning Mod File: C:\Users\mattw\Documents\Git\SampleMod\.gradle\repositories\ng_dummy_ng\net\neoforged\forge\1.20.1-47.1.106\forge-1.20.1-47.1.106.jar path net/minecraft/world/level/block/entity/BeaconBlockEntity$BeaconBeamSection.class
[13Aug2026 02:00:09.181] [background-scan-handler-0/DEBUG] [net.minecraftforge.fml.loading.moddiscovery.Scanner/SCAN]: Scanning Mod File: C:\Users\mattw\Documents\Git\SampleMod\.gradle\repositories\ng_dummy_ng\net\neoforged\forge\1.20.1-47.1.106\forge-1.20.1-47.1.106.jar path net/minecraft/world/level/block/entity/BeaconBlockEntity$1.class
[13Aug2026 02:00:09.181] [background-scan-handler-0/DEBUG] [net.minecraftforge.fml.loading.moddiscovery.Scanner/SCAN]: Scanning Mod File: C:\Users\mattw\Documents\Git\SampleMod\.gradle\repositories\ng_dummy_ng\net\neoforged\forge\1.20.1-47.1.106\forge-1.20.1-47.1.106.jar path net/minecraft/world/level/block/entity/BaseContainerBlockEntity.class
[13Aug2026 02:00:09.183] [background-scan-handler-0/DEBUG] [net.minecraftforge.fml.loading.moddiscovery.Scanner/SCAN]: Scanning Mod File: C:\Users\mattw\Documents\Git\SampleMod\.gradle\repositories\ng_dummy_ng\net\neoforged\forge\1.20.1-47.1.106\forge-1.20.1-47.1.106.jar path net/minecraft/world/level/block/entity/BarrelBlockEntity.class
[13Aug2026 02:00:09.185] [background-scan-handler-0/DEBUG] [net.minecraftforge.fml.loading.moddiscovery.Scanner/SCAN]: Scanning Mod File: C:\Users\mattw\Documents\Git\SampleMod\.gradle\repositories\ng_dummy_ng\net\neoforged\forge\1.20.1-47.1.106\forge-1.20.1-47.1.106.jar path net/minecraft/world/level/block/entity/BarrelBlockEntity$1.class
[13Aug2026 02:00:09.188] [background-scan-handler-0/DEBUG] [net.minecraftforge.fml.loading.moddiscovery.Scanner/SCAN]: Scanning Mod File: C:\Users\mattw\Documents\Git\SampleMod\.gradle\repositories\ng_dummy_ng\net\neoforged\forge\1.20.1-47.1.106\forge-1.20.1-47.1.106.jar path net/minecraft/world/level/block/entity/BannerPatterns.class
[13Aug2026 02:00:09.189] [background-scan-handler-0/DEBUG] [net.minecraftforge.fml.loading.moddiscovery.Scanner/SCAN]: Scanning Mod File: C:\Users\mattw\Documents\Git\SampleMod\.gradle\repositories\ng_dummy_ng\net\neoforged\forge\1.20.1-47.1.106\forge-1.20.1-47.1.106.jar path net/minecraft/world/level/block/entity/BannerPattern.class
[13Aug2026 02:00:09.189] [background-scan-handler-0/DEBUG] [net.minecraftforge.fml.loading.moddiscovery.Scanner/SCAN]: Scanning Mod File: C:\Users\mattw\Documents\Git\SampleMod\.gradle\repositories\ng_dummy_ng\net\neoforged\forge\1.20.1-47.1.106\forge-1.20.1-47.1.106.jar path net/minecraft/world/level/block/entity/BannerPattern$Builder.class
[13Aug2026 02:00:09.190] [background-scan-handler-0/DEBUG] [net.minecraftforge.fml.loading.moddiscovery.Scanner/SCAN]: Scanning Mod File: C:\Users\mattw\Documents\Git\SampleMod\.gradle\repositories\ng_dummy_ng\net\neoforged\forge\1.20.1-47.1.106\forge-1.20.1-47.1.106.jar path net/minecraft/world/level/block/entity/BannerBlockEntity.class
[13Aug2026 02:00:09.191] [background-scan-handler-0/DEBUG] [net.minecraftforge.fml.loading.moddiscovery.Scanner/SCAN]: Scanning Mod File: C:\Users\mattw\Documents\Git\SampleMod\.gradle\repositories\ng_dummy_ng\net\neoforged\forge\1.20.1-47.1.106\forge-1.20.1-47.1.106.jar path net/minecraft/world/level/block/entity/AbstractFurnaceBlockEntity.class
[13Aug2026 02:00:09.195] [background-scan-handler-0/DEBUG] [net.minecraftforge.fml.loading.moddiscovery.Scanner/SCAN]: Scanning Mod File: C:\Users\mattw\Documents\Git\SampleMod\.gradle\repositories\ng_dummy_ng\net\neoforged\forge\1.20.1-47.1.106\forge-1.20.1-47.1.106.jar path net/minecraft/world/level/block/entity/AbstractFurnaceBlockEntity$1.class
[13Aug2026 02:00:09.195] [background-scan-handler-0/DEBUG] [net.minecraftforge.fml.loading.moddiscovery.Scanner/SCAN]: Scanning Mod File: C:\Users\mattw\Documents\Git\SampleMod\.gradle\repositories\ng_dummy_ng\net\neoforged\forge\1.20.1-47.1.106\forge-1.20.1-47.1.106.jar path net/minecraft/world/level/block/EndRodBlock.class
[13Aug2026 02:00:09.196] [background-scan-handler-0/DEBUG] [net.minecraftforge.fml.loading.moddiscovery.Scanner/SCAN]: Scanning Mod File: C:\Users\mattw\Documents\Git\SampleMod\.gradle\repositories\ng_dummy_ng\net\neoforged\forge\1.20.1-47.1.106\forge-1.20.1-47.1.106.jar path net/minecraft/world/level/block/EndPortalFrameBlock.class
[13Aug2026 02:00:09.201] [background-scan-handler-0/DEBUG] [net.minecraftforge.fml.loading.moddiscovery.Scanner/SCAN]: Scanning Mod File: C:\Users\mattw\Documents\Git\SampleMod\.gradle\repositories\ng_dummy_ng\net\neoforged\forge\1.20.1-47.1.106\forge-1.20.1-47.1.106.jar path net/minecraft/world/level/block/EndPortalBlock.class
[13Aug2026 02:00:09.210] [background-scan-handler-0/DEBUG] [net.minecraftforge.fml.loading.moddiscovery.Scanner/SCAN]: Scanning Mod File: C:\Users\mattw\Documents\Git\SampleMod\.gradle\repositories\ng_dummy_ng\net\neoforged\forge\1.20.1-47.1.106\forge-1.20.1-47.1.106.jar path net/minecraft/world/level/block/EndGatewayBlock.class
[13Aug2026 02:00:09.212] [background-scan-handler-0/DEBUG] [net.minecraftforge.fml.loading.moddiscovery.Scanner/SCAN]: Scanning Mod File: C:\Users\mattw\Documents\Git\SampleMod\.gradle\repositories\ng_dummy_ng\net\neoforged\forge\1.20.1-47.1.106\forge-1.20.1-47.1.106.jar path net/minecraft/world/level/block/EnderChestBlock.class
[13Aug2026 02:00:09.217] [background-scan-handler-0/DEBUG] [net.minecraftforge.fml.loading.moddiscovery.Scanner/SCAN]: Scanning Mod File: C:\Users\mattw\Documents\Git\SampleMod\.gradle\repositories\ng_dummy_ng\net\neoforged\forge\1.20.1-47.1.106\forge-1.20.1-47.1.106.jar path net/minecraft/world/level/block/EnchantmentTableBlock.class
[13Aug2026 02:00:09.220] [background-scan-handler-0/DEBUG] [net.minecraftforge.fml.loading.moddiscovery.Scanner/SCAN]: Scanning Mod File: C:\Users\mattw\Documents\Git\SampleMod\.gradle\repositories\ng_dummy_ng\net\neoforged\forge\1.20.1-47.1.106\forge-1.20.1-47.1.106.jar path net/minecraft/world/level/block/DropperBlock.class
[13Aug2026 02:00:09.225] [background-scan-handler-0/DEBUG] [net.minecraftforge.fml.loading.moddiscovery.Scanner/SCAN]: Scanning Mod File: C:\Users\mattw\Documents\Git\SampleMod\.gradle\repositories\ng_dummy_ng\net\neoforged\forge\1.20.1-47.1.106\forge-1.20.1-47.1.106.jar path net/minecraft/world/level/block/DropExperienceBlock.class
[13Aug2026 02:00:09.226] [background-scan-handler-0/DEBUG] [net.minecraftforge.fml.loading.moddiscovery.Scanner/SCAN]: Scanning Mod File: C:\Users\mattw\Documents\Git\SampleMod\.gradle\repositories\ng_dummy_ng\net\neoforged\forge\1.20.1-47.1.106\forge-1.20.1-47.1.106.jar path net/minecraft/world/level/block/DragonEggBlock.class
[13Aug2026 02:00:09.226] [background-scan-handler-0/DEBUG] [net.minecraftforge.fml.loading.moddiscovery.Scanner/SCAN]: Scanning Mod File: C:\Users\mattw\Documents\Git\SampleMod\.gradle\repositories\ng_dummy_ng\net\neoforged\forge\1.20.1-47.1.106\forge-1.20.1-47.1.106.jar path net/minecraft/world/level/block/DoublePlantBlock.class
[13Aug2026 02:00:09.227] [background-scan-handler-0/DEBUG] [net.minecraftforge.fml.loading.moddiscovery.Scanner/SCAN]: Scanning Mod File: C:\Users\mattw\Documents\Git\SampleMod\.gradle\repositories\ng_dummy_ng\net\neoforged\forge\1.20.1-47.1.106\forge-1.20.1-47.1.106.jar path net/minecraft/world/level/block/DoubleBlockCombiner.class
[13Aug2026 02:00:09.233] [background-scan-handler-0/DEBUG] [net.minecraftforge.fml.loading.moddiscovery.Scanner/SCAN]: Scanning Mod File: C:\Users\mattw\Documents\Git\SampleMod\.gradle\repositories\ng_dummy_ng\net\neoforged\forge\1.20.1-47.1.106\forge-1.20.1-47.1.106.jar path net/minecraft/world/level/block/DoubleBlockCombiner$NeighborCombineResult.class
[13Aug2026 02:00:09.233] [background-scan-handler-0/DEBUG] [net.minecraftforge.fml.loading.moddiscovery.Scanner/SCAN]: Scanning Mod File: C:\Users\mattw\Documents\Git\SampleMod\.gradle\repositories\ng_dummy_ng\net\neoforged\forge\1.20.1-47.1.106\forge-1.20.1-47.1.106.jar path net/minecraft/world/level/block/DoubleBlockCombiner$NeighborCombineResult$Single.class
[13Aug2026 02:00:09.233] [background-scan-handler-0/DEBUG] [net.minecraftforge.fml.loading.moddiscovery.Scanner/SCAN]: Scanning Mod File: C:\Users\mattw\Documents\Git\SampleMod\.gradle\repositories\ng_dummy_ng\net\neoforged\forge\1.20.1-47.1.106\forge-1.20.1-47.1.106.jar path net/minecraft/world/level/block/DoubleBlockCombiner$NeighborCombineResult$Double.class
[13Aug2026 02:00:09.234] [background-scan-handler-0/DEBUG] [net.minecraftforge.fml.loading.moddiscovery.Scanner/SCAN]: Scanning Mod File: C:\Users\mattw\Documents\Git\SampleMod\.gradle\repositories\ng_dummy_ng\net\neoforged\forge\1.20.1-47.1.106\forge-1.20.1-47.1.106.jar path net/minecraft/world/level/block/DoubleBlockCombiner$Combiner.class
[13Aug2026 02:00:09.234] [background-scan-handler-0/DEBUG] [net.minecraftforge.fml.loading.moddiscovery.Scanner/SCAN]: Scanning Mod File: C:\Users\mattw\Documents\Git\SampleMod\.gradle\repositories\ng_dummy_ng\net\neoforged\forge\1.20.1-47.1.106\forge-1.20.1-47.1.106.jar path net/minecraft/world/level/block/DoubleBlockCombiner$BlockType.class
[13Aug2026 02:00:09.234] [background-scan-handler-0/DEBUG] [net.minecraftforge.fml.loading.moddiscovery.Scanner/SCAN]: Scanning Mod File: C:\Users\mattw\Documents\Git\SampleMod\.gradle\repositories\ng_dummy_ng\net\neoforged\forge\1.20.1-47.1.106\forge-1.20.1-47.1.106.jar path net/minecraft/world/level/block/DoorBlock.class
[13Aug2026 02:00:09.236] [background-scan-handler-0/DEBUG] [net.minecraftforge.fml.loading.moddiscovery.Scanner/SCAN]: Scanning Mod File: C:\Users\mattw\Documents\Git\SampleMod\.gradle\repositories\ng_dummy_ng\net\neoforged\forge\1.20.1-47.1.106\forge-1.20.1-47.1.106.jar path net/minecraft/world/level/block/DoorBlock$1.class
[13Aug2026 02:00:09.236] [background-scan-handler-0/DEBUG] [net.minecraftforge.fml.loading.moddiscovery.Scanner/SCAN]: Scanning Mod File: C:\Users\mattw\Documents\Git\SampleMod\.gradle\repositories\ng_dummy_ng\net\neoforged\forge\1.20.1-47.1.106\forge-1.20.1-47.1.106.jar path net/minecraft/world/level/block/DispenserBlock.class
[13Aug2026 02:00:09.238] [background-scan-handler-0/DEBUG] [net.minecraftforge.fml.loading.moddiscovery.Scanner/SCAN]: Scanning Mod File: C:\Users\mattw\Documents\Git\SampleMod\.gradle\repositories\ng_dummy_ng\net\neoforged\forge\1.20.1-47.1.106\forge-1.20.1-47.1.106.jar path net/minecraft/world/level/block/DirtPathBlock.class
[13Aug2026 02:00:09.239] [background-scan-handler-0/DEBUG] [net.minecraftforge.fml.loading.moddiscovery.Scanner/SCAN]: Scanning Mod File: C:\Users\mattw\Documents\Git\SampleMod\.gradle\repositories\ng_dummy_ng\net\neoforged\forge\1.20.1-47.1.106\forge-1.20.1-47.1.106.jar path net/minecraft/world/level/block/DirectionalBlock.class
[13Aug2026 02:00:09.239] [background-scan-handler-0/DEBUG] [net.minecraftforge.fml.loading.moddiscovery.Scanner/SCAN]: Scanning Mod File: C:\Users\mattw\Documents\Git\SampleMod\.gradle\repositories\ng_dummy_ng\net\neoforged\forge\1.20.1-47.1.106\forge-1.20.1-47.1.106.jar path net/minecraft/world/level/block/DiodeBlock.class
[13Aug2026 02:00:09.240] [background-scan-handler-0/DEBUG] [net.minecraftforge.fml.loading.moddiscovery.Scanner/SCAN]: Scanning Mod File: C:\Users\mattw\Documents\Git\SampleMod\.gradle\repositories\ng_dummy_ng\net\neoforged\forge\1.20.1-47.1.106\forge-1.20.1-47.1.106.jar path net/minecraft/world/level/block/DetectorRailBlock.class
[13Aug2026 02:00:09.247] [background-scan-handler-0/DEBUG] [net.minecraftforge.fml.loading.moddiscovery.Scanner/SCAN]: Scanning Mod File: C:\Users\mattw\Documents\Git\SampleMod\.gradle\repositories\ng_dummy_ng\net\neoforged\forge\1.20.1-47.1.106\forge-1.20.1-47.1.106.jar path net/minecraft/world/level/block/DetectorRailBlock$1.class
[13Aug2026 02:00:09.250] [background-scan-handler-0/DEBUG] [net.minecraftforge.fml.loading.moddiscovery.Scanner/SCAN]: Scanning Mod File: C:\Users\mattw\Documents\Git\SampleMod\.gradle\repositories\ng_dummy_ng\net\neoforged\forge\1.20.1-47.1.106\forge-1.20.1-47.1.106.jar path net/minecraft/world/level/block/DecoratedPotBlock.class
[13Aug2026 02:00:09.252] [background-scan-handler-0/DEBUG] [net.minecraftforge.fml.loading.moddiscovery.Scanner/SCAN]: Scanning Mod File: C:\Users\mattw\Documents\Git\SampleMod\.gradle\repositories\ng_dummy_ng\net\neoforged\forge\1.20.1-47.1.106\forge-1.20.1-47.1.106.jar path net/minecraft/world/level/block/DeadBushBlock.class
[13Aug2026 02:00:09.252] [background-scan-handler-0/DEBUG] [net.minecraftforge.fml.loading.moddiscovery.Scanner/SCAN]: Scanning Mod File: C:\Users\mattw\Documents\Git\SampleMod\.gradle\repositories\ng_dummy_ng\net\neoforged\forge\1.20.1-47.1.106\forge-1.20.1-47.1.106.jar path net/minecraft/world/level/block/DaylightDetectorBlock.class
[13Aug2026 02:00:09.253] [background-scan-handler-0/DEBUG] [net.minecraftforge.fml.loading.moddiscovery.Scanner/SCAN]: Scanning Mod File: C:\Users\mattw\Documents\Git\SampleMod\.gradle\repositories\ng_dummy_ng\net\neoforged\forge\1.20.1-47.1.106\forge-1.20.1-47.1.106.jar path net/minecraft/world/level/block/CryingObsidianBlock.class
[13Aug2026 02:00:09.253] [background-scan-handler-0/DEBUG] [net.minecraftforge.fml.loading.moddiscovery.Scanner/SCAN]: Scanning Mod File: C:\Users\mattw\Documents\Git\SampleMod\.gradle\repositories\ng_dummy_ng\net\neoforged\forge\1.20.1-47.1.106\forge-1.20.1-47.1.106.jar path net/minecraft/world/level/block/CrossCollisionBlock.class
[13Aug2026 02:00:09.256] [background-scan-handler-0/DEBUG] [net.minecraftforge.fml.loading.moddiscovery.Scanner/SCAN]: Scanning Mod File: C:\Users\mattw\Documents\Git\SampleMod\.gradle\repositories\ng_dummy_ng\net\neoforged\forge\1.20.1-47.1.106\forge-1.20.1-47.1.106.jar path net/minecraft/world/level/block/CrossCollisionBlock$1.class
[13Aug2026 02:00:09.258] [background-scan-handler-0/DEBUG] [net.minecraftforge.fml.loading.moddiscovery.Scanner/SCAN]: Scanning Mod File: C:\Users\mattw\Documents\Git\SampleMod\.gradle\repositories\ng_dummy_ng\net\neoforged\forge\1.20.1-47.1.106\forge-1.20.1-47.1.106.jar path net/minecraft/world/level/block/CropBlock.class
[13Aug2026 02:00:09.267] [background-scan-handler-0/DEBUG] [net.minecraftforge.fml.loading.moddiscovery.Scanner/SCAN]: Scanning Mod File: C:\Users\mattw\Documents\Git\SampleMod\.gradle\repositories\ng_dummy_ng\net\neoforged\forge\1.20.1-47.1.106\forge-1.20.1-47.1.106.jar path net/minecraft/world/level/block/CraftingTableBlock.class
[13Aug2026 02:00:09.267] [background-scan-handler-0/DEBUG] [net.minecraftforge.fml.loading.moddiscovery.Scanner/SCAN]: Scanning Mod File: C:\Users\mattw\Documents\Git\SampleMod\.gradle\repositories\ng_dummy_ng\net\neoforged\forge\1.20.1-47.1.106\forge-1.20.1-47.1.106.jar path net/minecraft/world/level/block/CoralWallFanBlock.class
[13Aug2026 02:00:09.269] [background-scan-handler-0/DEBUG] [net.minecraftforge.fml.loading.moddiscovery.Scanner/SCAN]: Scanning Mod File: C:\Users\mattw\Documents\Git\SampleMod\.gradle\repositories\ng_dummy_ng\net\neoforged\forge\1.20.1-47.1.106\forge-1.20.1-47.1.106.jar path net/minecraft/world/level/block/CoralPlantBlock.class
[13Aug2026 02:00:09.269] [background-scan-handler-0/DEBUG] [net.minecraftforge.fml.loading.moddiscovery.Scanner/SCAN]: Scanning Mod File: C:\Users\mattw\Documents\Git\SampleMod\.gradle\repositories\ng_dummy_ng\net\neoforged\forge\1.20.1-47.1.106\forge-1.20.1-47.1.106.jar path net/minecraft/world/level/block/CoralFanBlock.class
[13Aug2026 02:00:09.271] [background-scan-handler-0/DEBUG] [net.minecraftforge.fml.loading.moddiscovery.Scanner/SCAN]: Scanning Mod File: C:\Users\mattw\Documents\Git\SampleMod\.gradle\repositories\ng_dummy_ng\net\neoforged\forge\1.20.1-47.1.106\forge-1.20.1-47.1.106.jar path net/minecraft/world/level/block/CoralBlock.class
[13Aug2026 02:00:09.272] [background-scan-handler-0/DEBUG] [net.minecraftforge.fml.loading.moddiscovery.Scanner/SCAN]: Scanning Mod File: C:\Users\mattw\Documents\Git\SampleMod\.gradle\repositories\ng_dummy_ng\net\neoforged\forge\1.20.1-47.1.106\forge-1.20.1-47.1.106.jar path net/minecraft/world/level/block/ConduitBlock.class
[13Aug2026 02:00:09.712] [main/DEBUG] [io.netty.util.internal.logging.InternalLoggerFactory/]: Using SLF4J as the default logging framework
[13Aug2026 02:00:09.717] [main/DEBUG] [io.netty.util.ResourceLeakDetector/]: -Dio.netty.leakDetection.level: simple
[13Aug2026 02:00:09.717] [main/DEBUG] [io.netty.util.ResourceLeakDetector/]: -Dio.netty.leakDetection.targetRecords: 4
[13Aug2026 02:00:10.237] [main/DEBUG] [oshi.util.FileUtil/]: No oshi.properties file found from ClassLoader cpw.mods.modlauncher.TransformingClassLoader@28757abd
[13Aug2026 02:00:10.920] [main/DEBUG] [oshi.util.FileUtil/]: No oshi.architecture.properties file found from ClassLoader cpw.mods.modlauncher.TransformingClassLoader@28757abd
[13Aug2026 02:00:12.518] [pool-7-thread-1/DEBUG] [net.minecraftforge.coremod.transformer.CoreModBaseTransformer/COREMOD]: Transforming net/minecraft/world/entity/EntityType
[13Aug2026 02:00:14.274] [pool-7-thread-1/DEBUG] [net.minecraftforge.coremod.transformer.CoreModBaseTransformer/COREMOD]: Transforming net/minecraft/world/level/block/LiquidBlock
[13Aug2026 02:00:14.340] [pool-7-thread-1/DEBUG] [net.minecraftforge.coremod.transformer.CoreModBaseTransformer/COREMOD]: Transforming net/minecraft/world/level/block/StairBlock
[13Aug2026 02:00:14.493] [pool-7-thread-1/DEBUG] [net.minecraftforge.coremod.transformer.CoreModBaseTransformer/COREMOD]: Transforming net/minecraft/world/level/block/FlowerPotBlock
[13Aug2026 02:00:16.240] [pool-7-thread-1/DEBUG] [net.minecraftforge.coremod.transformer.CoreModBaseTransformer/COREMOD]: Transforming net/minecraft/world/item/ItemStack
[13Aug2026 02:00:18.475] [pool-7-thread-1/DEBUG] [net.minecraftforge.coremod.transformer.CoreModBaseTransformer/COREMOD]: Transforming net/minecraft/world/entity/animal/frog/Tadpole
[13Aug2026 02:00:18.550] [pool-7-thread-1/DEBUG] [net.minecraftforge.coremod.transformer.CoreModBaseTransformer/COREMOD]: Transforming net/minecraft/world/item/BucketItem
[13Aug2026 02:00:21.061] [pool-7-thread-1/DEBUG] [net.minecraftforge.coremod.transformer.CoreModBaseTransformer/COREMOD]: Transforming net/minecraft/world/entity/monster/Spider
[13Aug2026 02:00:21.231] [pool-7-thread-1/DEBUG] [net.minecraftforge.coremod.transformer.CoreModBaseTransformer/COREMOD]: Transforming net/minecraft/world/entity/monster/Zombie
[13Aug2026 02:00:21.471] [pool-7-thread-1/DEBUG] [net.minecraftforge.coremod.transformer.CoreModBaseTransformer/COREMOD]: Transforming net/minecraft/world/entity/monster/ZombieVillager
[13Aug2026 02:00:21.668] [pool-7-thread-1/DEBUG] [net.minecraftforge.coremod.transformer.CoreModBaseTransformer/COREMOD]: Transforming net/minecraft/world/entity/monster/Evoker$EvokerSummonSpellGoal
[13Aug2026 02:00:22.132] [pool-7-thread-1/DEBUG] [net.minecraftforge.coremod.transformer.CoreModBaseTransformer/COREMOD]: Transforming net/minecraft/world/entity/animal/horse/SkeletonTrapGoal
[13Aug2026 02:00:22.236] [pool-7-thread-1/DEBUG] [net.minecraftforge.coremod.transformer.CoreModBaseTransformer/COREMOD]: Transforming net/minecraft/world/entity/monster/Strider
[13Aug2026 02:00:22.609] [pool-7-thread-1/DEBUG] [net.minecraftforge.coremod.transformer.CoreModBaseTransformer/COREMOD]: Transforming net/minecraft/world/entity/npc/Villager
[13Aug2026 02:00:22.983] [pool-7-thread-1/DEBUG] [net.minecraftforge.coremod.transformer.CoreModBaseTransformer/COREMOD]: Transforming net/minecraft/world/effect/MobEffectInstance
[13Aug2026 02:00:23.012] [Datafixer Bootstrap/INFO] [com.mojang.datafixers.DataFixerBuilder/]: 188 Datafixer optimizations took 2105 milliseconds
[13Aug2026 02:00:23.966] [pool-7-thread-1/DEBUG] [net.minecraftforge.coremod.transformer.CoreModBaseTransformer/COREMOD]: Transforming net/minecraft/world/level/levelgen/structure/Structure
[13Aug2026 02:00:24.023] [pool-7-thread-1/DEBUG] [net.minecraftforge.coremod.transformer.CoreModBaseTransformer/COREMOD]: Transforming net/minecraft/world/level/levelgen/structure/structures/OceanRuinPieces$OceanRuinPiece
[13Aug2026 02:00:24.037] [pool-7-thread-1/DEBUG] [net.minecraftforge.coremod.transformer.CoreModBaseTransformer/COREMOD]: Transforming net/minecraft/world/level/levelgen/structure/structures/SwampHutPiece
[13Aug2026 02:00:24.051] [pool-7-thread-1/DEBUG] [net.minecraftforge.coremod.transformer.CoreModBaseTransformer/COREMOD]: Transforming net/minecraft/world/level/levelgen/structure/structures/OceanMonumentPieces$OceanMonumentPiece
[13Aug2026 02:00:24.077] [pool-7-thread-1/DEBUG] [net.minecraftforge.coremod.transformer.CoreModBaseTransformer/COREMOD]: Transforming net/minecraft/world/level/levelgen/structure/structures/WoodlandMansionPieces$WoodlandMansionPiece
[13Aug2026 02:00:24.306] [pool-7-thread-1/DEBUG] [net.minecraftforge.coremod.transformer.CoreModBaseTransformer/COREMOD]: Transforming net/minecraft/world/level/biome/Biome
[13Aug2026 02:00:25.456] [Render thread/WARN] [net.minecraft.server.packs.VanillaPackResourcesBuilder/]: Assets URL 'union:/C:/Users/mattw/Documents/Git/SampleMod/.gradle/repositories/ng_dummy_ng/net/neoforged/forge/1.20.1-47.1.106/forge-1.20.1-47.1.106.jar%23191!/assets/.mcassetsroot' uses unexpected schema
[13Aug2026 02:00:25.457] [Render thread/WARN] [net.minecraft.server.packs.VanillaPackResourcesBuilder/]: Assets URL 'union:/C:/Users/mattw/Documents/Git/SampleMod/.gradle/repositories/ng_dummy_ng/net/neoforged/forge/1.20.1-47.1.106/forge-1.20.1-47.1.106.jar%23191!/data/.mcassetsroot' uses unexpected schema
[13Aug2026 02:00:25.652] [Render thread/INFO] [com.mojang.authlib.yggdrasil.YggdrasilAuthenticationService/]: Environment: authHost='https://authserver.mojang.com', accountsHost='https://api.mojang.com', sessionHost='https://sessionserver.mojang.com', servicesHost='https://api.minecraftservices.com', name='PROD'
[13Aug2026 02:00:25.720] [Render thread/INFO] [net.minecraft.client.Minecraft/]: Setting user: Dev
[13Aug2026 02:00:25.964] [Render thread/INFO] [net.minecraft.client.Minecraft/]: Backend library: LWJGL version 3.3.1 build 7
[13Aug2026 02:00:26.355] [Render thread/DEBUG] [net.minecraftforge.common.ForgeI18n/CORE]: Loading I18N data entries: 6426
[13Aug2026 02:00:26.460] [Render thread/DEBUG] [net.minecraftforge.fml.ModWorkManager/LOADING]: Using 16 threads for parallel mod-loading
[13Aug2026 02:00:26.473] [Render thread/DEBUG] [net.minecraftforge.fml.javafmlmod.FMLJavaModLanguageProvider/LOADING]: Loading FMLModContainer from classloader cpw.mods.modlauncher.TransformingClassLoader@28757abd - got cpw.mods.cl.ModuleClassLoader@6f8e0cee
[13Aug2026 02:00:26.473] [Render thread/DEBUG] [net.minecraftforge.fml.javafmlmod.FMLModContainer/LOADING]: Creating FMLModContainer instance for com.spilledsoup.umapi.platform.neoforge1201.NeoForge1201Entrypoint
[13Aug2026 02:00:26.483] [Render thread/DEBUG] [net.minecraftforge.fml.javafmlmod.FMLJavaModLanguageProvider/LOADING]: Loading FMLModContainer from classloader cpw.mods.modlauncher.TransformingClassLoader@28757abd - got cpw.mods.cl.ModuleClassLoader@6f8e0cee
[13Aug2026 02:00:26.483] [Render thread/DEBUG] [net.minecraftforge.fml.javafmlmod.FMLModContainer/LOADING]: Creating FMLModContainer instance for net.minecraftforge.common.ForgeMod
[13Aug2026 02:00:26.486] [Render thread/DEBUG] [net.minecraftforge.fml.javafmlmod.FMLJavaModLanguageProvider/LOADING]: Loading FMLModContainer from classloader cpw.mods.modlauncher.TransformingClassLoader@28757abd - got cpw.mods.cl.ModuleClassLoader@6f8e0cee
[13Aug2026 02:00:26.486] [Render thread/DEBUG] [net.minecraftforge.fml.javafmlmod.FMLModContainer/LOADING]: Creating FMLModContainer instance for com.spilledsoup.umapi.generated.neoforge1201.UMAPINeoForgeEntrypoint
[13Aug2026 02:00:26.563] [modloading-worker-0/INFO] [UMAPI/]: UMAPI initialised for NeoForge 1.20.1.
[13Aug2026 02:00:26.584] [modloading-worker-0/DEBUG] [net.minecraftforge.fml.javafmlmod.AutomaticEventSubscriber/LOADING]: Attempting to inject @EventBusSubscriber classes into the eventbus for umapi
[13Aug2026 02:00:26.635] [modloading-worker-0/DEBUG] [net.minecraftforge.fml.javafmlmod.AutomaticEventSubscriber/LOADING]: Attempting to inject @EventBusSubscriber classes into the eventbus for samplemod
[13Aug2026 02:00:26.662] [modloading-worker-0/DEBUG] [net.minecraftforge.versions.forge.ForgeVersion/CORE]: NeoForge Version package package net.minecraftforge.versions.forge, Forge, version 47.1 from cpw.mods.modlauncher.TransformingClassLoader@28757abd
[13Aug2026 02:00:26.662] [modloading-worker-0/DEBUG] [net.minecraftforge.versions.forge.ForgeVersion/CORE]: Found NeoForge version 47.1.106
[13Aug2026 02:00:26.662] [modloading-worker-0/DEBUG] [net.minecraftforge.versions.forge.ForgeVersion/CORE]: Found NeoForge spec 47.1
[13Aug2026 02:00:26.662] [modloading-worker-0/DEBUG] [net.minecraftforge.versions.forge.ForgeVersion/CORE]: Found NeoForge group net.neoforged
[13Aug2026 02:00:26.663] [modloading-worker-0/DEBUG] [net.minecraftforge.versions.mcp.MCPVersion/CORE]: MCP Version package package net.minecraftforge.versions.mcp, Minecraft, version 1.20.1 from cpw.mods.modlauncher.TransformingClassLoader@28757abd
[13Aug2026 02:00:26.663] [modloading-worker-0/DEBUG] [net.minecraftforge.versions.mcp.MCPVersion/CORE]: Found MC version information 1.20.1
[13Aug2026 02:00:26.663] [modloading-worker-0/DEBUG] [net.minecraftforge.versions.mcp.MCPVersion/CORE]: Found MCP version information 20230612.114412
[13Aug2026 02:00:26.663] [modloading-worker-0/INFO] [net.minecraftforge.common.ForgeMod/FORGEMOD]: NeoForge mod loading, version 47.1.106, for MC 1.20.1 with MCP 20230612.114412
[13Aug2026 02:00:26.667] [modloading-worker-0/INFO] [net.minecraftforge.common.MinecraftForge/FORGE]: NeoForge v47.1.106 Initialized
[13Aug2026 02:00:26.810] [modloading-worker-0/DEBUG] [io.netty.util.internal.PlatformDependent0/]: -Dio.netty.noUnsafe: false
[13Aug2026 02:00:26.811] [modloading-worker-0/DEBUG] [io.netty.util.internal.PlatformDependent0/]: Java version: 17
[13Aug2026 02:00:26.814] [modloading-worker-0/DEBUG] [io.netty.util.internal.PlatformDependent0/]: sun.misc.Unsafe.theUnsafe: available
[13Aug2026 02:00:26.815] [modloading-worker-0/DEBUG] [io.netty.util.internal.PlatformDependent0/]: sun.misc.Unsafe.copyMemory: available
[13Aug2026 02:00:26.815] [modloading-worker-0/DEBUG] [io.netty.util.internal.PlatformDependent0/]: sun.misc.Unsafe.storeFence: available
[13Aug2026 02:00:26.816] [modloading-worker-0/DEBUG] [io.netty.util.internal.PlatformDependent0/]: java.nio.Buffer.address: available
[13Aug2026 02:00:26.823] [modloading-worker-0/DEBUG] [io.netty.util.internal.PlatformDependent0/]: direct buffer constructor: unavailable
java.lang.UnsupportedOperationException: Reflective setAccessible(true) disabled
	at io.netty.util.internal.ReflectionUtil.trySetAccessible(ReflectionUtil.java:31) ~[netty-common-4.1.82.Final.jar%23128!/:4.1.82.Final]
	at io.netty.util.internal.PlatformDependent0$5.run(PlatformDependent0.java:288) ~[netty-common-4.1.82.Final.jar%23128!/:4.1.82.Final]
	at java.security.AccessController.doPrivileged(AccessController.java:318) ~[?:?]
	at io.netty.util.internal.PlatformDependent0.<clinit>(PlatformDependent0.java:282) ~[netty-common-4.1.82.Final.jar%23128!/:4.1.82.Final]
	at io.netty.util.internal.PlatformDependent.isAndroid(PlatformDependent.java:333) ~[netty-common-4.1.82.Final.jar%23128!/:4.1.82.Final]
	at io.netty.util.internal.PlatformDependent.<clinit>(PlatformDependent.java:88) ~[netty-common-4.1.82.Final.jar%23128!/:4.1.82.Final]
	at io.netty.util.ConstantPool.<init>(ConstantPool.java:34) ~[netty-common-4.1.82.Final.jar%23128!/:4.1.82.Final]
	at io.netty.util.AttributeKey$1.<init>(AttributeKey.java:27) ~[netty-common-4.1.82.Final.jar%23128!/:4.1.82.Final]
	at io.netty.util.AttributeKey.<clinit>(AttributeKey.java:27) ~[netty-common-4.1.82.Final.jar%23128!/:4.1.82.Final]
	at net.minecraftforge.network.NetworkConstants.<clinit>(NetworkConstants.java:34) ~[forge-1.20.1-47.1.106.jar%23190%23197!/:?]
	at net.minecraftforge.common.ForgeMod.<init>(ForgeMod.java:447) ~[forge-1.20.1-47.1.106.jar%23190%23197!/:?]
	at jdk.internal.reflect.NativeConstructorAccessorImpl.newInstance0(Native Method) ~[?:?]
	at jdk.internal.reflect.NativeConstructorAccessorImpl.newInstance(NativeConstructorAccessorImpl.java:77) ~[?:?]
	at jdk.internal.reflect.DelegatingConstructorAccessorImpl.newInstance(DelegatingConstructorAccessorImpl.java:45) ~[?:?]
	at java.lang.reflect.Constructor.newInstanceWithCaller(Constructor.java:500) ~[?:?]
	at java.lang.reflect.Constructor.newInstance(Constructor.java:481) ~[?:?]
	at net.minecraftforge.fml.javafmlmod.FMLModContainer.constructMod(FMLModContainer.java:75) ~[language-java-47.2.2.jar%23193!/:47.2]
	at net.minecraftforge.fml.ModContainer.lambda$buildTransitionHandler$10(ModContainer.java:123) ~[core-47.2.2.jar%23192!/:47.2]
	at java.util.concurrent.CompletableFuture$AsyncRun.run(CompletableFuture.java:1804) ~[?:?]
	at java.util.concurrent.CompletableFuture$AsyncRun.exec(CompletableFuture.java:1796) ~[?:?]
	at java.util.concurrent.ForkJoinTask.doExec(ForkJoinTask.java:373) ~[?:?]
	at java.util.concurrent.ForkJoinPool$WorkQueue.topLevelExec(ForkJoinPool.java:1182) ~[?:?]
	at java.util.concurrent.ForkJoinPool.scan(ForkJoinPool.java:1655) ~[?:?]
	at java.util.concurrent.ForkJoinPool.runWorker(ForkJoinPool.java:1622) ~[?:?]
	at java.util.concurrent.ForkJoinWorkerThread.run(ForkJoinWorkerThread.java:165) ~[?:?]
[13Aug2026 02:00:26.830] [modloading-worker-0/DEBUG] [io.netty.util.internal.PlatformDependent0/]: java.nio.Bits.unaligned: available, true
[13Aug2026 02:00:26.834] [modloading-worker-0/DEBUG] [io.netty.util.internal.PlatformDependent0/]: jdk.internal.misc.Unsafe.allocateUninitializedArray(int): unavailable
java.lang.IllegalAccessException: class io.netty.util.internal.PlatformDependent0$7 (in module io.netty.common) cannot access class jdk.internal.misc.Unsafe (in module java.base) because module java.base does not export jdk.internal.misc to module io.netty.common
	at jdk.internal.reflect.Reflection.newIllegalAccessException(Reflection.java:392) ~[?:?]
	at java.lang.reflect.AccessibleObject.checkAccess(AccessibleObject.java:674) ~[?:?]
	at java.lang.reflect.Method.invoke(Method.java:561) ~[?:?]
	at io.netty.util.internal.PlatformDependent0$7.run(PlatformDependent0.java:410) ~[netty-common-4.1.82.Final.jar%23128!/:4.1.82.Final]
	at java.security.AccessController.doPrivileged(AccessController.java:318) ~[?:?]
	at io.netty.util.internal.PlatformDependent0.<clinit>(PlatformDependent0.java:401) ~[netty-common-4.1.82.Final.jar%23128!/:4.1.82.Final]
	at io.netty.util.internal.PlatformDependent.isAndroid(PlatformDependent.java:333) ~[netty-common-4.1.82.Final.jar%23128!/:4.1.82.Final]
	at io.netty.util.internal.PlatformDependent.<clinit>(PlatformDependent.java:88) ~[netty-common-4.1.82.Final.jar%23128!/:4.1.82.Final]
	at io.netty.util.ConstantPool.<init>(ConstantPool.java:34) ~[netty-common-4.1.82.Final.jar%23128!/:4.1.82.Final]
	at io.netty.util.AttributeKey$1.<init>(AttributeKey.java:27) ~[netty-common-4.1.82.Final.jar%23128!/:4.1.82.Final]
	at io.netty.util.AttributeKey.<clinit>(AttributeKey.java:27) ~[netty-common-4.1.82.Final.jar%23128!/:4.1.82.Final]
	at net.minecraftforge.network.NetworkConstants.<clinit>(NetworkConstants.java:34) ~[forge-1.20.1-47.1.106.jar%23190%23197!/:?]
	at net.minecraftforge.common.ForgeMod.<init>(ForgeMod.java:447) ~[forge-1.20.1-47.1.106.jar%23190%23197!/:?]
	at jdk.internal.reflect.NativeConstructorAccessorImpl.newInstance0(Native Method) ~[?:?]
	at jdk.internal.reflect.NativeConstructorAccessorImpl.newInstance(NativeConstructorAccessorImpl.java:77) ~[?:?]
	at jdk.internal.reflect.DelegatingConstructorAccessorImpl.newInstance(DelegatingConstructorAccessorImpl.java:45) ~[?:?]
	at java.lang.reflect.Constructor.newInstanceWithCaller(Constructor.java:500) ~[?:?]
	at java.lang.reflect.Constructor.newInstance(Constructor.java:481) ~[?:?]
	at net.minecraftforge.fml.javafmlmod.FMLModContainer.constructMod(FMLModContainer.java:75) ~[language-java-47.2.2.jar%23193!/:47.2]
	at net.minecraftforge.fml.ModContainer.lambda$buildTransitionHandler$10(ModContainer.java:123) ~[core-47.2.2.jar%23192!/:47.2]
	at java.util.concurrent.CompletableFuture$AsyncRun.run(CompletableFuture.java:1804) ~[?:?]
	at java.util.concurrent.CompletableFuture$AsyncRun.exec(CompletableFuture.java:1796) ~[?:?]
	at java.util.concurrent.ForkJoinTask.doExec(ForkJoinTask.java:373) ~[?:?]
	at java.util.concurrent.ForkJoinPool$WorkQueue.topLevelExec(ForkJoinPool.java:1182) ~[?:?]
	at java.util.concurrent.ForkJoinPool.scan(ForkJoinPool.java:1655) ~[?:?]
	at java.util.concurrent.ForkJoinPool.runWorker(ForkJoinPool.java:1622) ~[?:?]
	at java.util.concurrent.ForkJoinWorkerThread.run(ForkJoinWorkerThread.java:165) ~[?:?]
[13Aug2026 02:00:26.842] [modloading-worker-0/DEBUG] [io.netty.util.internal.PlatformDependent0/]: java.nio.DirectByteBuffer.<init>(long, int): unavailable
[13Aug2026 02:00:26.842] [modloading-worker-0/DEBUG] [io.netty.util.internal.PlatformDependent/]: sun.misc.Unsafe: available
[13Aug2026 02:00:26.845] [modloading-worker-0/DEBUG] [io.netty.util.internal.PlatformDependent/]: maxDirectMemory: 4217372672 bytes (maybe)
[13Aug2026 02:00:26.847] [modloading-worker-0/DEBUG] [io.netty.util.internal.PlatformDependent/]: -Dio.netty.tmpdir: C:\Users\mattw\AppData\Local\Temp (java.io.tmpdir)
[13Aug2026 02:00:26.847] [modloading-worker-0/DEBUG] [io.netty.util.internal.PlatformDependent/]: -Dio.netty.bitMode: 64 (sun.arch.data.model)
[13Aug2026 02:00:26.848] [modloading-worker-0/DEBUG] [io.netty.util.internal.PlatformDependent/]: Platform: Windows
[13Aug2026 02:00:26.849] [modloading-worker-0/DEBUG] [io.netty.util.internal.PlatformDependent/]: -Dio.netty.maxDirectMemory: -1 bytes
[13Aug2026 02:00:26.849] [modloading-worker-0/DEBUG] [io.netty.util.internal.PlatformDependent/]: -Dio.netty.uninitializedArrayAllocationThreshold: -1
[13Aug2026 02:00:26.851] [modloading-worker-0/DEBUG] [io.netty.util.internal.CleanerJava9/]: java.nio.ByteBuffer.cleaner(): available
[13Aug2026 02:00:26.851] [modloading-worker-0/DEBUG] [io.netty.util.internal.PlatformDependent/]: -Dio.netty.noPreferDirect: false
[13Aug2026 02:00:27.050] [modloading-worker-0/DEBUG] [net.minecraftforge.common.ForgeMod/FORGEMOD]: Loading Network data for FML net version: FML3
[13Aug2026 02:00:27.551] [modloading-worker-0/DEBUG] [net.minecraftforge.fml.config.ConfigTracker/CONFIG]: Config file forge-client.toml for forge tracking
[13Aug2026 02:00:27.551] [modloading-worker-0/DEBUG] [net.minecraftforge.fml.config.ConfigTracker/CONFIG]: Config file forge-server.toml for forge tracking
[13Aug2026 02:00:27.552] [modloading-worker-0/DEBUG] [net.minecraftforge.fml.ModLoadingContext/]: Attempted to register an empty config for type COMMON on mod forge
[13Aug2026 02:00:27.607] [modloading-worker-0/DEBUG] [net.minecraftforge.fml.javafmlmod.AutomaticEventSubscriber/LOADING]: Attempting to inject @EventBusSubscriber classes into the eventbus for forge
[13Aug2026 02:00:27.610] [modloading-worker-0/DEBUG] [net.minecraftforge.fml.javafmlmod.AutomaticEventSubscriber/LOADING]: Auto-subscribing net.minecraftforge.common.ForgeSpawnEggItem$CommonHandler to MOD
[13Aug2026 02:00:27.612] [modloading-worker-0/DEBUG] [net.minecraftforge.fml.javafmlmod.AutomaticEventSubscriber/LOADING]: Auto-subscribing net.minecraftforge.common.ForgeSpawnEggItem$ColorRegisterHandler to MOD
[13Aug2026 02:00:27.617] [modloading-worker-0/DEBUG] [net.minecraftforge.fml.javafmlmod.AutomaticEventSubscriber/LOADING]: Auto-subscribing net.minecraftforge.client.model.data.ModelDataManager to FORGE
[13Aug2026 02:00:27.619] [modloading-worker-0/DEBUG] [net.minecraftforge.fml.javafmlmod.AutomaticEventSubscriber/LOADING]: Auto-subscribing net.minecraftforge.client.ForgeHooksClient$ClientEvents to MOD
[13Aug2026 02:00:27.633] [modloading-worker-0/DEBUG] [net.minecraftforge.fml.javafmlmod.AutomaticEventSubscriber/LOADING]: Auto-subscribing net.minecraftforge.client.ClientForgeMod to MOD
[13Aug2026 02:00:27.936] [Render thread/DEBUG] [net.minecraftforge.common.capabilities.CapabilityManager/CAPABILITIES]: Attempting to automatically register: Lnet/minecraftforge/energy/IEnergyStorage;
[13Aug2026 02:00:27.940] [Render thread/DEBUG] [net.minecraftforge.common.capabilities.CapabilityManager/CAPABILITIES]: Attempting to automatically register: Lnet/minecraftforge/fluids/capability/IFluidHandler;
[13Aug2026 02:00:27.940] [Render thread/DEBUG] [net.minecraftforge.common.capabilities.CapabilityManager/CAPABILITIES]: Attempting to automatically register: Lnet/minecraftforge/fluids/capability/IFluidHandlerItem;
[13Aug2026 02:00:27.940] [Render thread/DEBUG] [net.minecraftforge.common.capabilities.CapabilityManager/CAPABILITIES]: Attempting to automatically register: Lnet/minecraftforge/items/IItemHandler;
[13Aug2026 02:00:28.390] [Render thread/DEBUG] [net.minecraftforge.client.loading.ClientModLoader/CORE]: Generating PackInfo named mod:umapi for mod file C:\Users\mattw\Documents\Git\UMAPI\platforms\neoforge-1.20.1\build\libs\neoforge-1.20.1-0.0.1.jar
[13Aug2026 02:00:28.392] [Render thread/DEBUG] [net.minecraftforge.client.loading.ClientModLoader/CORE]: Generating PackInfo named mod:forge for mod file /
[13Aug2026 02:00:28.398] [Render thread/DEBUG] [net.minecraftforge.client.loading.ClientModLoader/CORE]: Generating PackInfo named mod:samplemod for mod file C:\Users\mattw\Documents\Git\SampleMod\build\resources\main
[13Aug2026 02:00:29.169] [Render thread/INFO] [net.minecraftforge.gametest.ForgeGameTestHooks/]: Enabled Gametest Namespaces: []
[13Aug2026 02:00:29.503] [Render thread/INFO] [net.minecraft.server.packs.resources.ReloadableResourceManager/]: Reloading ResourceManager: vanilla, mod_resources
[13Aug2026 02:00:29.552] [modloading-worker-0/DEBUG] [net.minecraftforge.fml.config.ConfigTracker/CONFIG]: Loading configs type CLIENT
[13Aug2026 02:00:29.588] [modloading-worker-0/DEBUG] [net.minecraftforge.fml.config.ConfigFileTypeHandler/CONFIG]: Built TOML config for C:\Users\mattw\Documents\Git\SampleMod\runs\neoForge1201Client\config\forge-client.toml
[13Aug2026 02:00:29.600] [modloading-worker-0/DEBUG] [net.minecraftforge.fml.config.ConfigFileTypeHandler/CONFIG]: Loaded TOML config file C:\Users\mattw\Documents\Git\SampleMod\runs\neoForge1201Client\config\forge-client.toml
[13Aug2026 02:00:29.678] [modloading-worker-0/DEBUG] [net.minecraftforge.fml.config.ConfigFileTypeHandler/CONFIG]: Watching TOML config file C:\Users\mattw\Documents\Git\SampleMod\runs\neoForge1201Client\config\forge-client.toml for changes
[13Aug2026 02:00:29.711] [modloading-worker-0/WARN] [net.minecraftforge.common.ForgeConfigSpec/CORE]: Configuration file C:\Users\mattw\Documents\Git\SampleMod\runs\neoForge1201Client\config\forge-client.toml is not correct. Correcting
[13Aug2026 02:00:29.731] [modloading-worker-0/WARN] [net.minecraftforge.common.ForgeConfigSpec/CORE]: Incorrect key client was corrected from null to its default, SimpleCommentedConfig:{}. 
[13Aug2026 02:00:29.731] [modloading-worker-0/WARN] [net.minecraftforge.common.ForgeConfigSpec/CORE]: Incorrect key client.alwaysSetupTerrainOffThread was corrected from null to its default, false. 
[13Aug2026 02:00:29.732] [modloading-worker-0/DEBUG] [net.minecraftforge.common.ForgeConfigSpec/CORE]: The comment on key client.alwaysSetupTerrainOffThread does not match the spec. This may create a backup.
[13Aug2026 02:00:29.732] [modloading-worker-0/WARN] [net.minecraftforge.common.ForgeConfigSpec/CORE]: Incorrect key client.experimentalForgeLightPipelineEnabled was corrected from null to its default, false. 
[13Aug2026 02:00:29.732] [modloading-worker-0/DEBUG] [net.minecraftforge.common.ForgeConfigSpec/CORE]: The comment on key client.experimentalForgeLightPipelineEnabled does not match the spec. This may create a backup.
[13Aug2026 02:00:29.732] [modloading-worker-0/WARN] [net.minecraftforge.common.ForgeConfigSpec/CORE]: Incorrect key client.showLoadWarnings was corrected from null to its default, true. 
[13Aug2026 02:00:29.732] [modloading-worker-0/DEBUG] [net.minecraftforge.common.ForgeConfigSpec/CORE]: The comment on key client.showLoadWarnings does not match the spec. This may create a backup.
[13Aug2026 02:00:29.732] [modloading-worker-0/WARN] [net.minecraftforge.common.ForgeConfigSpec/CORE]: Incorrect key client.useCombinedDepthStencilAttachment was corrected from null to its default, false. 
[13Aug2026 02:00:29.732] [modloading-worker-0/DEBUG] [net.minecraftforge.common.ForgeConfigSpec/CORE]: The comment on key client.useCombinedDepthStencilAttachment does not match the spec. This may create a backup.
[13Aug2026 02:00:29.732] [modloading-worker-0/WARN] [net.minecraftforge.common.ForgeConfigSpec/CORE]: Incorrect key client.compressLanIPv6Addresses was corrected from null to its default, true. 
[13Aug2026 02:00:29.732] [modloading-worker-0/DEBUG] [net.minecraftforge.common.ForgeConfigSpec/CORE]: The comment on key client.compressLanIPv6Addresses does not match the spec. This may create a backup.
[13Aug2026 02:00:29.735] [modloading-worker-0/DEBUG] [net.minecraftforge.common.ForgeConfigSpec/CORE]: The comment on key client does not match the spec. This may create a backup.
[13Aug2026 02:00:29.793] [modloading-worker-0/DEBUG] [net.minecraftforge.common.ForgeConfig/FORGEMOD]: Loaded forge config file forge-client.toml
[13Aug2026 02:00:29.794] [modloading-worker-0/DEBUG] [net.minecraftforge.fml.config.ConfigTracker/CONFIG]: Loading configs type COMMON
[13Aug2026 02:00:29.846] [Worker-Main-12/INFO] [UMAPI/]: SampleMod initialised.
[13Aug2026 02:00:30.733] [Worker-Main-10/INFO] [net.minecraft.client.gui.font.providers.UnihexProvider/]: Found unifont_all_no_pua-15.0.06.hex, loading
[13Aug2026 02:00:38.678] [Render thread/DEBUG] [net.minecraftforge.common.ForgeI18n/CORE]: Loading I18N data entries: 6426
[13Aug2026 02:00:38.855] [Render thread/WARN] [net.minecraft.client.sounds.SoundEngine/]: Missing sound for event: minecraft:item.goat_horn.play
[13Aug2026 02:00:38.855] [Render thread/WARN] [net.minecraft.client.sounds.SoundEngine/]: Missing sound for event: minecraft:entity.goat.screaming.horn_break
[13Aug2026 02:00:38.961] [Render thread/INFO] [com.mojang.blaze3d.audio.Library/]: OpenAL initialized on device OpenAL Soft on Headphones (HyperX Cloud III)
[13Aug2026 02:00:38.962] [Render thread/INFO] [net.minecraft.client.sounds.SoundEngine/SOUNDS]: Sound engine started
[13Aug2026 02:00:39.040] [Render thread/INFO] [net.minecraft.client.renderer.texture.TextureAtlas/]: Created: 1024x512x4 minecraft:textures/atlas/blocks.png-atlas
[13Aug2026 02:00:39.045] [Render thread/INFO] [net.minecraft.client.renderer.texture.TextureAtlas/]: Created: 256x256x4 minecraft:textures/atlas/signs.png-atlas
[13Aug2026 02:00:39.046] [Render thread/INFO] [net.minecraft.client.renderer.texture.TextureAtlas/]: Created: 512x512x4 minecraft:textures/atlas/shield_patterns.png-atlas
[13Aug2026 02:00:39.046] [Render thread/INFO] [net.minecraft.client.renderer.texture.TextureAtlas/]: Created: 512x512x4 minecraft:textures/atlas/banner_patterns.png-atlas
[13Aug2026 02:00:39.048] [Render thread/INFO] [net.minecraft.client.renderer.texture.TextureAtlas/]: Created: 1024x1024x4 minecraft:textures/atlas/armor_trims.png-atlas
[13Aug2026 02:00:39.049] [Render thread/INFO] [net.minecraft.client.renderer.texture.TextureAtlas/]: Created: 128x64x4 minecraft:textures/atlas/decorated_pot.png-atlas
[13Aug2026 02:00:39.051] [Render thread/INFO] [net.minecraft.client.renderer.texture.TextureAtlas/]: Created: 256x256x4 minecraft:textures/atlas/chest.png-atlas
[13Aug2026 02:00:39.052] [Render thread/INFO] [net.minecraft.client.renderer.texture.TextureAtlas/]: Created: 512x256x4 minecraft:textures/atlas/shulker_boxes.png-atlas
[13Aug2026 02:00:39.052] [Render thread/INFO] [net.minecraft.client.renderer.texture.TextureAtlas/]: Created: 512x256x4 minecraft:textures/atlas/beds.png-atlas
[13Aug2026 02:00:39.307] [Render thread/WARN] [net.minecraft.client.renderer.ShaderInstance/]: Shader rendertype_entity_translucent_emissive could not find sampler named Sampler2 in the specified shader program.
[13Aug2026 02:00:39.358] [Render thread/INFO] [net.minecraft.client.renderer.texture.TextureAtlas/]: Created: 256x256x0 minecraft:textures/atlas/particles.png-atlas
[13Aug2026 02:00:39.359] [Render thread/INFO] [net.minecraft.client.renderer.texture.TextureAtlas/]: Created: 256x256x0 minecraft:textures/atlas/paintings.png-atlas
[13Aug2026 02:00:39.359] [Render thread/INFO] [net.minecraft.client.renderer.texture.TextureAtlas/]: Created: 128x128x0 minecraft:textures/atlas/mob_effects.png-atlas
[13Aug2026 02:01:14.736] [Render thread/DEBUG] [net.minecraftforge.server.ServerLifecycleHooks/CORE]: Generating PackInfo named mod:umapi for mod file C:\Users\mattw\Documents\Git\UMAPI\platforms\neoforge-1.20.1\build\libs\neoforge-1.20.1-0.0.1.jar
[13Aug2026 02:01:14.736] [Render thread/DEBUG] [net.minecraftforge.server.ServerLifecycleHooks/CORE]: Generating PackInfo named mod:forge for mod file /
[13Aug2026 02:01:14.737] [Render thread/DEBUG] [net.minecraftforge.server.ServerLifecycleHooks/CORE]: Generating PackInfo named mod:samplemod for mod file C:\Users\mattw\Documents\Git\SampleMod\build\resources\main
[13Aug2026 02:01:15.204] [Render thread/DEBUG] [net.minecraftforge.coremod.transformer.CoreModBaseTransformer/COREMOD]: Transforming net/minecraft/server/commands/SummonCommand
[13Aug2026 02:01:15.433] [Worker-Main-4/DEBUG] [net.minecraftforge.coremod.transformer.CoreModBaseTransformer/COREMOD]: Transforming net/minecraft/world/entity/raid/Raid
[13Aug2026 02:01:15.604] [Render thread/INFO] [net.minecraft.world.item.crafting.RecipeManager/]: Loaded 7 recipes
[13Aug2026 02:01:15.696] [Render thread/INFO] [net.minecraft.advancements.AdvancementList/]: Loaded 1271 advancements
[13Aug2026 02:01:17.047] [Render thread/DEBUG] [net.minecraftforge.server.ServerLifecycleHooks/CORE]: Generating PackInfo named mod:umapi for mod file C:\Users\mattw\Documents\Git\UMAPI\platforms\neoforge-1.20.1\build\libs\neoforge-1.20.1-0.0.1.jar
[13Aug2026 02:01:17.048] [Render thread/DEBUG] [net.minecraftforge.server.ServerLifecycleHooks/CORE]: Generating PackInfo named mod:forge for mod file /
[13Aug2026 02:01:17.048] [Render thread/DEBUG] [net.minecraftforge.server.ServerLifecycleHooks/CORE]: Generating PackInfo named mod:samplemod for mod file C:\Users\mattw\Documents\Git\SampleMod\build\resources\main
[13Aug2026 02:01:17.069] [Render thread/DEBUG] [net.minecraftforge.common.ForgeHooks/WP]: Gathering id map for writing to world save New World
[13Aug2026 02:01:17.075] [Render thread/DEBUG] [net.minecraftforge.common.ForgeHooks/WP]: ID Map collection complete New World
[13Aug2026 02:01:17.114] [Server thread/INFO] [net.minecraft.client.server.IntegratedServer/]: Starting integrated minecraft server version 1.20.1
[13Aug2026 02:01:17.114] [Server thread/INFO] [net.minecraft.server.MinecraftServer/]: Generating keypair
[13Aug2026 02:01:17.213] [Server thread/DEBUG] [net.minecraftforge.fml.config.ConfigTracker/CONFIG]: Loading configs type SERVER
[13Aug2026 02:01:17.213] [Server thread/DEBUG] [net.minecraftforge.fml.config.ConfigFileTypeHandler/CONFIG]: Built TOML config for .\saves\New World\serverconfig\forge-server.toml
[13Aug2026 02:01:17.214] [Server thread/DEBUG] [net.minecraftforge.fml.config.ConfigFileTypeHandler/CONFIG]: Loaded TOML config file .\saves\New World\serverconfig\forge-server.toml
[13Aug2026 02:01:17.215] [Server thread/DEBUG] [net.minecraftforge.fml.config.ConfigFileTypeHandler/CONFIG]: Watching TOML config file .\saves\New World\serverconfig\forge-server.toml for changes
[13Aug2026 02:01:17.215] [Server thread/WARN] [net.minecraftforge.common.ForgeConfigSpec/CORE]: Configuration file .\saves\New World\serverconfig\forge-server.toml is not correct. Correcting
[13Aug2026 02:01:17.216] [Server thread/WARN] [net.minecraftforge.common.ForgeConfigSpec/CORE]: Incorrect key server was corrected from null to its default, SimpleCommentedConfig:{}. 
[13Aug2026 02:01:17.216] [Server thread/WARN] [net.minecraftforge.common.ForgeConfigSpec/CORE]: Incorrect key server.removeErroringBlockEntities was corrected from null to its default, false. 
[13Aug2026 02:01:17.216] [Server thread/DEBUG] [net.minecraftforge.common.ForgeConfigSpec/CORE]: The comment on key server.removeErroringBlockEntities does not match the spec. This may create a backup.
[13Aug2026 02:01:17.216] [Server thread/WARN] [net.minecraftforge.common.ForgeConfigSpec/CORE]: Incorrect key server.removeErroringEntities was corrected from null to its default, false. 
[13Aug2026 02:01:17.216] [Server thread/DEBUG] [net.minecraftforge.common.ForgeConfigSpec/CORE]: The comment on key server.removeErroringEntities does not match the spec. This may create a backup.
[13Aug2026 02:01:17.216] [Server thread/WARN] [net.minecraftforge.common.ForgeConfigSpec/CORE]: Incorrect key server.fullBoundingBoxLadders was corrected from null to its default, false. 
[13Aug2026 02:01:17.216] [Server thread/DEBUG] [net.minecraftforge.common.ForgeConfigSpec/CORE]: The comment on key server.fullBoundingBoxLadders does not match the spec. This may create a backup.
[13Aug2026 02:01:17.216] [Server thread/WARN] [net.minecraftforge.common.ForgeConfigSpec/CORE]: Incorrect key server.zombieBaseSummonChance was corrected from null to its default, 0.1. 
[13Aug2026 02:01:17.216] [Server thread/DEBUG] [net.minecraftforge.common.ForgeConfigSpec/CORE]: The comment on key server.zombieBaseSummonChance does not match the spec. This may create a backup.
[13Aug2026 02:01:17.216] [Server thread/WARN] [net.minecraftforge.common.ForgeConfigSpec/CORE]: Incorrect key server.zombieBabyChance was corrected from null to its default, 0.05. 
[13Aug2026 02:01:17.216] [Server thread/DEBUG] [net.minecraftforge.common.ForgeConfigSpec/CORE]: The comment on key server.zombieBabyChance does not match the spec. This may create a backup.
[13Aug2026 02:01:17.216] [Server thread/WARN] [net.minecraftforge.common.ForgeConfigSpec/CORE]: Incorrect key server.permissionHandler was corrected from null to its default, forge:default_handler. 
[13Aug2026 02:01:17.218] [Server thread/DEBUG] [net.minecraftforge.common.ForgeConfigSpec/CORE]: The comment on key server.permissionHandler does not match the spec. This may create a backup.
[13Aug2026 02:01:17.218] [Server thread/WARN] [net.minecraftforge.common.ForgeConfigSpec/CORE]: Incorrect key server.advertiseDedicatedServerToLan was corrected from null to its default, true. 
[13Aug2026 02:01:17.218] [Server thread/DEBUG] [net.minecraftforge.common.ForgeConfigSpec/CORE]: The comment on key server.advertiseDedicatedServerToLan does not match the spec. This may create a backup.
[13Aug2026 02:01:17.218] [Server thread/DEBUG] [net.minecraftforge.common.ForgeConfigSpec/CORE]: The comment on key server does not match the spec. This may create a backup.
[13Aug2026 02:01:17.219] [Server thread/DEBUG] [net.minecraftforge.common.ForgeConfig/FORGEMOD]: Loaded forge config file forge-server.toml
[13Aug2026 02:01:17.275] [Server thread/DEBUG] [net.minecraftforge.coremod.transformer.CoreModBaseTransformer/COREMOD]: Transforming net/minecraft/world/level/levelgen/PhantomSpawner
[13Aug2026 02:01:17.277] [Server thread/DEBUG] [net.minecraftforge.coremod.transformer.CoreModBaseTransformer/COREMOD]: Transforming net/minecraft/world/level/levelgen/PatrolSpawner
[13Aug2026 02:01:17.281] [Server thread/DEBUG] [net.minecraftforge.coremod.transformer.CoreModBaseTransformer/COREMOD]: Transforming net/minecraft/world/entity/npc/CatSpawner
[13Aug2026 02:01:17.283] [Server thread/DEBUG] [net.minecraftforge.coremod.transformer.CoreModBaseTransformer/COREMOD]: Transforming net/minecraft/world/entity/ai/village/VillageSiege
[13Aug2026 02:01:18.620] [Worker-Main-4/DEBUG] [net.minecraftforge.coremod.transformer.CoreModBaseTransformer/COREMOD]: Transforming net/minecraft/world/level/levelgen/structure/templatesystem/StructureTemplate
[13Aug2026 02:01:19.731] [Worker-Main-2/DEBUG] [net.minecraftforge.coremod.transformer.CoreModBaseTransformer/COREMOD]: Transforming net/minecraft/world/level/NaturalSpawner
[13Aug2026 02:01:19.825] [Server thread/INFO] [net.minecraft.server.MinecraftServer/]: Preparing start region for dimension minecraft:overworld
[13Aug2026 02:01:20.406] [Render thread/INFO] [net.minecraft.server.level.progress.LoggerChunkProgressListener/]: Preparing spawn area: 0%
[13Aug2026 02:01:20.406] [Render thread/INFO] [net.minecraft.server.level.progress.LoggerChunkProgressListener/]: Preparing spawn area: 0%
[13Aug2026 02:01:20.846] [Render thread/INFO] [net.minecraft.server.level.progress.LoggerChunkProgressListener/]: Preparing spawn area: 0%
[13Aug2026 02:01:21.343] [Render thread/INFO] [net.minecraft.server.level.progress.LoggerChunkProgressListener/]: Preparing spawn area: 1%
[13Aug2026 02:01:21.834] [Render thread/INFO] [net.minecraft.server.level.progress.LoggerChunkProgressListener/]: Preparing spawn area: 3%
[13Aug2026 02:01:22.045] [Worker-Main-5/DEBUG] [io.netty.util.internal.InternalThreadLocalMap/]: -Dio.netty.threadLocalMap.stringBuilder.initialSize: 1024
[13Aug2026 02:01:22.045] [Worker-Main-5/DEBUG] [io.netty.util.internal.InternalThreadLocalMap/]: -Dio.netty.threadLocalMap.stringBuilder.maxSize: 4096
[13Aug2026 02:01:22.045] [Worker-Main-5/DEBUG] [io.netty.util.internal.ThreadLocalRandom/]: -Dio.netty.initialSeedUniquifier: 0x4024c73e06dfd111
[13Aug2026 02:01:22.341] [Render thread/INFO] [net.minecraft.server.level.progress.LoggerChunkProgressListener/]: Preparing spawn area: 5%
[13Aug2026 02:01:22.844] [Render thread/INFO] [net.minecraft.server.level.progress.LoggerChunkProgressListener/]: Preparing spawn area: 9%
[13Aug2026 02:01:23.332] [Render thread/INFO] [net.minecraft.server.level.progress.LoggerChunkProgressListener/]: Preparing spawn area: 12%
[13Aug2026 02:01:23.844] [Render thread/INFO] [net.minecraft.server.level.progress.LoggerChunkProgressListener/]: Preparing spawn area: 18%
[13Aug2026 02:01:24.346] [Render thread/INFO] [net.minecraft.server.level.progress.LoggerChunkProgressListener/]: Preparing spawn area: 24%
[13Aug2026 02:01:24.840] [Render thread/INFO] [net.minecraft.server.level.progress.LoggerChunkProgressListener/]: Preparing spawn area: 28%
[13Aug2026 02:01:25.332] [Render thread/INFO] [net.minecraft.server.level.progress.LoggerChunkProgressListener/]: Preparing spawn area: 33%
[13Aug2026 02:01:25.839] [Render thread/INFO] [net.minecraft.server.level.progress.LoggerChunkProgressListener/]: Preparing spawn area: 39%
[13Aug2026 02:01:26.333] [Render thread/INFO] [net.minecraft.server.level.progress.LoggerChunkProgressListener/]: Preparing spawn area: 44%
[13Aug2026 02:01:26.834] [Render thread/INFO] [net.minecraft.server.level.progress.LoggerChunkProgressListener/]: Preparing spawn area: 51%
[13Aug2026 02:01:27.338] [Render thread/INFO] [net.minecraft.server.level.progress.LoggerChunkProgressListener/]: Preparing spawn area: 56%
[13Aug2026 02:01:27.832] [Render thread/INFO] [net.minecraft.server.level.progress.LoggerChunkProgressListener/]: Preparing spawn area: 61%
[13Aug2026 02:01:28.334] [Render thread/INFO] [net.minecraft.server.level.progress.LoggerChunkProgressListener/]: Preparing spawn area: 68%
[13Aug2026 02:01:28.835] [Render thread/INFO] [net.minecraft.server.level.progress.LoggerChunkProgressListener/]: Preparing spawn area: 72%
[13Aug2026 02:01:29.344] [Render thread/INFO] [net.minecraft.server.level.progress.LoggerChunkProgressListener/]: Preparing spawn area: 79%
[13Aug2026 02:01:29.830] [Render thread/INFO] [net.minecraft.server.level.progress.LoggerChunkProgressListener/]: Preparing spawn area: 83%
[13Aug2026 02:01:30.334] [Render thread/INFO] [net.minecraft.server.level.progress.LoggerChunkProgressListener/]: Preparing spawn area: 88%
[13Aug2026 02:01:30.832] [Render thread/INFO] [net.minecraft.server.level.progress.LoggerChunkProgressListener/]: Preparing spawn area: 95%
[13Aug2026 02:01:31.073] [Server thread/INFO] [net.minecraftforge.server.permission.PermissionAPI/]: Successfully initialized permission handler forge:default_handler
[13Aug2026 02:01:31.076] [Render thread/INFO] [net.minecraft.server.level.progress.LoggerChunkProgressListener/]: Time elapsed: 11248 ms
[13Aug2026 02:01:31.105] [Server thread/DEBUG] [io.netty.buffer.AbstractByteBuf/]: -Dio.netty.buffer.checkAccessible: true
[13Aug2026 02:01:31.105] [Server thread/DEBUG] [io.netty.buffer.AbstractByteBuf/]: -Dio.netty.buffer.checkBounds: true
[13Aug2026 02:01:31.106] [Server thread/DEBUG] [io.netty.util.ResourceLeakDetectorFactory/]: Loaded default ResourceLeakDetector: io.netty.util.ResourceLeakDetector@5e4876f1
[13Aug2026 02:01:31.165] [Server thread/INFO] [net.minecraft.client.server.IntegratedServer/]: Changing view distance to 12, from 10
[13Aug2026 02:01:31.166] [Server thread/INFO] [net.minecraft.client.server.IntegratedServer/]: Changing simulation distance to 12, from 0
[13Aug2026 02:01:31.184] [Render thread/DEBUG] [io.netty.channel.MultithreadEventLoopGroup/]: -Dio.netty.eventLoopThreads: 32
[13Aug2026 02:01:31.233] [Render thread/DEBUG] [io.netty.channel.nio.NioEventLoop/]: -Dio.netty.noKeySetOptimization: false
[13Aug2026 02:01:31.233] [Render thread/DEBUG] [io.netty.channel.nio.NioEventLoop/]: -Dio.netty.selectorAutoRebuildThreshold: 512
[13Aug2026 02:01:31.240] [Render thread/DEBUG] [io.netty.util.internal.PlatformDependent/]: org.jctools-core.MpscChunkedArrayQueue: available
[13Aug2026 02:01:31.299] [Render thread/DEBUG] [io.netty.channel.DefaultChannelId/]: -Dio.netty.processId: 21452 (auto-detected)
[13Aug2026 02:01:31.305] [Render thread/WARN] [io.netty.util.internal.SystemPropertyUtil/]: Unable to parse the boolean system property 'java.net.preferIPv6Addresses':system - using the default value: false
[13Aug2026 02:01:31.306] [Render thread/DEBUG] [io.netty.util.NetUtil/]: -Djava.net.preferIPv4Stack: false
[13Aug2026 02:01:31.306] [Render thread/DEBUG] [io.netty.util.NetUtil/]: -Djava.net.preferIPv6Addresses: false
[13Aug2026 02:01:31.326] [Render thread/DEBUG] [io.netty.util.NetUtilInitializations/]: Loopback interface: lo (Software Loopback Interface 1, 127.0.0.1)
[13Aug2026 02:01:31.330] [Render thread/DEBUG] [io.netty.util.NetUtil/]: Failed to get SOMAXCONN from sysctl and file \proc\sys\net\core\somaxconn. Default: 200
[13Aug2026 02:01:31.357] [Render thread/DEBUG] [io.netty.channel.DefaultChannelId/]: -Dio.netty.machineId: 04:ec:d8:ff:fe:6e:ac:76 (auto-detected)
[13Aug2026 02:01:31.421] [Render thread/DEBUG] [io.netty.buffer.PooledByteBufAllocator/]: -Dio.netty.allocator.numHeapArenas: 32
[13Aug2026 02:01:31.421] [Render thread/DEBUG] [io.netty.buffer.PooledByteBufAllocator/]: -Dio.netty.allocator.numDirectArenas: 32
[13Aug2026 02:01:31.421] [Render thread/DEBUG] [io.netty.buffer.PooledByteBufAllocator/]: -Dio.netty.allocator.pageSize: 8192
[13Aug2026 02:01:31.421] [Render thread/DEBUG] [io.netty.buffer.PooledByteBufAllocator/]: -Dio.netty.allocator.maxOrder: 9
[13Aug2026 02:01:31.421] [Render thread/DEBUG] [io.netty.buffer.PooledByteBufAllocator/]: -Dio.netty.allocator.chunkSize: 4194304
[13Aug2026 02:01:31.421] [Render thread/DEBUG] [io.netty.buffer.PooledByteBufAllocator/]: -Dio.netty.allocator.smallCacheSize: 256
[13Aug2026 02:01:31.421] [Render thread/DEBUG] [io.netty.buffer.PooledByteBufAllocator/]: -Dio.netty.allocator.normalCacheSize: 64
[13Aug2026 02:01:31.421] [Render thread/DEBUG] [io.netty.buffer.PooledByteBufAllocator/]: -Dio.netty.allocator.maxCachedBufferCapacity: 32768
[13Aug2026 02:01:31.421] [Render thread/DEBUG] [io.netty.buffer.PooledByteBufAllocator/]: -Dio.netty.allocator.cacheTrimInterval: 8192
[13Aug2026 02:01:31.421] [Render thread/DEBUG] [io.netty.buffer.PooledByteBufAllocator/]: -Dio.netty.allocator.cacheTrimIntervalMillis: 0
[13Aug2026 02:01:31.421] [Render thread/DEBUG] [io.netty.buffer.PooledByteBufAllocator/]: -Dio.netty.allocator.useCacheForAllThreads: false
[13Aug2026 02:01:31.421] [Render thread/DEBUG] [io.netty.buffer.PooledByteBufAllocator/]: -Dio.netty.allocator.maxCachedByteBuffersPerChunk: 1023
[13Aug2026 02:01:31.453] [Render thread/DEBUG] [io.netty.buffer.ByteBufUtil/]: -Dio.netty.allocator.type: pooled
[13Aug2026 02:01:31.453] [Render thread/DEBUG] [io.netty.buffer.ByteBufUtil/]: -Dio.netty.threadLocalDirectBufferSize: 0
[13Aug2026 02:01:31.453] [Render thread/DEBUG] [io.netty.buffer.ByteBufUtil/]: -Dio.netty.maxThreadLocalCharBufferSize: 16384
[13Aug2026 02:01:31.496] [Netty Local Client IO #0/DEBUG] [net.minecraftforge.network.HandshakeHandler/FMLHANDSHAKE]: Starting local connection.
[13Aug2026 02:01:31.729] [Netty Local Client IO #0/DEBUG] [io.netty.util.Recycler/]: -Dio.netty.recycler.maxCapacityPerThread: 4096
[13Aug2026 02:01:31.729] [Netty Local Client IO #0/DEBUG] [io.netty.util.Recycler/]: -Dio.netty.recycler.ratio: 8
[13Aug2026 02:01:31.729] [Netty Local Client IO #0/DEBUG] [io.netty.util.Recycler/]: -Dio.netty.recycler.chunkSize: 32
[13Aug2026 02:01:31.730] [Netty Local Client IO #0/DEBUG] [io.netty.util.Recycler/]: -Dio.netty.recycler.blocking: false
[13Aug2026 02:01:31.747] [Netty Server IO #1/DEBUG] [net.minecraftforge.network.HandshakeHandler/FMLHANDSHAKE]: Starting local connection.
[13Aug2026 02:01:31.783] [Server thread/DEBUG] [net.minecraftforge.network.HandshakeHandler/FMLHANDSHAKE]: Sending ticking packet info 'net.minecraftforge.network.HandshakeMessages$S2CModData' to 'fml:handshake' sequence 0
[13Aug2026 02:01:31.793] [Netty Local Client IO #0/DEBUG] [net.minecraftforge.network.LoginWrapper/FMLHANDSHAKE]: Recieved login wrapper packet event for channel fml:handshake with index 0
[13Aug2026 02:01:31.867] [Server thread/DEBUG] [net.minecraftforge.network.HandshakeHandler/FMLHANDSHAKE]: Sending ticking packet info 'net.minecraftforge.network.HandshakeMessages$S2CModList' to 'fml:handshake' sequence 1
[13Aug2026 02:01:31.868] [Netty Local Client IO #0/DEBUG] [net.minecraftforge.network.LoginWrapper/FMLHANDSHAKE]: Recieved login wrapper packet event for channel fml:handshake with index 1
[13Aug2026 02:01:31.869] [Netty Local Client IO #0/DEBUG] [net.minecraftforge.network.HandshakeHandler/FMLHANDSHAKE]: Logging into server with mod list [minecraft, umapi, forge, samplemod]
[13Aug2026 02:01:31.872] [Netty Local Client IO #0/DEBUG] [net.minecraftforge.network.NetworkRegistry/NETREGISTRY]: Channel 'fml:loginwrapper' : Version test of 'FML3' from server : ACCEPTED
[13Aug2026 02:01:31.872] [Netty Local Client IO #0/DEBUG] [net.minecraftforge.network.NetworkRegistry/NETREGISTRY]: Channel 'forge:tier_sorting' : Version test of '1.0' from server : ACCEPTED
[13Aug2026 02:01:31.872] [Netty Local Client IO #0/DEBUG] [net.minecraftforge.network.NetworkRegistry/NETREGISTRY]: Channel 'fml:handshake' : Version test of 'FML3' from server : ACCEPTED
[13Aug2026 02:01:31.873] [Netty Local Client IO #0/DEBUG] [net.minecraftforge.network.NetworkRegistry/NETREGISTRY]: Channel 'minecraft:unregister' : Version test of 'FML3' from server : ACCEPTED
[13Aug2026 02:01:31.873] [Netty Local Client IO #0/DEBUG] [net.minecraftforge.network.NetworkRegistry/NETREGISTRY]: Channel 'fml:play' : Version test of 'FML3' from server : ACCEPTED
[13Aug2026 02:01:31.873] [Netty Local Client IO #0/DEBUG] [net.minecraftforge.network.NetworkRegistry/NETREGISTRY]: Channel 'minecraft:register' : Version test of 'FML3' from server : ACCEPTED
[13Aug2026 02:01:31.873] [Netty Local Client IO #0/DEBUG] [net.minecraftforge.network.NetworkRegistry/NETREGISTRY]: Channel 'forge:split' : Version test of '1.1' from server : ACCEPTED
[13Aug2026 02:01:31.873] [Netty Local Client IO #0/DEBUG] [net.minecraftforge.network.NetworkRegistry/NETREGISTRY]: Accepting channel list from server
[13Aug2026 02:01:31.875] [Netty Local Client IO #0/DEBUG] [net.minecraftforge.network.LoginWrapper/FMLHANDSHAKE]: Dispatching wrapped packet reply for channel fml:handshake with index 1
[13Aug2026 02:01:31.875] [Netty Local Client IO #0/DEBUG] [net.minecraftforge.network.HandshakeHandler/FMLHANDSHAKE]: Accepted server connection
[13Aug2026 02:01:31.875] [Netty Server IO #1/DEBUG] [net.minecraftforge.network.LoginWrapper/FMLHANDSHAKE]: Recieved login wrapper packet event for channel fml:handshake with index 1
[13Aug2026 02:01:31.876] [Netty Server IO #1/DEBUG] [net.minecraftforge.network.HandshakeHandler/FMLHANDSHAKE]: Received client indexed reply 1 of type net.minecraftforge.network.HandshakeMessages$C2SModListReply
[13Aug2026 02:01:31.876] [Netty Server IO #1/DEBUG] [net.minecraftforge.network.HandshakeHandler/FMLHANDSHAKE]: Received client connection with modlist [minecraft, umapi, forge, samplemod]
[13Aug2026 02:01:31.877] [Netty Server IO #1/DEBUG] [net.minecraftforge.network.NetworkRegistry/NETREGISTRY]: Channel 'fml:loginwrapper' : Version test of 'FML3' from client : ACCEPTED
[13Aug2026 02:01:31.877] [Netty Server IO #1/DEBUG] [net.minecraftforge.network.NetworkRegistry/NETREGISTRY]: Channel 'forge:tier_sorting' : Version test of '1.0' from client : ACCEPTED
[13Aug2026 02:01:31.877] [Netty Server IO #1/DEBUG] [net.minecraftforge.network.NetworkRegistry/NETREGISTRY]: Channel 'fml:handshake' : Version test of 'FML3' from client : ACCEPTED
[13Aug2026 02:01:31.877] [Netty Server IO #1/DEBUG] [net.minecraftforge.network.NetworkRegistry/NETREGISTRY]: Channel 'minecraft:unregister' : Version test of 'FML3' from client : ACCEPTED
[13Aug2026 02:01:31.877] [Netty Server IO #1/DEBUG] [net.minecraftforge.network.NetworkRegistry/NETREGISTRY]: Channel 'fml:play' : Version test of 'FML3' from client : ACCEPTED
[13Aug2026 02:01:31.877] [Netty Server IO #1/DEBUG] [net.minecraftforge.network.NetworkRegistry/NETREGISTRY]: Channel 'minecraft:register' : Version test of 'FML3' from client : ACCEPTED
[13Aug2026 02:01:31.877] [Netty Server IO #1/DEBUG] [net.minecraftforge.network.NetworkRegistry/NETREGISTRY]: Channel 'forge:split' : Version test of '1.1' from client : ACCEPTED
[13Aug2026 02:01:31.877] [Netty Server IO #1/DEBUG] [net.minecraftforge.network.NetworkRegistry/NETREGISTRY]: Accepting channel list from client
[13Aug2026 02:01:31.878] [Netty Server IO #1/DEBUG] [net.minecraftforge.network.HandshakeHandler/FMLHANDSHAKE]: Accepted client connection mod list
[13Aug2026 02:01:31.912] [Server thread/DEBUG] [net.minecraftforge.network.HandshakeHandler/FMLHANDSHAKE]: Sending ticking packet info 'Config forge-server.toml' to 'fml:handshake' sequence 2
[13Aug2026 02:01:31.912] [Netty Local Client IO #0/DEBUG] [net.minecraftforge.network.LoginWrapper/FMLHANDSHAKE]: Recieved login wrapper packet event for channel fml:handshake with index 2
[13Aug2026 02:01:31.912] [Netty Local Client IO #0/DEBUG] [net.minecraftforge.network.HandshakeHandler/FMLHANDSHAKE]: Received config sync from server
[13Aug2026 02:01:31.912] [Netty Local Client IO #0/DEBUG] [net.minecraftforge.network.LoginWrapper/FMLHANDSHAKE]: Dispatching wrapped packet reply for channel fml:handshake with index 2
[13Aug2026 02:01:31.912] [Netty Server IO #1/DEBUG] [net.minecraftforge.network.LoginWrapper/FMLHANDSHAKE]: Recieved login wrapper packet event for channel fml:handshake with index 2
[13Aug2026 02:01:31.913] [Netty Server IO #1/DEBUG] [net.minecraftforge.network.HandshakeHandler/FMLHANDSHAKE]: Received client indexed reply 2 of type net.minecraftforge.network.HandshakeMessages$C2SAcknowledge
[13Aug2026 02:01:31.913] [Netty Server IO #1/DEBUG] [net.minecraftforge.network.HandshakeHandler/FMLHANDSHAKE]: Received acknowledgement from client
[13Aug2026 02:01:31.935] [Server thread/DEBUG] [net.minecraftforge.network.HandshakeHandler/FMLHANDSHAKE]: Handshake complete!
[13Aug2026 02:01:31.973] [Netty Local Client IO #0/INFO] [net.minecraftforge.network.NetworkHooks/]: Connected to a modded server.
[13Aug2026 02:01:32.039] [Server thread/INFO] [net.minecraft.server.players.PlayerList/]: Dev[local:E:21bf239a] logged in with entity id 464 at (6.5, 71.0, -2.5)
[13Aug2026 02:01:32.112] [Server thread/INFO] [net.minecraft.server.MinecraftServer/]: Dev joined the game
[13Aug2026 02:01:32.227] [Server thread/INFO] [UMAPI/]: Welcoming Dev.
[13Aug2026 02:01:32.539] [Render thread/INFO] [net.minecraft.client.gui.components.ChatComponent/]: [System] [CHAT] Welcome, Dev!
[13Aug2026 02:01:32.900] [Render thread/INFO] [net.minecraft.advancements.AdvancementList/]: Loaded 2 advancements
[13Aug2026 02:01:33.318] [Server thread/INFO] [net.minecraft.client.server.IntegratedServer/]: Saving and pausing game...
[13Aug2026 02:01:33.448] [Server thread/INFO] [net.minecraft.server.MinecraftServer/]: Saving chunks for level 'ServerLevel[New World]'/minecraft:overworld
[13Aug2026 02:01:35.174] [Server thread/INFO] [net.minecraft.server.MinecraftServer/]: Saving chunks for level 'ServerLevel[New World]'/minecraft:the_end
[13Aug2026 02:01:35.200] [Server thread/INFO] [net.minecraft.server.MinecraftServer/]: Saving chunks for level 'ServerLevel[New World]'/minecraft:the_nether
[13Aug2026 02:01:35.206] [Server thread/DEBUG] [net.minecraftforge.common.ForgeHooks/WP]: Gathering id map for writing to world save New World
[13Aug2026 02:01:35.211] [Server thread/DEBUG] [net.minecraftforge.common.ForgeHooks/WP]: ID Map collection complete New World
[13Aug2026 02:01:35.224] [Server thread/WARN] [net.minecraft.server.MinecraftServer/]: Can't keep up! Is the server overloaded? Running 2152ms or 43 ticks behind
[13Aug2026 02:05:29.727] [Render thread/INFO] [net.minecraft.advancements.AdvancementList/]: Loaded 11 advancements
[13Aug2026 02:05:40.372] [Server thread/INFO] [net.minecraft.client.server.IntegratedServer/]: Saving and pausing game...
[13Aug2026 02:05:40.377] [Server thread/INFO] [net.minecraft.server.MinecraftServer/]: Saving chunks for level 'ServerLevel[New World]'/minecraft:overworld
[13Aug2026 02:05:40.384] [Server thread/INFO] [net.minecraft.server.MinecraftServer/]: Saving chunks for level 'ServerLevel[New World]'/minecraft:the_end
[13Aug2026 02:05:40.386] [Server thread/INFO] [net.minecraft.server.MinecraftServer/]: Saving chunks for level 'ServerLevel[New World]'/minecraft:the_nether
[13Aug2026 02:05:40.386] [Server thread/DEBUG] [net.minecraftforge.common.ForgeHooks/WP]: Gathering id map for writing to world save New World
[13Aug2026 02:05:40.389] [Server thread/DEBUG] [net.minecraftforge.common.ForgeHooks/WP]: ID Map collection complete New World
[13Aug2026 02:06:05.379] [Server thread/INFO] [net.minecraft.server.MinecraftServer/]: Dev drowned
[13Aug2026 02:06:05.383] [Render thread/INFO] [net.minecraft.client.gui.components.ChatComponent/]: [System] [CHAT] Dev drowned
[13Aug2026 02:06:16.623] [Server thread/INFO] [net.minecraft.client.server.IntegratedServer/]: Saving and pausing game...
[13Aug2026 02:06:16.630] [Server thread/INFO] [net.minecraft.server.MinecraftServer/]: Saving chunks for level 'ServerLevel[New World]'/minecraft:overworld
[13Aug2026 02:06:16.639] [Server thread/INFO] [net.minecraft.server.MinecraftServer/]: Saving chunks for level 'ServerLevel[New World]'/minecraft:the_end
[13Aug2026 02:06:16.641] [Server thread/INFO] [net.minecraft.server.MinecraftServer/]: Saving chunks for level 'ServerLevel[New World]'/minecraft:the_nether
[13Aug2026 02:06:16.643] [Server thread/DEBUG] [net.minecraftforge.common.ForgeHooks/WP]: Gathering id map for writing to world save New World
[13Aug2026 02:06:16.645] [Server thread/DEBUG] [net.minecraftforge.common.ForgeHooks/WP]: ID Map collection complete New World
[13Aug2026 02:06:17.081] [Server thread/INFO] [net.minecraft.server.network.ServerGamePacketListenerImpl/]: Dev lost connection: Disconnected
[13Aug2026 02:06:17.081] [Server thread/INFO] [net.minecraft.server.MinecraftServer/]: Dev left the game
[13Aug2026 02:06:17.089] [Server thread/INFO] [net.minecraft.server.network.ServerGamePacketListenerImpl/]: Stopping singleplayer server as player logged out
[13Aug2026 02:06:17.128] [Server thread/INFO] [net.minecraft.server.MinecraftServer/]: Stopping server
[13Aug2026 02:06:17.129] [Server thread/INFO] [net.minecraft.server.MinecraftServer/]: Saving players
[13Aug2026 02:06:17.129] [Server thread/INFO] [net.minecraft.server.MinecraftServer/]: Saving worlds
[13Aug2026 02:06:17.477] [Server thread/INFO] [net.minecraft.server.MinecraftServer/]: Saving chunks for level 'ServerLevel[New World]'/minecraft:overworld
[13Aug2026 02:06:21.351] [Server thread/INFO] [net.minecraft.server.MinecraftServer/]: Saving chunks for level 'ServerLevel[New World]'/minecraft:the_end
[13Aug2026 02:06:21.353] [Server thread/INFO] [net.minecraft.server.MinecraftServer/]: Saving chunks for level 'ServerLevel[New World]'/minecraft:the_nether
[13Aug2026 02:06:21.356] [Server thread/DEBUG] [net.minecraftforge.common.ForgeHooks/WP]: Gathering id map for writing to world save New World
[13Aug2026 02:06:21.360] [Server thread/DEBUG] [net.minecraftforge.common.ForgeHooks/WP]: ID Map collection complete New World
[13Aug2026 02:06:21.371] [Server thread/INFO] [net.minecraft.server.MinecraftServer/]: ThreadedAnvilChunkStorage (New World): All chunks are saved
[13Aug2026 02:06:21.372] [Server thread/INFO] [net.minecraft.server.MinecraftServer/]: ThreadedAnvilChunkStorage (DIM1): All chunks are saved
[13Aug2026 02:06:21.372] [Server thread/INFO] [net.minecraft.server.MinecraftServer/]: ThreadedAnvilChunkStorage (DIM-1): All chunks are saved
[13Aug2026 02:06:21.372] [Server thread/INFO] [net.minecraft.server.MinecraftServer/]: ThreadedAnvilChunkStorage: All dimensions are saved
[13Aug2026 02:06:21.687] [Server thread/DEBUG] [net.minecraftforge.fml.config.ConfigTracker/CONFIG]: Unloading configs type SERVER
[13Aug2026 02:06:38.710] [Render thread/INFO] [net.minecraft.client.Minecraft/]: Stopping!
